year,plot,tag,trt,clipping_exp,rosetteL,rosetteW,psurvival,psurvivalT1,pflower,pflowerT1,ros.area,ros.areaT1,log.ros.area,log.ros.areaT1,flow.sum,flow.sumT1,total.seeds,total.seedsT1,percapseeds,life_st
2017,1,1,irrigated,NA,6.5,1.5,1,1,0,0,7.657632093,15.70796327,2.03570281,2.754167798,0,0,NA,NA,NA,V
2018,1,1,irrigated,NA,8,2.5,1,1,0,0,15.70796327,15.31526419,2.754167798,2.72884999,0,0,NA,NA,NA,V
2019,1,1,irrigated,NA,6.5,3,1,NA,0,NA,15.31526419,NA,2.72884999,NA,0,0,NA,NA,NA,V
2020,1,1,irrigated,NA,NA,NA,NA,0,NA,0,NA,NA,NA,NA,0,0,NA,NA,NA,NA
2021,1,1,irrigated,NA,NA,NA,0,0,0,0,NA,NA,NA,NA,0,0,NA,NA,NA,U
2022,1,1,irrigated,NA,NA,NA,0,NA,0,NA,NA,NA,NA,NA,0,NA,NA,NA,NA,U
2023,3,10,control,NA,6,6,1,NA,0,NA,28.27433388,NA,3.341954463,NA,0,NA,NA,NA,NA,V
2018,2,1002,control,NA,7,5,1,1,0,0,27.48893572,16.49336143,3.313783586,2.802957962,0,0,NA,NA,NA,V
2019,2,1002,control,NA,7,3,1,NA,0,NA,16.49336143,NA,2.802957962,NA,0,0,NA,NA,NA,V
2020,2,1002,control,NA,NA,NA,NA,NA,NA,NA,NA,NA,NA,NA,0,0,NA,NA,NA,NA
2021,2,1002,control,NA,NA,NA,NA,NA,NA,NA,NA,NA,NA,NA,0,0,NA,NA,NA,NA
2022,2,1002,control,NA,NA,NA,NA,1,NA,0,NA,70.68583471,NA,4.258245195,0,0,NA,NA,NA,NA
2023,2,1002,control,NA,9,10,1,NA,0,NA,70.68583471,NA,4.258245195,NA,0,NA,NA,NA,NA,V
2018,6,1006,irrigated,NA,13,6,1,1,0,0,61.26105675,98.96016859,4.115144351,4.594717432,0,0,NA,NA,NA,V
2019,6,1006,irrigated,NA,12,10.5,1,NA,0,NA,98.96016859,NA,4.594717432,NA,0,0,NA,NA,NA,V
2020,6,1006,irrigated,NA,NA,NA,NA,1,NA,0,NA,42.41150082,NA,3.747419571,0,0,NA,NA,NA,NA
2021,6,1006,irrigated,NA,9,6,1,1,0,0,42.41150082,58.90486225,3.747419571,4.075923638,0,0,NA,NA,NA,V
2022,6,1006,irrigated,NA,12.5,6,1,1,0,0,58.90486225,51.83627878,4.075923638,3.948090267,0,0,NA,NA,NA,V
2023,6,1006,irrigated,NA,11,6,1,NA,0,NA,51.83627878,NA,3.948090267,NA,0,NA,NA,NA,NA,V
2018,15,1007,drought,NA,7,5.5,1,1,0,0,30.23782929,38.48451001,3.409093766,3.650255823,0,0,NA,NA,NA,V
2019,15,1007,drought,NA,7,7,1,1,0,0,38.48451001,20.42035225,3.650255823,3.016532063,0,0,NA,NA,NA,V
2020,15,1007,drought,NA,6.5,4,1,1,0,0,20.42035225,16.49336143,3.016532063,2.802957962,0,0,NA,NA,NA,V
2021,15,1007,drought,NA,7,3,1,1,0,0,16.49336143,56.54866776,2.802957962,4.035101644,0,0,NA,NA,NA,V
2022,15,1007,drought,NA,8,9,1,1,0,0,56.54866776,60.47565858,4.035101644,4.102240947,0,0,NA,NA,NA,V
2023,15,1007,drought,NA,11,7,1,NA,0,NA,60.47565858,NA,4.102240947,NA,0,NA,NA,NA,NA,V
2019,5,1012,drought,NA,9.5,5,1,1,0,0,37.30641276,7.068583471,3.619165236,1.955660102,0,0,NA,NA,NA,V
2020,5,1012,drought,NA,4.5,2,1,1,0,0,7.068583471,19.63495408,1.955660102,2.97731135,0,0,NA,NA,NA,V
2021,5,1012,drought,NA,5,5,1,1,0,0,19.63495408,43.98229715,2.97731135,3.783787215,0,0,NA,NA,NA,V
2022,5,1012,drought,NA,8,7,1,1,0,0,43.98229715,106.0287521,3.783787215,4.663710303,0,0,NA,NA,NA,V
2023,5,1012,drought,NA,15,9,1,NA,0,NA,106.0287521,NA,4.663710303,NA,0,NA,NA,NA,NA,V
2018,7,1016,drought,NA,8.5,4,1,1,0,0,26.70353756,60.0829595,3.284796049,4.095726266,0,0,NA,NA,NA,V
2019,7,1016,drought,NA,9,8.5,1,1,0,0,60.0829595,17.86780822,4.095726266,2.88300067,0,0,NA,NA,NA,V
2020,7,1016,drought,NA,6.5,3.5,1,1,0,0,17.86780822,0.981747704,2.88300067,-0.018420924,0,0,NA,NA,NA,V
2021,7,1016,drought,NA,0.5,2.5,1,1,0,0,0.981747704,31.41592654,-0.018420924,3.447314979,0,0,NA,NA,NA,V
2022,7,1016,drought,NA,8,5,1,1,0,0,31.41592654,30.63052837,3.447314979,3.421997171,0,0,NA,NA,NA,V
2023,7,1016,drought,NA,6,6.5,1,NA,0,NA,30.63052837,NA,3.421997171,NA,0,NA,NA,NA,NA,V
2018,7,1020,drought,NA,8.5,6,1,1,0,0,40.05530633,20.61670179,3.690261157,3.026101514,0,0,NA,NA,NA,V
2019,7,1020,drought,NA,7.5,3.5,1,0,0,0,20.61670179,NA,3.026101514,NA,0,0,NA,NA,NA,V
2020,7,1020,drought,NA,NA,NA,0,0,0,0,NA,NA,NA,NA,0,0,NA,NA,NA,dead
2021,7,1020,drought,NA,NA,NA,0,0,0,0,NA,NA,NA,NA,0,0,NA,NA,NA,dead
2022,7,1020,drought,NA,NA,NA,0,NA,0,NA,NA,NA,NA,NA,0,NA,NA,NA,NA,dead
2018,6,1021,irrigated,NA,13,3,1,1,1,0,30.63052837,32.98672286,3.421997171,3.496105143,5,0,NA,NA,NA,F
2019,6,1021,irrigated,NA,10.5,4,1,NA,0,NA,32.98672286,NA,3.496105143,NA,0,0,NA,NA,NA,V
2020,6,1021,irrigated,NA,NA,NA,NA,1,NA,0,NA,98.96016859,NA,4.594717432,0,0,NA,NA,NA,NA
2021,6,1021,irrigated,NA,14,9,1,1,0,1,98.96016859,94.24777961,4.594717432,4.545927268,0,7,NA,123,NA,V
2022,6,1021,irrigated,NA,12,10,1,1,1,1,94.24777961,153.93804,4.545927268,5.036550184,7,6,123,103,17,F
2023,6,1021,irrigated,NA,14,14,1,NA,1,NA,153.93804,NA,5.036550184,NA,6,NA,103,NA,17,F
2019,2,1022,control,NA,4.5,4,1,1,0,0,14.13716694,2.35619449,2.648807283,0.857047813,0,0,NA,NA,NA,V
2020,2,1022,control,NA,2,1.5,1,1,0,0,2.35619449,1.178097245,0.857047813,0.163900633,0,0,NA,NA,NA,V
2021,2,1022,control,NA,3,0.5,1,0,0,0,1.178097245,NA,0.163900633,NA,0,0,NA,NA,NA,V
2022,2,1022,control,NA,NA,NA,0,0,0,0,NA,NA,NA,NA,0,0,NA,NA,NA,dead
2023,2,1022,control,NA,NA,NA,0,NA,0,NA,NA,NA,NA,NA,0,NA,NA,NA,NA,dead
2018,15,1025,drought,NA,8,6,1,1,0,0,37.69911184,33.37942194,3.629636536,3.507939601,0,0,NA,NA,NA,V
2019,15,1025,drought,NA,8.5,5,1,1,0,0,33.37942194,28.27433388,3.507939601,3.341954463,0,0,NA,NA,NA,V
2020,15,1025,drought,NA,9,4,1,1,0,1,28.27433388,18.84955592,3.341954463,2.936489355,0,4,NA,NA,NA,V
2021,15,1025,drought,1,6,4,1,1,1,0,18.84955592,27.48893572,2.936489355,3.313783586,4,0,NA,NA,NA,F
2022,15,1025,drought,NA,7,5,1,1,0,0,27.48893572,37.69911184,3.313783586,3.629636536,0,0,NA,NA,NA,V
2023,15,1025,drought,NA,8,6,1,NA,0,NA,37.69911184,NA,3.629636536,NA,0,NA,NA,NA,NA,V
2019,1,1027,irrigated,NA,11,6,1,NA,0,NA,51.83627878,NA,3.948090267,NA,0,0,NA,NA,NA,V
2020,1,1027,irrigated,NA,NA,NA,NA,0,NA,0,NA,NA,NA,NA,0,0,NA,NA,NA,NA
2021,1,1027,irrigated,NA,NA,NA,0,0,0,NA,NA,NA,NA,NA,0,0,NA,NA,NA,dead
2022,1,1027,irrigated,NA,NA,NA,0,0,NA,NA,NA,NA,NA,NA,0,0,NA,NA,NA,dead
2023,1,1027,irrigated,NA,NA,NA,0,NA,NA,NA,NA,NA,NA,NA,0,NA,NA,NA,NA,dead
2022,13,1029,control,NA,11,5,1,1,0,1,43.19689899,51.05088062,3.76576871,3.932822795,0,3,NA,0,NA,V
2023,13,1029,control,NA,10,6.5,1,NA,1,NA,51.05088062,NA,3.932822795,NA,3,NA,0,NA,0,F
2018,14,1031,drought,NA,7,5,1,1,0,0,27.48893572,23.5619449,3.313783586,3.159632906,0,0,NA,NA,NA,V
2019,14,1031,drought,NA,7.5,4,1,1,0,0,23.5619449,15.31526419,3.159632906,2.72884999,0,0,NA,NA,NA,V
2020,14,1031,drought,NA,6.5,3,1,1,0,0,15.31526419,28.07798434,2.72884999,3.334985794,0,0,NA,NA,NA,V
2021,14,1031,drought,NA,6.5,5.5,1,1,0,0,28.07798434,56.54866776,3.334985794,4.035101644,0,0,NA,NA,NA,V
2022,14,1031,drought,NA,8,9,1,1,0,0,56.54866776,32.98672286,4.035101644,3.496105143,0,0,NA,NA,NA,V
2023,14,1031,drought,NA,7,6,1,NA,0,NA,32.98672286,NA,3.496105143,NA,0,NA,NA,NA,NA,V
2019,2,1034,control,NA,10,7,1,1,1,1,54.97787144,16.49336143,4.006930767,2.802957962,0,4,NA,NA,NA,F
2020,2,1034,control,NA,7,3,1,1,1,0,16.49336143,21.20575041,2.802957962,3.054272391,4,0,NA,NA,NA,F
2021,2,1034,control,NA,9,3,1,1,0,1,21.20575041,60.47565858,3.054272391,4.102240947,0,2,NA,42,NA,V
2022,2,1034,control,NA,11,7,1,1,1,1,60.47565858,78.53981634,4.102240947,4.363605711,2,3,42,47,21,F
2023,2,1034,control,NA,12.5,8,1,NA,1,NA,78.53981634,NA,4.363605711,NA,3,NA,47,NA,15,F
2019,15,1036,drought,NA,7.5,5,1,1,0,0,29.45243113,17.67145868,3.382776458,2.871950834,0,0,NA,NA,NA,V
2020,15,1036,drought,NA,7.5,3,1,1,0,1,17.67145868,31.41592654,2.871950834,3.447314979,0,2,NA,NA,NA,V
2021,15,1036,drought,1,8,5,1,1,1,0,31.41592654,69.11503838,3.447314979,4.235772339,2,0,NA,NA,NA,F
2022,15,1036,drought,NA,11,8,1,1,0,1,69.11503838,131.9468915,4.235772339,4.882399504,0,5,NA,37,NA,V
2023,15,1036,drought,NA,14,12,1,NA,1,NA,131.9468915,NA,4.882399504,NA,5,NA,37,NA,7,F
2018,15,1037,drought,NA,5,2.2,1,1,0,0,8.639379797,16.49336143,2.156330798,2.802957962,0,0,NA,NA,NA,V
2019,15,1037,drought,NA,7,3,1,1,0,0,16.49336143,14.13716694,2.802957962,2.648807283,0,0,NA,NA,NA,V
2020,15,1037,drought,NA,6,3,1,1,0,0,14.13716694,14.13716694,2.648807283,2.648807283,0,0,NA,NA,NA,V
2021,15,1037,drought,NA,6,3,1,1,0,0,14.13716694,32.98672286,2.648807283,3.496105143,0,0,NA,NA,NA,V
2022,15,1037,drought,NA,14,3,1,1,0,0,32.98672286,117.8097245,3.496105143,4.769070819,0,0,NA,NA,NA,V
2023,15,1037,drought,NA,15,10,1,NA,0,NA,117.8097245,NA,4.769070819,NA,0,NA,NA,NA,NA,V
2022,15,1038,drought,NA,5,3,1,1,0,0,11.78097245,17.67145868,2.466485726,2.871950834,0,0,NA,NA,NA,V
2023,15,1038,drought,NA,7.5,3,1,NA,0,NA,17.67145868,NA,2.871950834,NA,0,NA,NA,NA,NA,V
2019,2,1041,control,NA,9.5,6.5,1,NA,1,NA,48.49833659,NA,3.8815295,NA,2,0,NA,NA,NA,F
2020,2,1041,control,NA,NA,NA,NA,1,NA,0,NA,23.5619449,NA,3.159632906,0,0,NA,NA,NA,NA
2021,2,1041,control,NA,6,5,1,1,0,0,23.5619449,NA,3.159632906,NA,0,0,NA,NA,NA,V
2022,2,1041,control,NA,NA,NA,1,1,0,1,NA,70.68583471,NA,4.258245195,0,5,NA,70,NA,dormant
2023,2,1041,control,NA,10,9,1,NA,1,NA,70.68583471,NA,4.258245195,NA,5,NA,70,NA,14,F
2019,2,1045,control,NA,5.5,NA,1,1,0,0,NA,12.76272016,NA,2.546528434,0,0,NA,NA,NA,V
2020,2,1045,control,NA,6.5,2.5,1,1,0,0,12.76272016,21.20575041,2.546528434,3.054272391,0,0,NA,NA,NA,V
2021,2,1045,control,NA,6,4.5,1,1,0,0,21.20575041,35.34291735,3.054272391,3.565098014,0,0,NA,NA,NA,V
2022,2,1045,control,NA,9,5,1,1,0,0,35.34291735,14.72621556,3.565098014,2.689629277,0,0,NA,NA,NA,V
2023,2,1045,control,NA,7.5,2.5,1,NA,0,NA,14.72621556,NA,2.689629277,NA,0,NA,NA,NA,NA,V
2021,7,1046,drought,NA,12,3,1,NA,0,NA,28.27433388,NA,3.341954463,NA,0,0,NA,NA,NA,V
2022,7,1046,drought,NA,NA,NA,NA,1,NA,0,NA,31.41592654,NA,3.447314979,0,0,NA,NA,NA,NA
2023,7,1046,drought,NA,10,4,1,NA,0,NA,31.41592654,NA,3.447314979,NA,0,NA,NA,NA,NA,V
2019,2,1047,control,NA,7,3.5,1,1,0,0,19.242255,28.27433388,2.957108642,3.341954463,0,0,NA,NA,NA,V
2020,2,1047,control,NA,9,4,1,1,0,0,28.27433388,44.92477495,3.341954463,3.804989423,0,0,NA,NA,NA,V
2021,2,1047,control,NA,8.8,6.5,1,1,0,1,44.92477495,142.5497667,3.804989423,4.959691178,0,5,NA,53,NA,V
2022,2,1047,control,NA,16.5,11,1,1,1,1,142.5497667,65.97344573,4.959691178,4.189252324,5,4,53,41,10,F
2023,2,1047,control,NA,10.5,8,1,NA,1,NA,65.97344573,NA,4.189252324,NA,4,NA,41,NA,10,F
2018,9,1048,irrigated,NA,11,9,1,0,0,0,77.75441818,NA,4.353555375,NA,0,0,NA,NA,NA,V
2019,9,1048,irrigated,NA,NA,NA,0,0,0,0,NA,NA,NA,NA,0,0,NA,NA,NA,dead
2020,9,1048,irrigated,NA,NA,NA,0,0,0,0,NA,NA,NA,NA,0,0,NA,NA,NA,dead
2021,9,1048,irrigated,NA,NA,NA,0,0,0,0,NA,NA,NA,NA,0,0,NA,NA,NA,dead
2022,9,1048,irrigated,NA,NA,NA,0,NA,0,NA,NA,NA,NA,NA,0,NA,NA,NA,NA,dead
2019,7,1049,drought,NA,4,1.5,1,0,0,0,4.71238898,NA,1.550194994,NA,0,0,NA,NA,NA,V
2020,7,1049,drought,NA,NA,NA,0,0,0,0,NA,NA,NA,NA,0,0,NA,NA,NA,dead
2021,7,1049,drought,NA,NA,NA,0,0,0,0,NA,NA,NA,NA,0,0,NA,NA,NA,dead
2022,7,1049,drought,NA,NA,NA,0,NA,0,NA,NA,NA,NA,NA,0,NA,NA,NA,NA,dead
2017,11,105,control,NA,14.5,11,1,1,0,1,125.2710071,141.3716694,4.830479447,4.951392376,0,3,NA,NA,NA,V
2018,11,105,control,NA,15,12,1,1,1,0,141.3716694,72.25663103,4.951392376,4.280224102,3,0,NA,NA,NA,F
2019,11,105,control,NA,11.5,8,1,NA,0,NA,72.25663103,NA,4.280224102,NA,0,0,NA,NA,NA,V
2020,11,105,control,NA,NA,NA,NA,1,NA,0,NA,29.84513021,NA,3.396021684,0,0,NA,NA,NA,NA
2021,11,105,control,NA,9.5,4,1,1,0,0,29.84513021,49.48008429,3.396021684,3.901570251,0,0,NA,NA,NA,V
2022,11,105,control,NA,9,7,1,1,0,0,49.48008429,47.1238898,3.901570251,3.852780087,0,0,NA,NA,NA,V
2023,11,105,control,NA,10,6,1,NA,0,NA,47.1238898,NA,3.852780087,NA,0,NA,NA,NA,NA,V
2016,1,1054,irrigated,NA,NA,NA,1,1,1,0,NA,141.3716694,NA,4.951392376,4,0,NA,NA,NA,F
2017,1,1054,irrigated,NA,15,12,1,1,0,0,141.3716694,76.57632093,4.951392376,4.338287903,0,0,NA,NA,NA,V
2018,1,1054,irrigated,NA,13,7.5,1,1,0,0,76.57632093,146.8694566,4.338287903,4.989544142,0,0,NA,NA,NA,V
2019,1,1054,irrigated,NA,17,11,1,0,0,0,146.8694566,NA,4.989544142,NA,0,0,NA,NA,NA,V
2020,1,1054,irrigated,NA,NA,NA,0,0,0,NA,NA,NA,NA,NA,0,0,NA,NA,NA,dead
2021,1,1054,irrigated,NA,NA,NA,0,0,NA,NA,NA,NA,NA,NA,0,0,NA,NA,NA,dead
2022,1,1054,irrigated,NA,NA,NA,0,0,NA,0,NA,NA,NA,NA,0,0,NA,NA,NA,dead
2023,1,1054,irrigated,NA,NA,NA,0,NA,0,NA,NA,NA,NA,NA,0,NA,NA,NA,NA,dead
2018,15,1055,drought,NA,7,6.5,1,1,0,0,35.73561643,7.853981634,3.576147851,2.061020618,0,0,NA,NA,NA,V
2019,15,1055,drought,NA,5,2,1,1,0,0,7.853981634,10.79922475,2.061020618,2.379474349,0,0,NA,NA,NA,V
2020,15,1055,drought,NA,5.5,2.5,1,1,0,0,10.79922475,9.424777961,2.379474349,2.243342175,0,0,NA,NA,NA,V
2021,15,1055,drought,NA,6,2,1,1,0,0,9.424777961,23.5619449,2.243342175,3.159632906,0,0,NA,NA,NA,V
2022,15,1055,drought,NA,10,3,1,1,0,0,23.5619449,37.69911184,3.159632906,3.629636536,0,0,NA,NA,NA,V
2023,15,1055,drought,NA,12,4,1,NA,0,NA,37.69911184,NA,3.629636536,NA,0,NA,NA,NA,NA,V
2019,2,1057,control,NA,8.5,5,1,NA,0,NA,33.37942194,NA,3.507939601,NA,0,0,NA,NA,NA,V
2020,2,1057,control,NA,NA,NA,NA,1,NA,0,NA,33.57577149,NA,3.51380472,0,0,NA,NA,NA,NA
2021,2,1057,control,NA,9.5,4.5,1,0,0,0,33.57577149,NA,3.51380472,NA,0,0,NA,NA,NA,V
2022,2,1057,control,NA,NA,NA,0,0,0,0,NA,NA,NA,NA,0,0,NA,NA,NA,dead
2023,2,1057,control,NA,NA,NA,0,NA,0,NA,NA,NA,NA,NA,0,NA,NA,NA,NA,dead
2021,7,1061,drought,NA,NA,2,1,1,0,0,NA,25.91813939,NA,3.254943086,0,0,NA,NA,NA,V
2022,7,1061,drought,NA,6,5.5,1,1,0,0,25.91813939,9.424777961,3.254943086,2.243342175,0,0,NA,NA,NA,V
2023,7,1061,drought,NA,3,4,1,NA,0,NA,9.424777961,NA,2.243342175,NA,0,NA,NA,NA,NA,V
2019,2,1063,control,NA,4,3,1,1,0,0,9.424777961,NA,2.243342175,NA,0,0,NA,NA,NA,V
2020,2,1063,control,NA,NA,NA,1,1,0,0,NA,15.70796327,NA,2.754167798,0,0,NA,NA,NA,dormant
2021,2,1063,control,NA,5,4,1,0,0,0,15.70796327,NA,2.754167798,NA,0,0,NA,NA,NA,V
2022,2,1063,control,NA,NA,NA,0,0,0,0,NA,NA,NA,NA,0,0,NA,NA,NA,dead
2023,2,1063,control,NA,NA,NA,0,NA,0,NA,NA,NA,NA,NA,0,NA,NA,NA,NA,dead
2019,2,1065,control,NA,7,6,1,1,0,0,32.98672286,13.74446786,3.496105143,2.620636406,0,0,NA,NA,NA,V
2020,2,1065,control,NA,5,3.5,1,1,0,0,13.74446786,14.13716694,2.620636406,2.648807283,0,0,NA,NA,NA,V
2021,2,1065,control,NA,6,3,1,0,0,NA,14.13716694,NA,2.648807283,NA,0,0,NA,NA,NA,V
2022,2,1065,control,NA,NA,NA,0,0,NA,0,NA,NA,NA,NA,0,0,NA,NA,NA,dead
2023,2,1065,control,NA,NA,NA,0,NA,0,NA,NA,NA,NA,NA,0,NA,NA,NA,NA,dead
2021,8,1066,control,NA,6,2.5,1,1,0,0,11.78097245,43.98229715,2.466485726,3.783787215,0,0,NA,NA,NA,V
2022,8,1066,control,NA,14,4,1,1,0,0,43.98229715,94.24777961,3.783787215,4.545927268,0,0,NA,NA,NA,V
2023,8,1066,control,NA,12,10,1,NA,0,NA,94.24777961,NA,4.545927268,NA,0,NA,NA,NA,NA,V
2021,7,1067,drought,NA,9,7,1,1,0,0,49.48008429,104.4579557,3.901570251,4.648784653,0,0,NA,NA,NA,V
2022,7,1067,drought,NA,19,7,1,1,0,1,104.4579557,109.9557429,4.648784653,4.700077947,0,3,NA,7,NA,V
2023,7,1067,drought,NA,14,10,1,NA,1,NA,109.9557429,NA,4.700077947,NA,3,NA,7,NA,2,F
2021,7,1070,drought,NA,6,3,1,1,0,0,14.13716694,56.54866776,2.648807283,4.035101644,0,0,NA,NA,NA,V
2022,7,1070,drought,NA,9,8,1,1,0,0,56.54866776,43.19689899,4.035101644,3.76576871,0,0,NA,NA,NA,V
2023,7,1070,drought,NA,11,5,1,NA,0,NA,43.19689899,NA,3.76576871,NA,0,NA,NA,NA,NA,V
2018,2,1072,control,NA,5,4,1,1,0,0,15.70796327,16.49336143,2.754167798,2.802957962,0,0,NA,NA,NA,V
2019,2,1072,control,NA,7,3,1,NA,0,NA,16.49336143,NA,2.802957962,NA,0,0,NA,NA,NA,V
2020,2,1072,control,NA,NA,NA,NA,1,NA,0,NA,NA,NA,NA,0,0,NA,NA,NA,NA
2021,2,1072,control,NA,NA,NA,1,1,0,0,NA,102.1017612,NA,4.625969975,0,0,NA,NA,NA,dormant
2022,2,1072,control,NA,13,10,1,1,0,1,102.1017612,71.47123287,4.625969975,4.269295031,0,6,NA,74,NA,V
2023,2,1072,control,NA,13,7,1,NA,1,NA,71.47123287,NA,4.269295031,NA,6,NA,74,NA,12,F
2021,6,1076,irrigated,NA,9,3,1,1,0,0,21.20575041,40.8407045,3.054272391,3.709679243,0,0,NA,NA,NA,V
2022,6,1076,irrigated,NA,13,4,1,1,0,0,40.8407045,84.82300165,3.709679243,4.440566752,0,0,NA,NA,NA,V
2023,6,1076,irrigated,NA,12,9,1,NA,0,NA,84.82300165,NA,4.440566752,NA,0,NA,NA,NA,NA,V
2016,6,108,irrigated,NA,NA,NA,1,1,1,0,NA,39.26990817,NA,3.67045853,4,0,NA,NA,NA,F
2017,6,108,irrigated,NA,10,5,1,0,0,0,39.26990817,NA,3.67045853,NA,0,0,NA,NA,NA,V
2018,6,108,irrigated,NA,NA,NA,0,0,0,0,NA,NA,NA,NA,0,0,NA,NA,NA,dead
2019,6,108,irrigated,NA,NA,NA,0,0,0,NA,NA,NA,NA,NA,0,0,NA,NA,NA,dead
2020,6,108,irrigated,NA,NA,NA,0,0,NA,NA,NA,NA,NA,NA,0,0,NA,NA,NA,dead
2021,6,108,irrigated,NA,NA,NA,0,0,NA,0,NA,NA,NA,NA,0,0,NA,NA,NA,dead
2022,6,108,irrigated,NA,NA,NA,0,NA,0,NA,NA,NA,NA,NA,0,NA,NA,NA,NA,dead
2018,9,1080,irrigated,NA,8,4,1,1,0,0,25.13274123,86.39379797,3.224171428,4.458915891,0,0,NA,NA,NA,V
2019,9,1080,irrigated,NA,11,10,1,1,0,0,86.39379797,38.87720909,4.458915891,3.660408194,0,0,NA,NA,NA,V
2020,9,1080,irrigated,NA,11,4.5,1,1,0,1,38.87720909,150.7964474,3.660408194,5.015930897,0,3,NA,NA,NA,V
2021,9,1080,irrigated,1,16,12,1,1,1,1,150.7964474,183.7831702,5.015930897,5.21375664,3,3,NA,0,NA,F
2022,9,1080,irrigated,NA,13,18,1,1,1,1,183.7831702,142.9424657,5.21375664,4.962442212,3,4,0,18,0,F
2023,9,1080,irrigated,NA,13,14,1,NA,1,NA,142.9424657,NA,4.962442212,NA,4,NA,18,NA,4,F
2019,2,1081,control,NA,5,3,1,1,1,0,11.78097245,NA,2.466485726,NA,0,0,NA,NA,NA,F
2020,2,1081,control,NA,NA,NA,1,1,0,0,NA,9.424777961,NA,2.243342175,0,0,NA,NA,NA,dormant
2021,2,1081,control,NA,6,2,1,0,0,0,9.424777961,NA,2.243342175,NA,0,0,NA,NA,NA,V
2022,2,1081,control,NA,NA,NA,0,0,0,0,NA,NA,NA,NA,0,0,NA,NA,NA,dead
2023,2,1081,control,NA,NA,NA,0,NA,0,NA,NA,NA,NA,NA,0,NA,NA,NA,NA,dead
2021,7,1082,drought,NA,4,5,1,1,0,0,15.70796327,127.2345025,2.754167798,4.84603186,0,0,NA,NA,NA,V
2022,7,1082,drought,NA,18,9,1,1,0,1,127.2345025,163.362818,4.84603186,5.095973604,0,6,NA,23,NA,V
2023,7,1082,drought,NA,16,13,1,NA,1,NA,163.362818,NA,5.095973604,NA,6,NA,23,NA,3,F
2019,1,1083,irrigated,NA,10,3,1,NA,0,NA,23.5619449,NA,3.159632906,NA,0,0,NA,NA,NA,V
2020,1,1083,irrigated,NA,NA,NA,NA,0,NA,0,NA,NA,NA,NA,0,0,NA,NA,NA,NA
2021,1,1083,irrigated,NA,NA,NA,0,0,0,0,NA,NA,NA,NA,0,0,NA,NA,NA,dead
2022,1,1083,irrigated,NA,NA,NA,0,NA,0,NA,NA,NA,NA,NA,0,NA,NA,NA,NA,dead
2021,5,1085,drought,NA,4.5,2,1,1,0,0,7.068583471,70.68583471,1.955660102,4.258245195,0,0,NA,NA,NA,V
2022,5,1085,drought,NA,10,9,1,1,0,1,70.68583471,104.4579557,4.258245195,4.648784653,0,5,NA,37,NA,V
2023,5,1085,drought,NA,14,9.5,1,NA,1,NA,104.4579557,NA,4.648784653,NA,5,NA,37,NA,7,F
2021,6,1087,irrigated,NA,10,6,1,1,1,0,47.1238898,90.32078879,3.852780087,4.503367653,3,0,NA,NA,NA,F
2022,6,1087,irrigated,NA,10,11.5,1,1,0,0,90.32078879,113.0973355,4.503367653,4.728248824,0,0,NA,NA,NA,V
2023,6,1087,irrigated,NA,16,9,1,NA,0,NA,113.0973355,NA,4.728248824,NA,0,NA,NA,NA,NA,V
2019,3,1089,control,NA,5.5,2.5,1,1,0,0,10.79922475,16.49336143,2.379474349,2.802957962,0,0,NA,NA,NA,V
2020,3,1089,control,NA,7,3,1,1,0,0,16.49336143,13.74446786,2.802957962,2.620636406,0,0,NA,NA,NA,V
2021,3,1089,control,NA,7,2.5,1,1,0,0,13.74446786,56.54866776,2.620636406,4.035101644,0,0,NA,NA,NA,V
2022,3,1089,control,NA,12,6,1,1,0,1,56.54866776,169.6460033,4.035101644,5.133713932,0,7,NA,28,NA,V
2023,3,1089,control,NA,13.5,16,1,NA,1,NA,169.6460033,NA,5.133713932,NA,7,NA,28,NA,4,F
2018,6,109,irrigated,NA,11.5,11,1,1,1,0,99.35286767,52.22897787,4.598677833,3.955637472,6,0,NA,NA,NA,F
2019,6,109,irrigated,NA,9.5,7,1,NA,0,NA,52.22897787,NA,3.955637472,NA,0,0,NA,NA,NA,V
2020,6,109,irrigated,NA,NA,NA,NA,NA,NA,NA,NA,NA,NA,NA,0,0,NA,NA,NA,NA
2021,6,109,irrigated,NA,NA,NA,NA,NA,NA,NA,NA,NA,NA,NA,0,0,NA,NA,NA,NA
2022,6,109,irrigated,NA,NA,NA,NA,1,NA,0,NA,91.89158512,NA,4.52060946,0,0,NA,NA,NA,NA
2023,6,109,irrigated,NA,13,9,1,NA,0,NA,91.89158512,NA,4.52060946,NA,0,NA,NA,NA,NA,V
2018,2,1090,control,NA,6,5,1,1,0,0,23.5619449,70.09678608,3.159632906,4.249876945,0,0,NA,NA,NA,V
2019,2,1090,control,NA,10.5,8.5,1,NA,0,NA,70.09678608,NA,4.249876945,NA,0,0,NA,NA,NA,V
2020,2,1090,control,NA,NA,NA,NA,1,NA,0,NA,13.74446786,NA,2.620636406,0,0,NA,NA,NA,NA
2021,2,1090,control,NA,7,2.5,1,1,0,0,13.74446786,69.11503838,2.620636406,4.235772339,0,0,NA,NA,NA,V
2022,2,1090,control,NA,11,8,1,NA,0,NA,69.11503838,NA,4.235772339,NA,0,0,NA,NA,NA,V
2023,2,1090,control,NA,NA,NA,NA,NA,NA,NA,NA,NA,NA,NA,0,NA,NA,NA,NA,NA
2018,15,1091,drought,NA,6,4.5,1,1,0,0,21.20575041,26.70353756,3.054272391,3.284796049,0,0,NA,NA,NA,V
2019,15,1091,drought,NA,8.5,4,1,NA,0,NA,26.70353756,NA,3.284796049,NA,0,0,NA,NA,NA,V
2020,15,1091,drought,NA,NA,NA,NA,1,NA,0,NA,15.70796327,NA,2.754167798,0,0,NA,NA,NA,NA
2021,15,1091,drought,NA,10,2,1,1,0,0,15.70796327,11.78097245,2.754167798,2.466485726,0,0,NA,NA,NA,V
2022,15,1091,drought,NA,6,2.5,1,1,0,0,11.78097245,25.13274123,2.466485726,3.224171428,0,0,NA,NA,NA,V
2023,15,1091,drought,NA,8,4,1,NA,0,NA,25.13274123,NA,3.224171428,NA,0,NA,NA,NA,NA,V
2021,7,1097,drought,NA,5.5,2,1,1,0,0,8.639379797,21.20575041,2.156330798,3.054272391,0,0,NA,NA,NA,V
2022,7,1097,drought,NA,9,3,1,1,0,0,21.20575041,54.97787144,3.054272391,4.006930767,0,0,NA,NA,NA,V
2023,7,1097,drought,NA,14,5,1,NA,0,NA,54.97787144,NA,4.006930767,NA,0,NA,NA,NA,NA,V
2017,1,11,irrigated,NA,9,4,1,1,0,0,28.27433388,30.23782929,3.341954463,3.409093766,0,0,NA,NA,NA,V
2018,1,11,irrigated,NA,7,5.5,1,1,0,0,30.23782929,24.74004215,3.409093766,3.208423071,0,0,NA,NA,NA,V
2019,1,11,irrigated,NA,9,3.5,1,1,0,0,24.74004215,17.27875959,3.208423071,2.849477978,0,0,NA,NA,NA,V
2020,1,11,irrigated,NA,5.5,4,1,1,0,0,17.27875959,25.13274123,2.849477978,3.224171428,0,0,NA,NA,NA,V
2021,1,11,irrigated,NA,8,4,1,0,0,0,25.13274123,NA,3.224171428,NA,0,0,NA,NA,NA,V
2022,1,11,irrigated,NA,NA,NA,0,0,0,NA,NA,NA,NA,NA,0,0,NA,NA,NA,dead
2023,1,11,irrigated,NA,NA,NA,0,NA,NA,NA,NA,NA,NA,NA,0,NA,NA,NA,NA,dead
2018,2,110,control,NA,3.5,3,1,0,1,0,8.246680716,NA,2.109810782,NA,5,0,NA,NA,NA,F
2019,2,110,control,NA,NA,NA,0,0,0,NA,NA,NA,NA,NA,0,0,NA,NA,NA,dead
2020,2,110,control,NA,NA,NA,0,0,NA,0,NA,NA,NA,NA,0,0,NA,NA,NA,dead
2021,2,110,control,NA,NA,NA,0,0,0,0,NA,NA,NA,NA,0,0,NA,NA,NA,dead
2022,2,110,control,NA,NA,NA,0,NA,0,NA,NA,NA,NA,NA,0,NA,NA,NA,NA,dead
2019,5,1101,drought,NA,6,4,1,1,0,0,18.84955592,NA,2.936489355,NA,0,0,NA,NA,NA,V
2020,5,1101,drought,NA,NA,NA,1,1,0,0,NA,5.890486225,NA,1.773338545,0,0,NA,NA,NA,dormant
2021,5,1101,drought,NA,5,1.5,1,1,0,0,5.890486225,73.43472828,1.773338545,4.296396961,0,0,NA,NA,NA,V
2022,5,1101,drought,NA,11,8.5,1,1,0,0,73.43472828,141.3716694,4.296396961,4.951392376,0,0,NA,NA,NA,V
2023,5,1101,drought,NA,15,12,1,NA,0,NA,141.3716694,NA,4.951392376,NA,0,NA,NA,NA,NA,V
2019,11,1102,control,NA,8,4,1,1,0,0,25.13274123,9.424777961,3.224171428,2.243342175,0,0,NA,NA,NA,V
2020,11,1102,control,NA,6,2,1,1,0,0,9.424777961,31.41592654,2.243342175,3.447314979,0,0,NA,NA,NA,V
2021,11,1102,control,NA,10,4,1,1,0,0,31.41592654,NA,3.447314979,NA,0,0,NA,NA,NA,V
2022,11,1102,control,NA,NA,NA,1,1,0,0,NA,24.74004215,NA,3.208423071,0,0,NA,NA,NA,dormant
2023,11,1102,control,NA,9,3.5,1,NA,0,NA,24.74004215,NA,3.208423071,NA,0,NA,NA,NA,NA,V
2019,6,1103,irrigated,NA,12,4.5,1,0,0,0,42.41150082,NA,3.747419571,NA,0,0,NA,NA,NA,V
2020,6,1103,irrigated,NA,NA,NA,0,0,0,0,NA,NA,NA,NA,0,0,NA,NA,NA,dead
2021,6,1103,irrigated,NA,NA,NA,0,0,0,0,NA,NA,NA,NA,0,0,NA,NA,NA,dead
2022,6,1103,irrigated,NA,NA,NA,0,NA,0,NA,NA,NA,NA,NA,0,NA,NA,NA,NA,dead
2018,15,1109,drought,NA,5,3,1,1,0,0,11.78097245,NA,2.466485726,NA,0,0,NA,NA,NA,V
2019,15,1109,drought,NA,NA,NA,1,1,0,0,NA,NA,NA,NA,0,0,NA,NA,NA,dormant
2020,15,1109,drought,NA,NA,NA,1,NA,0,NA,NA,NA,NA,NA,0,0,NA,NA,NA,dormant
2021,15,1109,drought,NA,NA,NA,NA,1,NA,0,NA,15.70796327,NA,2.754167798,0,0,NA,NA,NA,NA
2022,15,1109,drought,NA,5,4,1,1,0,0,15.70796327,21.99114858,2.754167798,3.090640035,0,0,NA,NA,NA,V
2023,15,1109,drought,NA,8,3.5,1,NA,0,NA,21.99114858,NA,3.090640035,NA,0,NA,NA,NA,NA,V
2018,6,1110,irrigated,NA,9.5,7.5,1,1,1,1,55.95961914,76.57632093,4.024630344,4.338287903,4,3,NA,NA,NA,F
2019,6,1110,irrigated,NA,13,7.5,1,NA,1,NA,76.57632093,NA,4.338287903,NA,3,0,NA,NA,NA,F
2020,6,1110,irrigated,NA,NA,NA,NA,1,NA,0,NA,NA,NA,NA,0,0,NA,NA,NA,NA
2021,6,1110,irrigated,NA,NA,NA,1,1,0,0,NA,59.69026042,NA,4.089168865,0,0,NA,NA,NA,dormant
2022,6,1110,irrigated,NA,9.5,8,1,1,0,1,59.69026042,176.7145868,4.089168865,5.174535927,0,6,NA,88,NA,V
2023,6,1110,irrigated,NA,18,12.5,1,NA,1,NA,176.7145868,NA,5.174535927,NA,6,NA,88,NA,14,F
2018,2,1111,control,NA,2,3,1,0,0,0,4.71238898,NA,1.550194994,NA,0,0,NA,NA,NA,V
2019,2,1111,control,NA,NA,NA,0,0,0,NA,NA,NA,NA,NA,0,0,NA,NA,NA,dead
2020,2,1111,control,NA,NA,NA,0,0,NA,0,NA,NA,NA,NA,0,0,NA,NA,NA,dead
2021,2,1111,control,NA,NA,NA,0,0,0,0,NA,NA,NA,NA,0,0,NA,NA,NA,dead
2022,2,1111,control,NA,NA,NA,0,NA,0,NA,NA,NA,NA,NA,0,NA,NA,NA,NA,dead
2018,6,1112,irrigated,NA,9.5,6,1,1,1,0,44.76769531,33.37942194,3.801486793,3.507939601,5,0,NA,NA,NA,F
2019,6,1112,irrigated,NA,8.5,5,1,NA,0,NA,33.37942194,NA,3.507939601,NA,0,0,NA,NA,NA,V
2020,6,1112,irrigated,NA,NA,NA,NA,1,NA,0,NA,NA,NA,NA,0,0,NA,NA,NA,NA
2021,6,1112,irrigated,NA,NA,NA,1,1,0,0,NA,62.83185307,NA,4.140462159,0,0,NA,NA,NA,dormant
2022,6,1112,irrigated,NA,10,8,1,1,0,0,62.83185307,40.8407045,4.140462159,3.709679243,0,0,NA,NA,NA,V
2023,6,1112,irrigated,NA,13,4,1,NA,0,NA,40.8407045,NA,3.709679243,NA,0,NA,NA,NA,NA,V
2018,2,1113,control,NA,2,3,1,1,0,0,4.71238898,6.283185307,1.550194994,1.837877066,0,0,NA,NA,NA,V
2019,2,1113,control,NA,4,2,1,NA,0,NA,6.283185307,NA,1.837877066,NA,0,0,NA,NA,NA,V
2020,2,1113,control,NA,NA,NA,NA,0,NA,0,NA,NA,NA,NA,0,0,NA,NA,NA,NA
2021,2,1113,control,NA,NA,NA,0,0,0,0,NA,NA,NA,NA,0,0,NA,NA,NA,dead
2022,2,1113,control,NA,NA,NA,0,NA,0,NA,NA,NA,NA,NA,0,NA,NA,NA,NA,dead
2018,9,1114,irrigated,NA,5,4,1,1,0,0,15.70796327,8.246680716,2.754167798,2.109810782,0,0,NA,NA,NA,V
2019,9,1114,irrigated,NA,7,1.5,1,1,0,0,8.246680716,8.835729338,2.109810782,2.178803653,0,0,NA,NA,NA,V
2020,9,1114,irrigated,NA,4.5,2.5,1,0,0,NA,8.835729338,NA,2.178803653,NA,0,0,NA,NA,NA,V
2021,9,1114,irrigated,NA,NA,NA,0,0,NA,NA,NA,NA,NA,NA,0,0,NA,NA,NA,dead
2022,9,1114,irrigated,NA,NA,NA,0,0,NA,NA,NA,NA,NA,NA,0,0,NA,NA,NA,dead
2023,9,1114,irrigated,NA,NA,NA,0,NA,NA,NA,NA,NA,NA,NA,0,NA,NA,NA,NA,dead
2018,11,1115,control,NA,8,5,1,1,0,0,31.41592654,56.74501731,3.447314979,4.038567852,0,0,NA,NA,NA,V
2019,11,1115,control,NA,8.5,8.5,1,0,0,0,56.74501731,NA,4.038567852,NA,0,0,NA,NA,NA,V
2020,11,1115,control,NA,NA,NA,0,0,0,0,NA,NA,NA,NA,0,0,NA,NA,NA,dead
2021,11,1115,control,NA,NA,NA,0,0,0,0,NA,NA,NA,NA,0,0,NA,NA,NA,dead
2022,11,1115,control,NA,NA,NA,0,NA,0,NA,NA,NA,NA,NA,0,NA,NA,NA,NA,dead
2018,2,1117,control,NA,7,4,1,1,0,0,21.99114858,15.31526419,3.090640035,2.72884999,0,0,NA,NA,NA,V
2019,2,1117,control,NA,6.5,3,1,NA,0,NA,15.31526419,NA,2.72884999,NA,0,0,NA,NA,NA,V
2020,2,1117,control,NA,NA,NA,NA,1,NA,0,NA,11.78097245,NA,2.466485726,0,0,NA,NA,NA,NA
2021,2,1117,control,NA,6,2.5,1,1,0,0,11.78097245,11.78097245,2.466485726,2.466485726,0,0,NA,NA,NA,V
2022,2,1117,control,NA,6,2.5,1,1,0,0,11.78097245,14.13716694,2.466485726,2.648807283,0,0,NA,NA,NA,V
2023,2,1117,control,NA,6,3,1,NA,0,NA,14.13716694,NA,2.648807283,NA,0,NA,NA,NA,NA,V
2018,6,1119,irrigated,NA,7,2,1,1,0,0,10.99557429,11.78097245,2.397492854,2.466485726,0,0,NA,NA,NA,V
2019,6,1119,irrigated,NA,6,2.5,1,NA,0,NA,11.78097245,NA,2.466485726,NA,0,0,NA,NA,NA,V
2020,6,1119,irrigated,NA,NA,NA,NA,1,NA,0,NA,13.74446786,NA,2.620636406,0,0,NA,NA,NA,NA
2021,6,1119,irrigated,NA,7,2.5,1,1,0,0,13.74446786,81.68140899,2.620636406,4.402826424,0,0,NA,NA,NA,V
2022,6,1119,irrigated,NA,13,8,1,1,0,0,81.68140899,198.7057353,4.402826424,5.291825013,0,0,NA,NA,NA,V
2023,6,1119,irrigated,NA,22,11.5,1,NA,0,NA,198.7057353,NA,5.291825013,NA,0,NA,NA,NA,NA,V
2017,1,111A,irrigated,NA,4,2,1,NA,0,NA,6.283185307,NA,1.837877066,NA,0,0,NA,NA,NA,V
2018,1,111A,irrigated,NA,NA,NA,NA,NA,NA,NA,NA,NA,NA,NA,0,NA,NA,NA,NA,NA
2017,1,111B,irrigated,NA,3,1.5,1,NA,0,NA,3.534291735,NA,1.262512922,NA,0,0,NA,NA,NA,V
2018,1,111B,irrigated,NA,NA,NA,NA,NA,NA,NA,NA,NA,NA,NA,0,NA,NA,NA,NA,NA
2017,1,111C,irrigated,NA,2,1,1,NA,0,NA,1.570796327,NA,0.451582705,NA,0,0,NA,NA,NA,V
2018,1,111C,irrigated,NA,NA,NA,NA,NA,NA,NA,NA,NA,NA,NA,0,NA,NA,NA,NA,NA
2017,1,111D,irrigated,NA,1.5,1,1,NA,0,NA,1.178097245,NA,0.163900633,NA,0,0,NA,NA,NA,V
2018,1,111D,irrigated,NA,NA,NA,NA,NA,NA,NA,NA,NA,NA,NA,0,NA,NA,NA,NA,NA
2018,14,1122,drought,NA,8.5,2,1,1,0,0,13.35176878,20.61670179,2.591648869,3.026101514,0,0,NA,NA,NA,V
2019,14,1122,drought,NA,7.5,3.5,1,1,0,0,20.61670179,15.11891465,3.026101514,2.715946585,0,0,NA,NA,NA,V
2020,14,1122,drought,NA,5.5,3.5,1,1,0,0,15.11891465,18.84955592,2.715946585,2.936489355,0,0,NA,NA,NA,V
2021,14,1122,drought,NA,6,4,1,1,0,0,18.84955592,38.48451001,2.936489355,3.650255823,0,0,NA,NA,NA,V
2022,14,1122,drought,NA,7,7,1,1,0,0,38.48451001,35.34291735,3.650255823,3.565098014,0,0,NA,NA,NA,V
2023,14,1122,drought,NA,9,5,1,NA,0,NA,35.34291735,NA,3.565098014,NA,0,NA,NA,NA,NA,V
2018,5,1124,drought,NA,6,3,1,1,0,0,14.13716694,9.817477042,2.648807283,2.284164169,0,0,NA,NA,NA,V
2019,5,1124,drought,NA,5,2.5,1,0,0,0,9.817477042,NA,2.284164169,NA,0,0,NA,NA,NA,V
2020,5,1124,drought,NA,NA,NA,0,0,0,0,NA,4.71238898,NA,1.550194994,0,0,NA,NA,NA,dead
2021,5,1124,drought,NA,3,2,0,0,0,0,4.71238898,43.19689899,1.550194994,3.76576871,0,0,NA,NA,NA,dead
2022,5,1124,drought,NA,10,5.5,0,0,0,0,43.19689899,78.53981634,3.76576871,4.363605711,0,0,NA,NA,NA,dead
2023,5,1124,drought,NA,10,10,0,NA,0,NA,78.53981634,NA,4.363605711,NA,0,NA,NA,NA,NA,dead
2021,7,1129,drought,NA,2,2,1,1,0,0,3.141592654,27.48893572,1.144729886,3.313783586,0,0,NA,NA,NA,V
2022,7,1129,drought,NA,7,5,1,1,0,0,27.48893572,21.99114858,3.313783586,3.090640035,0,0,NA,NA,NA,V
2023,7,1129,drought,NA,7,4,1,NA,0,NA,21.99114858,NA,3.090640035,NA,0,NA,NA,NA,NA,V
2017,12,113,irrigated,NA,7,3,1,1,0,0,16.49336143,22.38384766,2.802957962,3.108339612,0,0,NA,NA,NA,V
2018,12,113,irrigated,NA,9.5,3,1,1,0,1,22.38384766,27.48893572,3.108339612,3.313783586,0,3,NA,NA,NA,V
2019,12,113,irrigated,NA,7,5,1,1,1,0,27.48893572,26.50718801,3.313783586,3.277415942,3,0,NA,NA,NA,F
2020,12,113,irrigated,NA,7.5,4.5,1,1,0,1,26.50718801,23.5619449,3.277415942,3.159632906,0,3,NA,29,NA,V
2021,12,113,irrigated,1,6,5,1,1,1,0,23.5619449,54.97787144,3.159632906,4.006930767,3,0,29,NA,9,F
2022,12,113,irrigated,NA,10,7,1,1,0,0,54.97787144,19.242255,4.006930767,2.957108642,0,0,NA,NA,NA,V
2023,12,113,irrigated,NA,7,3.5,1,NA,0,NA,19.242255,NA,2.957108642,NA,0,NA,NA,NA,NA,V
2019,15,1130,drought,NA,4,2.5,1,1,0,0,7.853981634,7.068583471,2.061020618,1.955660102,0,0,NA,NA,NA,V
2020,15,1130,drought,NA,4.5,2,1,1,0,0,7.068583471,9.817477042,1.955660102,2.284164169,0,0,NA,NA,NA,V
2021,15,1130,drought,NA,5,2.5,1,1,0,0,9.817477042,60.47565858,2.284164169,4.102240947,0,0,NA,NA,NA,V
2022,15,1130,drought,NA,11,7,1,1,0,0,60.47565858,51.83627878,4.102240947,3.948090267,0,0,NA,NA,NA,V
2023,15,1130,drought,NA,11,6,1,NA,0,NA,51.83627878,NA,3.948090267,NA,0,NA,NA,NA,NA,V
2022,14,1132,drought,NA,6,2.5,1,1,0,0,11.78097245,15.11891465,2.466485726,2.715946585,0,0,NA,NA,NA,V
2023,14,1132,drought,NA,5.5,3.5,1,NA,0,NA,15.11891465,NA,2.715946585,NA,0,NA,NA,NA,NA,V
2019,7,1134,drought,NA,9,4,1,NA,1,NA,28.27433388,NA,3.341954463,NA,3,0,NA,NA,NA,F
2020,7,1134,drought,NA,NA,NA,NA,1,NA,0,NA,6.283185307,NA,1.837877066,0,0,NA,NA,NA,NA
2021,7,1134,drought,NA,4,2,1,1,0,0,6.283185307,28.27433388,1.837877066,3.341954463,0,0,NA,NA,NA,V
2022,7,1134,drought,NA,12,3,1,1,0,0,28.27433388,23.5619449,3.341954463,3.159632906,0,0,NA,NA,NA,V
2023,7,1134,drought,NA,10,3,1,NA,0,NA,23.5619449,NA,3.159632906,NA,0,NA,NA,NA,NA,V
2019,15,1135,drought,NA,7,4,1,1,0,0,21.99114858,11.78097245,3.090640035,2.466485726,0,0,NA,NA,NA,V
2020,15,1135,drought,NA,7.5,2,1,1,0,0,11.78097245,27.48893572,2.466485726,3.313783586,0,0,NA,NA,NA,V
2021,15,1135,drought,NA,7,5,1,1,0,0,27.48893572,91.89158512,3.313783586,4.52060946,0,0,NA,NA,NA,V
2022,15,1135,drought,NA,13,9,1,1,0,0,91.89158512,175.9291886,4.52060946,5.170081577,0,0,NA,NA,NA,V
2023,15,1135,drought,NA,16,14,1,NA,0,NA,175.9291886,NA,5.170081577,NA,0,NA,NA,NA,NA,V
2019,6,1137,irrigated,NA,7.5,5.5,1,1,0,0,32.39767424,31.41592654,3.478086638,3.447314979,0,0,NA,NA,NA,V
2020,6,1137,irrigated,NA,8,5,1,1,0,1,31.41592654,47.1238898,3.447314979,3.852780087,0,0,NA,NA,NA,V
2021,6,1137,irrigated,NA,12,5,1,1,1,1,47.1238898,91.89158512,3.852780087,4.52060946,0,5,NA,102,NA,F
2022,6,1137,irrigated,NA,13,9,1,0,1,0,91.89158512,NA,4.52060946,NA,5,0,102,NA,20,F
2023,6,1137,irrigated,NA,NA,NA,0,NA,0,NA,NA,NA,NA,NA,0,NA,NA,NA,NA,U
2022,7,1139,drought,NA,6.5,6.5,1,1,0,0,33.1830724,43.98229715,3.502039879,3.783787215,0,0,NA,NA,NA,V
2023,7,1139,drought,NA,7,8,1,NA,0,NA,43.98229715,NA,3.783787215,NA,0,NA,NA,NA,NA,V
2017,11,114,control,NA,10,5,1,1,0,1,39.26990817,17.67145868,3.67045853,2.871950834,0,2,NA,NA,NA,V
2018,11,114,control,NA,9,2.5,1,1,1,0,17.67145868,51.05088062,2.871950834,3.932822795,2,0,NA,NA,NA,F
2019,11,114,control,NA,13,5,1,1,0,1,51.05088062,9.424777961,3.932822795,2.243342175,0,4,NA,NA,NA,V
2020,11,114,control,NA,6,2,1,1,1,0,9.424777961,25.13274123,2.243342175,3.224171428,4,0,NA,NA,NA,F
2021,11,114,control,NA,8,4,1,1,0,0,25.13274123,49.48008429,3.224171428,3.901570251,0,0,NA,NA,NA,V
2022,11,114,control,NA,7,9,1,1,0,0,49.48008429,34.55751919,3.901570251,3.542625159,0,0,NA,NA,NA,V
2023,11,114,control,NA,11,4,1,NA,0,NA,34.55751919,NA,3.542625159,NA,0,NA,NA,NA,NA,V
2019,6,1140,irrigated,NA,6,2,1,1,0,0,9.424777961,24.74004215,2.243342175,3.208423071,0,0,NA,NA,NA,V
2020,6,1140,irrigated,NA,7,4.5,1,1,0,0,24.74004215,43.98229715,3.208423071,3.783787215,0,0,NA,NA,NA,V
2021,6,1140,irrigated,NA,14,4,1,1,0,0,43.98229715,296.8805058,3.783787215,5.69332972,0,0,NA,NA,NA,V
2022,6,1140,irrigated,NA,18,21,1,1,0,1,296.8805058,179.0707813,5.69332972,5.187781154,0,4,NA,0,NA,V
2023,6,1140,irrigated,NA,19,12,1,NA,1,NA,179.0707813,NA,5.187781154,NA,4,NA,0,NA,0,F
2019,7,1142,drought,NA,11,6,1,NA,0,NA,51.83627878,NA,3.948090267,NA,0,0,NA,NA,NA,V
2020,7,1142,drought,NA,NA,NA,NA,1,NA,0,NA,37.69911184,NA,3.629636536,0,0,NA,NA,NA,NA
2021,7,1142,drought,NA,8,6,1,1,0,0,37.69911184,25.91813939,3.629636536,3.254943086,0,0,NA,NA,NA,V
2022,7,1142,drought,NA,11,3,1,1,0,0,25.91813939,106.0287521,3.254943086,4.663710303,0,0,NA,NA,NA,V
2023,7,1142,drought,NA,15,9,1,NA,0,NA,106.0287521,NA,4.663710303,NA,0,NA,NA,NA,NA,V
2022,11,1143,control,NA,11,5,1,1,0,0,43.19689899,38.48451001,3.76576871,3.650255823,0,0,NA,NA,NA,V
2023,11,1143,control,NA,7,7,1,NA,0,NA,38.48451001,NA,3.650255823,NA,0,NA,NA,NA,NA,V
2022,11,1145,control,NA,7,3,1,1,0,0,16.49336143,10.99557429,2.802957962,2.397492854,0,0,NA,NA,NA,V
2023,11,1145,control,NA,7,2,1,NA,0,NA,10.99557429,NA,2.397492854,NA,0,NA,NA,NA,NA,V
2019,7,1148,drought,NA,9,2,1,NA,0,NA,14.13716694,NA,2.648807283,NA,0,0,NA,NA,NA,V
2020,7,1148,drought,NA,NA,NA,NA,1,NA,0,NA,26.70353756,NA,3.284796049,0,0,NA,NA,NA,NA
2021,7,1148,drought,NA,8.5,4,1,1,0,0,26.70353756,28.27433388,3.284796049,3.341954463,0,0,NA,NA,NA,V
2022,7,1148,drought,NA,9,4,1,1,0,0,28.27433388,31.41592654,3.341954463,3.447314979,0,0,NA,NA,NA,V
2023,7,1148,drought,NA,10,4,1,NA,0,NA,31.41592654,NA,3.447314979,NA,0,NA,NA,NA,NA,V
2017,12,115,irrigated,NA,5,2.5,1,1,0,0,9.817477042,13.35176878,2.284164169,2.591648869,0,0,NA,NA,NA,V
2018,12,115,irrigated,NA,8.5,2,1,1,0,0,13.35176878,35.34291735,2.591648869,3.565098014,0,0,NA,NA,NA,V
2019,12,115,irrigated,NA,9,5,1,1,0,1,35.34291735,31.41592654,3.565098014,3.447314979,0,4,NA,NA,NA,V
2020,12,115,irrigated,NA,8,5,1,1,1,1,31.41592654,49.08738521,3.447314979,3.893602081,4,3,NA,64,NA,F
2021,12,115,irrigated,1,12.5,5,1,1,1,0,49.08738521,120.9513172,3.893602081,4.795388127,3,0,64,NA,21,F
2022,12,115,irrigated,NA,14,11,1,1,0,1,120.9513172,95.42587685,4.795388127,4.558349788,0,3,NA,53,NA,V
2023,12,115,irrigated,NA,13.5,9,1,NA,1,NA,95.42587685,NA,4.558349788,NA,3,NA,53,NA,17,F
2022,7,1152,drought,NA,15,4,1,1,0,0,47.1238898,43.19689899,3.852780087,3.76576871,0,0,NA,NA,NA,V
2023,7,1152,drought,NA,11,5,1,NA,0,NA,43.19689899,NA,3.76576871,NA,0,NA,NA,NA,NA,V
2022,8,1154,control,NA,10,3,1,1,0,0,23.5619449,84.82300165,3.159632906,4.440566752,0,0,NA,NA,NA,V
2023,8,1154,control,NA,9,12,1,NA,0,NA,84.82300165,NA,4.440566752,NA,0,NA,NA,NA,NA,V
2019,6,1155,irrigated,NA,7.5,4,1,1,0,0,23.5619449,47.1238898,3.159632906,3.852780087,0,0,NA,NA,NA,V
2020,6,1155,irrigated,NA,10,6,1,1,0,0,47.1238898,69.11503838,3.852780087,4.235772339,0,0,NA,NA,NA,V
2021,6,1155,irrigated,NA,11,8,1,0,0,0,69.11503838,NA,4.235772339,NA,0,0,NA,NA,NA,V
2022,6,1155,irrigated,NA,NA,NA,0,0,0,0,NA,NA,NA,NA,0,0,NA,NA,NA,dead
2023,6,1155,irrigated,NA,NA,NA,0,NA,0,NA,NA,NA,NA,NA,0,NA,NA,NA,NA,dead
2019,7,1157,drought,NA,11,5.5,1,1,1,1,47.51658889,25.52544031,3.86107889,3.239675614,4,0,NA,NA,NA,F
2020,7,1157,drought,NA,6.5,5,1,0,1,0,25.52544031,NA,3.239675614,NA,0,0,NA,NA,NA,F
2021,7,1157,drought,NA,NA,NA,0,0,0,0,NA,NA,NA,NA,0,0,NA,NA,NA,dead
2022,7,1157,drought,NA,NA,NA,0,NA,0,NA,NA,NA,NA,NA,0,NA,NA,NA,NA,dead
2021,6,1158,irrigated,NA,14,4,1,1,0,0,43.98229715,51.05088062,3.783787215,3.932822795,0,0,NA,NA,NA,V
2022,6,1158,irrigated,NA,13,5,1,1,0,0,51.05088062,160.2212253,3.932822795,5.076555519,0,0,NA,NA,NA,V
2023,6,1158,irrigated,NA,17,12,1,NA,0,NA,160.2212253,NA,5.076555519,NA,0,NA,NA,NA,NA,V
2019,7,1159,drought,NA,6,3,1,1,0,0,14.13716694,NA,2.648807283,NA,0,0,NA,NA,NA,V
2020,7,1159,drought,NA,NA,NA,1,1,0,0,NA,NA,NA,NA,0,0,NA,NA,NA,dormant
2021,7,1159,drought,NA,NA,NA,1,1,0,0,NA,7.853981634,NA,2.061020618,0,0,NA,NA,NA,dormant
2022,7,1159,drought,NA,5,2,1,1,0,0,7.853981634,16.49336143,2.061020618,2.802957962,0,0,NA,NA,NA,V
2023,7,1159,drought,NA,7,3,1,NA,0,NA,16.49336143,NA,2.802957962,NA,0,NA,NA,NA,NA,V
2017,3,116,control,NA,6,3,1,1,0,0,14.13716694,29.45243113,2.648807283,3.382776458,0,0,NA,NA,NA,V
2018,3,116,control,NA,7.5,5,1,1,0,0,29.45243113,37.69911184,3.382776458,3.629636536,0,0,NA,NA,NA,V
2019,3,116,control,NA,8,6,1,1,0,1,37.69911184,22.97289628,3.629636536,3.134315098,0,0,NA,NA,NA,V
2020,3,116,control,NA,6.5,4.5,1,1,1,0,22.97289628,24.74004215,3.134315098,3.208423071,0,0,NA,NA,NA,F
2021,3,116,control,NA,7,4.5,1,1,0,0,24.74004215,41.23340358,3.208423071,3.719248694,0,0,NA,NA,NA,V
2022,3,116,control,NA,10.5,5,1,1,0,0,41.23340358,28.27433388,3.719248694,3.341954463,0,0,NA,NA,NA,V
2023,3,116,control,NA,9,4,1,NA,0,NA,28.27433388,NA,3.341954463,NA,0,NA,NA,NA,NA,V
2019,15,1163,drought,NA,7,2,1,1,0,0,10.99557429,9.424777961,2.397492854,2.243342175,0,0,NA,NA,NA,V
2020,15,1163,drought,NA,6,2,1,1,0,0,9.424777961,9.424777961,2.243342175,2.243342175,0,0,NA,NA,NA,V
2021,15,1163,drought,NA,4,3,1,1,0,0,9.424777961,21.99114858,2.243342175,3.090640035,0,0,NA,NA,NA,V
2022,15,1163,drought,NA,7,4,1,0,0,0,21.99114858,NA,3.090640035,NA,0,0,NA,NA,NA,V
2023,15,1163,drought,NA,NA,NA,0,NA,0,NA,NA,NA,NA,NA,0,NA,NA,NA,NA,U
2017,11,117,control,NA,13,9,1,1,0,0,91.89158512,70.68583471,4.52060946,4.258245195,0,0,NA,NA,NA,V
2018,11,117,control,NA,15,6,1,1,0,1,70.68583471,62.83185307,4.258245195,4.140462159,0,4,NA,NA,NA,V
2019,11,117,control,NA,10,8,1,1,1,0,62.83185307,NA,4.140462159,NA,4,0,NA,NA,NA,F
2020,11,117,control,NA,NA,NA,1,1,0,0,NA,47.1238898,NA,3.852780087,0,0,NA,NA,NA,dormant
2021,11,117,control,NA,15,4,1,1,0,0,47.1238898,31.41592654,3.852780087,3.447314979,0,0,NA,NA,NA,V
2022,11,117,control,NA,10,4,1,1,0,0,31.41592654,70.68583471,3.447314979,4.258245195,0,0,NA,NA,NA,V
2023,11,117,control,NA,10,9,1,NA,0,NA,70.68583471,NA,4.258245195,NA,0,NA,NA,NA,NA,V
2022,13,1171,control,NA,6,2,1,1,0,0,9.424777961,16.49336143,2.243342175,2.802957962,0,0,NA,NA,NA,V
2023,13,1171,control,NA,7,3,1,NA,0,NA,16.49336143,NA,2.802957962,NA,0,NA,NA,NA,NA,V
2023,5,1177,drought,NA,6.5,3,1,NA,0,NA,15.31526419,NA,2.72884999,NA,0,NA,NA,NA,NA,V
2022,7,1179,drought,NA,8.5,2,1,1,0,0,13.35176878,16.49336143,2.591648869,2.802957962,0,0,NA,NA,NA,V
2023,7,1179,drought,NA,7,3,1,NA,0,NA,16.49336143,NA,2.802957962,NA,0,NA,NA,NA,NA,V
2019,15,1180,drought,NA,6,9,1,1,0,1,42.41150082,30.63052837,3.747419571,3.421997171,0,0,NA,NA,NA,V
2020,15,1180,drought,NA,6.5,6,1,1,1,1,30.63052837,51.83627878,3.421997171,3.948090267,0,4,NA,NA,NA,F
2021,15,1180,drought,1,11,6,1,1,1,0,51.83627878,77.75441818,3.948090267,4.353555375,4,0,NA,NA,NA,F
2022,15,1180,drought,NA,11,9,1,1,0,1,77.75441818,133.5176878,4.353555375,4.894233962,0,6,NA,47,NA,V
2023,15,1180,drought,NA,17,10,1,NA,1,NA,133.5176878,NA,4.894233962,NA,6,NA,47,NA,7,F
2019,6,1181,irrigated,NA,3,2.5,1,0,0,NA,5.890486225,NA,1.773338545,NA,0,0,NA,NA,NA,V
2020,6,1181,irrigated,NA,NA,NA,0,0,NA,0,NA,NA,NA,NA,0,0,NA,NA,NA,dead
2021,6,1181,irrigated,NA,NA,NA,0,0,0,NA,NA,NA,NA,NA,0,0,NA,NA,NA,dead
2022,6,1181,irrigated,NA,NA,NA,0,0,NA,NA,NA,NA,NA,NA,0,0,NA,NA,NA,dead
2023,6,1181,irrigated,NA,NA,NA,0,NA,NA,NA,NA,NA,NA,NA,0,NA,NA,NA,NA,dead
2022,11,1182,control,NA,4.5,2,1,1,0,0,7.068583471,4.71238898,1.955660102,1.550194994,0,0,NA,NA,NA,V
2023,11,1182,control,NA,3,2,1,NA,0,NA,4.71238898,NA,1.550194994,NA,0,NA,NA,NA,NA,V
2016,6,1183,irrigated,NA,NA,NA,1,1,1,0,NA,81.68140899,NA,4.402826424,4,0,NA,NA,NA,F
2017,6,1183,irrigated,NA,13,8,1,1,0,1,81.68140899,62.83185307,4.402826424,4.140462159,0,5,NA,NA,NA,V
2018,6,1183,irrigated,NA,10,8,1,1,1,0,62.83185307,27.48893572,4.140462159,3.313783586,5,0,NA,NA,NA,F
2019,6,1183,irrigated,NA,7,5,1,NA,0,NA,27.48893572,NA,3.313783586,NA,0,0,NA,NA,NA,V
2020,6,1183,irrigated,NA,NA,NA,NA,1,NA,1,NA,56.15596868,NA,4.028132974,0,2,NA,47,NA,NA
2021,6,1183,irrigated,1,11,6.5,1,1,1,0,56.15596868,97.38937226,4.028132974,4.57871709,2,0,47,NA,23,F
2022,6,1183,irrigated,NA,15.5,8,1,1,0,1,97.38937226,102.1017612,4.57871709,4.625969975,0,4,NA,69,NA,V
2023,6,1183,irrigated,NA,13,10,1,NA,1,NA,102.1017612,NA,4.625969975,NA,4,NA,69,NA,17,F
2019,15,1186,drought,NA,5,2.5,1,0,0,0,9.817477042,NA,2.284164169,NA,0,0,NA,NA,NA,V
2020,15,1186,drought,NA,NA,NA,0,0,0,NA,NA,NA,NA,NA,0,0,NA,NA,NA,dead
2021,15,1186,drought,NA,NA,NA,0,0,NA,0,NA,NA,NA,NA,0,0,NA,NA,NA,dead
2022,15,1186,drought,NA,NA,NA,0,NA,0,NA,NA,NA,NA,NA,0,NA,NA,NA,NA,dead
2023,15,1187,drought,NA,5,4,1,NA,0,NA,15.70796327,NA,2.754167798,NA,0,NA,NA,NA,NA,V
2022,6,1188,irrigated,NA,19,4,1,1,0,0,59.69026042,18.84955592,4.089168865,2.936489355,0,0,NA,NA,NA,V
2023,6,1188,irrigated,NA,6,4,1,NA,0,NA,18.84955592,NA,2.936489355,NA,0,NA,NA,NA,NA,V
2019,8,1190,control,NA,4.5,3,1,1,0,0,10.60287521,11.78097245,2.36112521,2.466485726,0,0,NA,NA,NA,V
2020,8,1190,control,NA,5,3,1,1,0,0,11.78097245,63.61725124,2.466485726,4.152884679,0,0,NA,NA,NA,V
2021,8,1190,control,NA,9,9,1,1,0,0,63.61725124,142.9424657,4.152884679,4.962442212,0,0,NA,NA,NA,V
2022,8,1190,control,NA,14,13,1,1,0,1,142.9424657,142.9424657,4.962442212,4.962442212,0,4,NA,27,NA,V
2023,8,1190,control,NA,13,14,1,NA,1,NA,142.9424657,NA,4.962442212,NA,4,NA,27,NA,6,F
2019,7,1191,drought,NA,11,7,1,NA,1,NA,60.47565858,NA,4.102240947,NA,3,0,NA,NA,NA,F
2020,7,1191,drought,NA,NA,NA,NA,0,NA,NA,NA,NA,NA,NA,0,0,NA,NA,NA,NA
2021,7,1191,drought,NA,NA,NA,0,0,NA,0,NA,NA,NA,NA,0,0,NA,NA,NA,dead
2022,7,1191,drought,NA,NA,NA,0,0,0,0,NA,NA,NA,NA,0,0,NA,NA,NA,dead
2023,7,1191,drought,NA,NA,NA,0,NA,0,NA,NA,NA,NA,NA,0,NA,NA,NA,NA,dead
2019,7,1192,drought,NA,8.5,4,1,NA,0,NA,26.70353756,NA,3.284796049,NA,0,0,NA,NA,NA,V
2020,7,1192,drought,NA,NA,NA,NA,1,NA,0,NA,7.068583471,NA,1.955660102,0,0,NA,NA,NA,NA
2021,7,1192,drought,NA,6,1.5,1,0,0,NA,7.068583471,NA,1.955660102,NA,0,0,NA,NA,NA,V
2022,7,1192,drought,NA,NA,NA,0,0,NA,NA,NA,NA,NA,NA,0,0,NA,NA,NA,dead
2023,7,1192,drought,NA,NA,NA,0,NA,NA,NA,NA,NA,NA,NA,0,NA,NA,NA,NA,dead
2019,14,1193,drought,NA,7,3,1,1,0,0,16.49336143,7.853981634,2.802957962,2.061020618,0,0,NA,NA,NA,V
2020,14,1193,drought,NA,4,2.5,1,1,0,0,7.853981634,16.49336143,2.061020618,2.802957962,0,0,NA,NA,NA,V
2021,14,1193,drought,NA,7,3,1,1,0,0,16.49336143,21.20575041,2.802957962,3.054272391,0,0,NA,NA,NA,V
2022,14,1193,drought,NA,9,3,1,1,0,0,21.20575041,24.74004215,3.054272391,3.208423071,0,0,NA,NA,NA,V
2023,14,1193,drought,NA,10.5,3,1,NA,0,NA,24.74004215,NA,3.208423071,NA,0,NA,NA,NA,NA,V
2023,5,1194,drought,NA,8,3,1,NA,0,NA,18.84955592,NA,2.936489355,NA,0,NA,NA,NA,NA,V
2019,15,1195,drought,NA,9,3,1,1,0,0,21.20575041,18.84955592,3.054272391,2.936489355,0,0,NA,NA,NA,V
2020,15,1195,drought,NA,6,4,1,1,0,0,18.84955592,31.41592654,2.936489355,3.447314979,0,0,NA,NA,NA,V
2021,15,1195,drought,NA,8,5,1,1,0,0,31.41592654,54.97787144,3.447314979,4.006930767,0,0,NA,NA,NA,V
2022,15,1195,drought,NA,10,7,1,1,0,0,54.97787144,35.34291735,4.006930767,3.565098014,0,0,NA,NA,NA,V
2023,15,1195,drought,NA,9,5,1,NA,0,NA,35.34291735,NA,3.565098014,NA,0,NA,NA,NA,NA,V
2022,6,1198,irrigated,NA,11,12,1,1,0,0,103.6725576,45.94579256,4.641237447,3.827462279,0,0,NA,NA,NA,V
2023,6,1198,irrigated,NA,13,4.5,1,NA,0,NA,45.94579256,NA,3.827462279,NA,0,NA,NA,NA,NA,V
2019,6,1199,irrigated,NA,6.5,3,1,1,0,0,15.31526419,24.74004215,2.72884999,3.208423071,0,0,NA,NA,NA,V
2020,6,1199,irrigated,NA,9,3.5,1,1,0,0,24.74004215,31.41592654,3.208423071,3.447314979,0,0,NA,NA,NA,V
2021,6,1199,irrigated,NA,10,4,1,1,0,0,31.41592654,142.9424657,3.447314979,4.962442212,0,0,NA,NA,NA,V
2022,6,1199,irrigated,NA,13,14,1,1,0,1,142.9424657,138.2300768,4.962442212,4.92891952,0,6,NA,0,NA,V
2023,6,1199,irrigated,NA,16,11,1,NA,1,NA,138.2300768,NA,4.92891952,NA,6,NA,0,NA,0,F
2019,11,1200,control,NA,4,2,1,0,0,NA,6.283185307,NA,1.837877066,NA,0,0,NA,NA,NA,V
2020,11,1200,control,NA,NA,NA,0,0,NA,NA,NA,NA,NA,NA,0,0,NA,NA,NA,dead
2021,11,1200,control,NA,NA,NA,0,0,NA,NA,NA,NA,NA,NA,0,0,NA,NA,NA,dead
2022,11,1200,control,NA,NA,NA,0,0,NA,NA,NA,NA,NA,NA,0,0,NA,NA,NA,dead
2023,11,1200,control,NA,NA,NA,0,NA,NA,NA,NA,NA,NA,NA,0,NA,NA,NA,NA,dead
2022,5,1205,drought,NA,5,4,1,1,0,0,15.70796327,28.27433388,2.754167798,3.341954463,0,0,NA,NA,NA,V
2023,5,1205,drought,NA,9,4,1,NA,0,NA,28.27433388,NA,3.341954463,NA,0,NA,NA,NA,NA,V
2023,2,1206,control,NA,4,1,1,NA,0,NA,3.141592654,NA,1.144729886,NA,0,NA,NA,NA,NA,V
2022,6,1207,irrigated,NA,8,14,1,1,1,1,87.9645943,132.7322896,4.476934396,4.88833424,4,7,55,79,13,F
2023,6,1207,irrigated,NA,13,13,1,NA,1,NA,132.7322896,NA,4.88833424,NA,7,NA,79,NA,11,F
2022,6,1208,irrigated,NA,12.5,12.5,1,1,0,0,122.718463,82.46680716,4.809892813,4.412395875,0,0,NA,NA,NA,V
2023,6,1208,irrigated,NA,15,7,1,NA,0,NA,82.46680716,NA,4.412395875,NA,0,NA,NA,NA,NA,V
2019,6,1209,irrigated,NA,9,7,1,NA,0,NA,49.48008429,NA,3.901570251,NA,0,0,NA,NA,NA,V
2020,6,1209,irrigated,NA,NA,NA,NA,0,NA,0,NA,NA,NA,NA,0,0,NA,NA,NA,NA
2021,6,1209,irrigated,NA,NA,NA,0,0,0,0,NA,NA,NA,NA,0,0,NA,NA,NA,dead
2022,6,1209,irrigated,NA,NA,NA,0,NA,0,NA,NA,NA,NA,NA,0,NA,NA,NA,NA,dead
2018,1,121,irrigated,NA,6.5,4,1,1,1,1,20.42035225,90.71348787,3.016532063,4.507706055,3,2,NA,NA,NA,F
2019,1,121,irrigated,NA,11,10.5,1,NA,1,NA,90.71348787,NA,4.507706055,NA,2,0,NA,NA,NA,F
2020,1,121,irrigated,NA,NA,NA,NA,1,NA,0,NA,95.03317777,NA,4.55422607,0,0,NA,NA,NA,NA
2021,1,121,irrigated,NA,11,11,1,1,0,1,95.03317777,182.605073,4.55422607,5.20732575,0,4,NA,0,NA,V
2022,1,121,irrigated,NA,15.5,15,1,1,1,1,182.605073,109.9557429,5.20732575,4.700077947,4,5,0,0,0,F
2023,1,121,irrigated,NA,14,10,1,NA,1,NA,109.9557429,NA,4.700077947,NA,5,NA,0,NA,0,F
2019,6,1210,irrigated,NA,8.5,5,1,1,0,1,33.37942194,42.41150082,3.507939601,3.747419571,0,2,NA,NA,NA,V
2020,6,1210,irrigated,NA,12,4.5,1,NA,1,NA,42.41150082,NA,3.747419571,NA,2,0,NA,NA,NA,F
2021,6,1210,irrigated,NA,NA,NA,NA,1,NA,1,NA,200.2765317,NA,5.29969907,0,3,NA,67,NA,NA
2022,6,1210,irrigated,NA,17,15,1,1,1,1,200.2765317,160.2212253,5.29969907,5.076555519,3,3,67,49,22,F
2023,6,1210,irrigated,NA,17,12,1,NA,1,NA,160.2212253,NA,5.076555519,NA,3,NA,49,NA,16,F
2019,15,1214,drought,NA,5,4.5,1,1,0,0,17.67145868,12.9590697,2.871950834,2.561795906,0,0,NA,NA,NA,V
2020,15,1214,drought,NA,5.5,3,1,NA,0,NA,12.9590697,NA,2.561795906,NA,0,0,NA,NA,NA,V
2021,15,1214,drought,NA,NA,NA,NA,0,NA,0,NA,NA,NA,NA,0,0,NA,NA,NA,NA
2022,15,1214,drought,NA,NA,NA,0,NA,0,NA,NA,NA,NA,NA,0,NA,NA,NA,NA,dead
2019,7,1215,drought,NA,9,8,1,NA,1,NA,56.54866776,NA,4.035101644,NA,3,0,NA,NA,NA,F
2020,7,1215,drought,NA,NA,NA,NA,1,NA,0,NA,86.39379797,NA,4.458915891,0,0,NA,NA,NA,NA
2021,7,1215,drought,NA,11,10,1,1,0,0,86.39379797,54.97787144,4.458915891,4.006930767,0,0,NA,NA,NA,V
2022,7,1215,drought,NA,10,7,1,NA,0,NA,54.97787144,NA,4.006930767,NA,0,0,NA,NA,NA,V
2023,7,1215,drought,NA,NA,NA,NA,NA,NA,NA,NA,NA,NA,NA,0,NA,NA,NA,NA,NA
2022,15,1217,drought,NA,10,7,1,1,0,0,54.97787144,11.78097245,4.006930767,2.466485726,0,0,NA,NA,NA,V
2023,15,1217,drought,NA,5,3,1,NA,0,NA,11.78097245,NA,2.466485726,NA,0,NA,NA,NA,NA,V
2017,11,122,control,NA,6,3,1,1,0,0,14.13716694,53.01437603,2.648807283,3.970563123,0,0,NA,NA,NA,V
2018,11,122,control,NA,9,7.5,1,0,0,0,53.01437603,NA,3.970563123,NA,0,0,NA,NA,NA,V
2019,11,122,control,NA,NA,NA,0,0,0,NA,NA,NA,NA,NA,0,0,NA,NA,NA,dead
2020,11,122,control,NA,NA,NA,0,0,NA,0,NA,NA,NA,NA,0,0,NA,NA,NA,dead
2021,11,122,control,NA,NA,NA,0,0,0,0,NA,NA,NA,NA,0,0,NA,NA,NA,dead
2022,11,122,control,NA,NA,NA,0,NA,0,NA,NA,NA,NA,NA,0,NA,NA,NA,NA,dead
2019,11,1221,control,NA,5,2.5,1,1,0,0,9.817477042,23.36559536,2.284164169,3.151264657,0,0,NA,NA,NA,V
2020,11,1221,control,NA,8.5,3.5,1,1,0,0,23.36559536,23.5619449,3.151264657,3.159632906,0,0,NA,NA,NA,V
2021,11,1221,control,NA,10,3,1,1,0,0,23.5619449,51.05088062,3.159632906,3.932822795,0,0,NA,NA,NA,V
2022,11,1221,control,NA,10,6.5,1,1,0,0,51.05088062,47.1238898,3.932822795,3.852780087,0,0,NA,NA,NA,V
2023,11,1221,control,NA,10,6,1,NA,0,NA,47.1238898,NA,3.852780087,NA,0,NA,NA,NA,NA,V
2018,5,1224,drought,NA,13,7,1,1,1,1,71.47123287,74.61282552,4.269295031,4.312312416,1,0,NA,NA,NA,F
2019,5,1224,drought,NA,10,9.5,1,NA,1,NA,74.61282552,NA,4.312312416,NA,0,0,NA,NA,NA,F
2020,5,1224,drought,NA,NA,NA,NA,0,NA,0,NA,NA,NA,NA,0,0,NA,NA,NA,NA
2021,5,1224,drought,NA,NA,NA,0,0,0,0,NA,NA,NA,NA,0,0,NA,NA,NA,dead
2022,5,1224,drought,NA,NA,NA,0,NA,0,NA,NA,NA,NA,NA,0,NA,NA,NA,NA,dead
2022,7,1225,drought,NA,10,3.5,1,1,0,0,27.48893572,30.23782929,3.313783586,3.409093766,0,0,NA,NA,NA,V
2023,7,1225,drought,NA,7,5.5,1,NA,0,NA,30.23782929,NA,3.409093766,NA,0,NA,NA,NA,NA,V
2022,6,1227,irrigated,NA,8.5,9,1,NA,0,NA,60.0829595,NA,4.095726266,NA,0,0,NA,NA,NA,V
2023,6,1227,irrigated,NA,NA,NA,NA,NA,NA,NA,NA,NA,NA,NA,0,NA,NA,NA,NA,NA
2022,6,1228,irrigated,NA,9,8,1,1,0,0,56.54866776,65.97344573,4.035101644,4.189252324,0,0,NA,NA,NA,V
2023,6,1228,irrigated,NA,14,6,1,NA,0,NA,65.97344573,NA,4.189252324,NA,0,NA,NA,NA,NA,V
2017,2,123,control,NA,11,5,1,1,1,0,43.19689899,49.48008429,3.76576871,3.901570251,3,0,NA,NA,NA,F
2018,2,123,control,NA,10.5,6,1,1,0,1,49.48008429,54.97787144,3.901570251,4.006930767,0,0,NA,NA,NA,V
2019,2,123,control,NA,10,7,1,NA,1,NA,54.97787144,NA,4.006930767,NA,0,0,NA,NA,NA,F
2020,2,123,control,NA,NA,NA,NA,1,NA,0,NA,28.27433388,NA,3.341954463,0,0,NA,NA,NA,NA
2021,2,123,control,NA,9,4,1,0,0,0,28.27433388,NA,3.341954463,NA,0,0,NA,NA,NA,V
2022,2,123,control,NA,NA,NA,0,1,0,1,NA,117.8097245,NA,4.769070819,0,5,NA,28,NA,U
2023,2,123,control,NA,15,10,1,NA,1,NA,117.8097245,NA,4.769070819,NA,5,NA,28,NA,5,F
2022,13,1231,control,NA,2.5,2,1,1,0,0,3.926990817,3.141592654,1.367873437,1.144729886,0,0,NA,NA,NA,V
2023,13,1231,control,NA,2,2,1,NA,0,NA,3.141592654,NA,1.144729886,NA,0,NA,NA,NA,NA,V
2019,14,1234,drought,NA,7,3,1,1,0,0,16.49336143,10.79922475,2.802957962,2.379474349,0,0,NA,NA,NA,V
2020,14,1234,drought,NA,5.5,2.5,1,1,0,0,10.79922475,15.31526419,2.379474349,2.72884999,0,0,NA,NA,NA,V
2021,14,1234,drought,NA,6.5,3,1,1,0,0,15.31526419,43.98229715,2.72884999,3.783787215,0,0,NA,NA,NA,V
2022,14,1234,drought,NA,8,7,1,1,0,0,43.98229715,23.5619449,3.783787215,3.159632906,0,0,NA,NA,NA,V
2023,14,1234,drought,NA,5,6,1,NA,0,NA,23.5619449,NA,3.159632906,NA,0,NA,NA,NA,NA,V
2022,8,1235,control,NA,11,2,1,1,0,0,17.27875959,10.99557429,2.849477978,2.397492854,0,0,NA,NA,NA,V
2023,8,1235,control,NA,7,2,1,NA,0,NA,10.99557429,NA,2.397492854,NA,0,NA,NA,NA,NA,V
2019,14,1236,drought,NA,5,2,1,1,0,0,7.853981634,6.283185307,2.061020618,1.837877066,0,0,NA,NA,NA,V
2020,14,1236,drought,NA,4,2,1,1,0,0,6.283185307,10.99557429,1.837877066,2.397492854,0,0,NA,NA,NA,V
2021,14,1236,drought,NA,3.5,4,1,1,0,0,10.99557429,31.41592654,2.397492854,3.447314979,0,0,NA,NA,NA,V
2022,14,1236,drought,NA,4,10,1,1,0,0,31.41592654,51.83627878,3.447314979,3.948090267,0,0,NA,NA,NA,V
2023,14,1236,drought,NA,11,6,1,NA,0,NA,51.83627878,NA,3.948090267,NA,0,NA,NA,NA,NA,V
2019,6,1237,irrigated,NA,5.5,4,1,1,0,0,17.27875959,15.31526419,2.849477978,2.72884999,0,0,NA,NA,NA,V
2020,6,1237,irrigated,NA,6.5,3,1,1,0,0,15.31526419,49.48008429,2.72884999,3.901570251,0,0,NA,NA,NA,V
2021,6,1237,irrigated,NA,9,7,1,1,0,1,49.48008429,94.24777961,3.901570251,4.545927268,0,3,NA,34,NA,V
2022,6,1237,irrigated,NA,12,10,1,1,1,1,94.24777961,183.7831702,4.545927268,5.21375664,3,7,34,106,11,F
2023,6,1237,irrigated,NA,18,13,1,NA,1,NA,183.7831702,NA,5.21375664,NA,7,NA,106,NA,15,F
2022,7,1238,drought,NA,5,3,1,0,0,0,11.78097245,NA,2.466485726,NA,0,0,NA,NA,NA,V
2023,7,1238,drought,NA,NA,NA,0,NA,0,NA,NA,NA,NA,NA,0,NA,NA,NA,NA,U
2019,9,1240,irrigated,NA,7,2,1,1,0,0,10.99557429,18.84955592,2.397492854,2.936489355,0,0,NA,NA,NA,V
2020,9,1240,irrigated,NA,8,3,1,1,0,0,18.84955592,35.34291735,2.936489355,3.565098014,0,0,NA,NA,NA,V
2021,9,1240,irrigated,NA,9,5,1,1,0,0,35.34291735,95.03317777,3.565098014,4.55422607,0,0,NA,NA,NA,V
2022,9,1240,irrigated,NA,11,11,1,1,0,0,95.03317777,141.3716694,4.55422607,4.951392376,0,0,NA,NA,NA,V
2023,9,1240,irrigated,NA,15,12,1,NA,0,NA,141.3716694,NA,4.951392376,NA,0,NA,NA,NA,NA,V
2022,6,1241,irrigated,NA,13,3,1,1,0,0,30.63052837,95.03317777,3.421997171,4.55422607,0,0,NA,NA,NA,V
2023,6,1241,irrigated,NA,11,11,1,NA,0,NA,95.03317777,NA,4.55422607,NA,0,NA,NA,NA,NA,V
2023,2,1242,control,NA,5.5,2,1,NA,0,NA,8.639379797,NA,2.156330798,NA,0,NA,NA,NA,NA,V
2019,6,1243,irrigated,NA,10.5,4,1,1,0,0,32.98672286,56.54866776,3.496105143,4.035101644,0,0,NA,NA,NA,V
2020,6,1243,irrigated,NA,12,6,1,1,0,0,56.54866776,112.3119374,4.035101644,4.721280155,0,0,NA,NA,NA,V
2021,6,1243,irrigated,NA,13,11,1,1,0,0,112.3119374,142.9424657,4.721280155,4.962442212,0,0,NA,NA,NA,V
2022,6,1243,irrigated,NA,13,14,1,1,0,1,142.9424657,164.9336143,4.962442212,5.105543055,0,7,NA,31,NA,V
2023,6,1243,irrigated,NA,15,14,1,NA,1,NA,164.9336143,NA,5.105543055,NA,7,NA,31,NA,6,F
2019,15,1244,drought,NA,7.5,3,1,1,0,0,17.67145868,12.76272016,2.871950834,2.546528434,0,0,NA,NA,NA,V
2020,15,1244,drought,NA,6.5,2.5,1,1,0,0,12.76272016,18.84955592,2.546528434,2.936489355,0,0,NA,NA,NA,V
2021,15,1244,drought,NA,6,4,1,1,0,0,18.84955592,38.87720909,2.936489355,3.660408194,0,0,NA,NA,NA,V
2022,15,1244,drought,NA,11,4.5,1,1,0,0,38.87720909,94.24777961,3.660408194,4.545927268,0,0,NA,NA,NA,V
2023,15,1244,drought,NA,15,8,1,NA,0,NA,94.24777961,NA,4.545927268,NA,0,NA,NA,NA,NA,V
2022,15,1245,drought,NA,7,2,1,1,0,0,10.99557429,21.99114858,2.397492854,3.090640035,0,0,NA,NA,NA,V
2023,15,1245,drought,NA,7,4,1,NA,0,NA,21.99114858,NA,3.090640035,NA,0,NA,NA,NA,NA,V
2022,7,1246,drought,NA,7,3,1,1,0,0,16.49336143,32.98672286,2.802957962,3.496105143,0,0,NA,NA,NA,V
2023,7,1246,drought,NA,12,3.5,1,NA,0,NA,32.98672286,NA,3.496105143,NA,0,NA,NA,NA,NA,V
2019,6,1247,irrigated,NA,5,2,1,1,0,0,7.853981634,23.5619449,2.061020618,3.159632906,0,0,NA,NA,NA,V
2020,6,1247,irrigated,NA,7.5,4,1,1,0,0,23.5619449,36.12831552,3.159632906,3.587076921,0,0,NA,NA,NA,V
2021,6,1247,irrigated,NA,11.5,4,1,1,0,0,36.12831552,91.89158512,3.587076921,4.52060946,0,0,NA,NA,NA,V
2022,6,1247,irrigated,NA,13,9,1,1,0,0,91.89158512,117.8097245,4.52060946,4.769070819,0,0,NA,NA,NA,V
2023,6,1247,irrigated,NA,15,10,1,NA,0,NA,117.8097245,NA,4.769070819,NA,0,NA,NA,NA,NA,V
2019,7,1249,drought,NA,5.3,3,1,1,0,0,12.4878308,10.99557429,2.524754634,2.397492854,0,0,NA,NA,NA,V
2020,7,1249,drought,NA,7,2,1,1,0,0,10.99557429,15.70796327,2.397492854,2.754167798,0,0,NA,NA,NA,V
2021,7,1249,drought,NA,5,4,1,1,0,0,15.70796327,NA,2.754167798,NA,0,0,NA,NA,NA,V
2022,7,1249,drought,NA,NA,NA,1,1,0,0,NA,28.27433388,NA,3.341954463,0,0,NA,NA,NA,dormant
2023,7,1249,drought,NA,12,3,1,NA,0,NA,28.27433388,NA,3.341954463,NA,0,NA,NA,NA,NA,V
2017,2,125,control,NA,12,7.5,1,1,1,0,70.68583471,78.53981634,4.258245195,4.363605711,3,0,NA,NA,NA,F
2018,2,125,control,NA,8,12.5,1,1,0,1,78.53981634,78.53981634,4.363605711,4.363605711,0,5,NA,NA,NA,V
2019,2,125,control,NA,10,10,1,1,1,1,78.53981634,18.84955592,4.363605711,2.936489355,5,0,NA,NA,NA,F
2020,2,125,control,NA,6,4,1,1,1,1,18.84955592,45.94579256,2.936489355,3.827462279,0,3,NA,NA,NA,F
2021,2,125,control,1,9,6.5,1,0,1,0,45.94579256,NA,3.827462279,NA,3,0,NA,NA,NA,F
2022,2,125,control,NA,NA,NA,0,0,0,0,NA,NA,NA,NA,0,0,NA,NA,NA,dead
2023,2,125,control,NA,NA,NA,0,NA,0,NA,NA,NA,NA,NA,0,NA,NA,NA,NA,dead
2019,7,1251,drought,NA,18,8.5,1,1,0,0,120.165919,25.13274123,4.788873446,3.224171428,0,0,NA,NA,NA,V
2020,7,1251,drought,NA,8,4,1,1,0,0,25.13274123,32.98672286,3.224171428,3.496105143,0,0,NA,NA,NA,V
2021,7,1251,drought,NA,7,6,1,1,0,0,32.98672286,164.9336143,3.496105143,5.105543055,0,0,NA,NA,NA,V
2022,7,1251,drought,NA,15,14,1,1,0,1,164.9336143,197.9203372,5.105543055,5.287864612,0,3,NA,8,NA,V
2023,7,1251,drought,NA,18,14,1,NA,1,NA,197.9203372,NA,5.287864612,NA,3,NA,8,NA,2,F
2022,7,1252,drought,NA,7,2,1,1,0,0,10.99557429,7.853981634,2.397492854,2.061020618,0,0,NA,NA,NA,V
2023,7,1252,drought,NA,5,2,1,NA,0,NA,7.853981634,NA,2.061020618,NA,0,NA,NA,NA,NA,V
2022,7,1253,drought,NA,8,2.5,1,1,0,0,15.70796327,10.99557429,2.754167798,2.397492854,0,0,NA,NA,NA,V
2023,7,1253,drought,NA,7,2,1,NA,0,NA,10.99557429,NA,2.397492854,NA,0,NA,NA,NA,NA,V
2019,7,1255,drought,NA,10.5,5,1,1,0,0,41.23340358,31.41592654,3.719248694,3.447314979,0,0,NA,NA,NA,V
2020,7,1255,drought,NA,8,5,1,1,0,1,31.41592654,9.424777961,3.447314979,2.243342175,0,2,NA,NA,NA,V
2021,7,1255,drought,1,6,2,1,1,1,0,9.424777961,117.8097245,2.243342175,4.769070819,2,0,NA,NA,NA,F
2022,7,1255,drought,NA,12.5,12,1,1,0,0,117.8097245,9.424777961,4.769070819,2.243342175,0,0,NA,NA,NA,V
2023,7,1255,drought,NA,6,2,1,NA,0,NA,9.424777961,NA,2.243342175,NA,0,NA,NA,NA,NA,V
2019,8,1258,control,NA,8,4,1,1,0,0,25.13274123,23.5619449,3.224171428,3.159632906,0,0,NA,NA,NA,V
2020,8,1258,control,NA,7.5,4,1,1,0,0,23.5619449,63.61725124,3.159632906,4.152884679,0,0,NA,NA,NA,V
2021,8,1258,control,NA,9,9,1,1,0,0,63.61725124,141.3716694,4.152884679,4.951392376,0,0,NA,NA,NA,V
2022,8,1258,control,NA,18,10,1,1,0,1,141.3716694,131.9468915,4.951392376,4.882399504,0,3,NA,48,NA,V
2023,8,1258,control,NA,14,12,1,NA,1,NA,131.9468915,NA,4.882399504,NA,3,NA,48,NA,16,F
2019,13,1260,control,NA,7,5,1,1,0,0,27.48893572,NA,3.313783586,NA,0,0,NA,NA,NA,V
2020,13,1260,control,NA,NA,NA,1,1,0,0,NA,2.945243113,NA,1.080191365,0,0,NA,NA,NA,dormant
2021,13,1260,control,NA,2.5,1.5,1,1,0,0,2.945243113,13.74446786,1.080191365,2.620636406,0,0,NA,NA,NA,V
2022,13,1260,control,NA,7,2.5,1,1,0,0,13.74446786,12.76272016,2.620636406,2.546528434,0,0,NA,NA,NA,V
2023,13,1260,control,NA,6.5,2.5,1,NA,0,NA,12.76272016,NA,2.546528434,NA,0,NA,NA,NA,NA,V
2022,7,1262,drought,NA,5,2.5,1,1,0,0,9.817477042,37.69911184,2.284164169,3.629636536,0,0,NA,NA,NA,V
2023,7,1262,drought,NA,12,4,1,NA,0,NA,37.69911184,NA,3.629636536,NA,0,NA,NA,NA,NA,V
2022,7,1265,drought,NA,7,3,1,0,0,0,16.49336143,NA,2.802957962,NA,0,0,NA,NA,NA,V
2023,7,1265,drought,NA,NA,NA,0,NA,0,NA,NA,NA,NA,NA,0,NA,NA,NA,NA,U
2019,6,1266,irrigated,NA,10,5,1,NA,1,NA,39.26990817,NA,3.67045853,NA,3,0,NA,NA,NA,F
2020,6,1266,irrigated,NA,NA,NA,NA,1,NA,0,NA,47.1238898,NA,3.852780087,0,0,NA,NA,NA,NA
2021,6,1266,irrigated,NA,12,5,1,1,0,1,47.1238898,164.9336143,3.852780087,5.105543055,0,4,NA,56,NA,V
2022,6,1266,irrigated,NA,15,14,1,1,1,0,164.9336143,103.6725576,5.105543055,4.641237447,4,0,56,NA,14,F
2023,6,1266,irrigated,NA,12,11,1,NA,0,NA,103.6725576,NA,4.641237447,NA,0,NA,NA,NA,NA,V
2023,5,1267,drought,NA,6,2,1,NA,0,NA,9.424777961,NA,2.243342175,NA,0,NA,NA,NA,NA,V
2019,11,1268,control,NA,2.5,2,1,1,0,0,3.926990817,NA,1.367873437,NA,0,0,NA,NA,NA,V
2020,11,1268,control,NA,NA,NA,1,1,0,0,NA,3.141592654,NA,1.144729886,0,0,NA,NA,NA,dormant
2021,11,1268,control,NA,2,2,1,1,0,0,3.141592654,12.56637061,1.144729886,2.531024247,0,0,NA,NA,NA,V
2022,11,1268,control,NA,8,2,1,1,0,0,12.56637061,18.84955592,2.531024247,2.936489355,0,0,NA,NA,NA,V
2023,11,1268,control,NA,8,3,1,NA,0,NA,18.84955592,NA,2.936489355,NA,0,NA,NA,NA,NA,V
2019,15,1269,drought,NA,11,5,1,NA,0,NA,43.19689899,NA,3.76576871,NA,0,0,NA,NA,NA,V
2020,15,1269,drought,NA,NA,NA,NA,1,NA,0,NA,9.424777961,NA,2.243342175,0,0,NA,NA,NA,NA
2021,15,1269,drought,NA,6,2,1,1,0,0,9.424777961,NA,2.243342175,NA,0,0,NA,NA,NA,V
2022,15,1269,drought,NA,NA,NA,1,1,0,0,NA,35.34291735,NA,3.565098014,0,0,NA,NA,NA,dormant
2023,15,1269,drought,NA,10,4.5,1,NA,0,NA,35.34291735,NA,3.565098014,NA,0,NA,NA,NA,NA,V
2018,5,127,drought,NA,4.5,9,1,1,0,0,31.80862562,7.853981634,3.459737499,2.061020618,0,0,NA,NA,NA,V
2019,5,127,drought,NA,5,2,1,NA,0,NA,7.853981634,NA,2.061020618,NA,0,0,NA,NA,NA,V
2020,5,127,drought,NA,NA,NA,NA,0,NA,0,NA,NA,NA,NA,0,0,NA,NA,NA,NA
2021,5,127,drought,NA,NA,NA,0,0,0,0,NA,NA,NA,NA,0,0,NA,NA,NA,dead
2022,5,127,drought,NA,NA,NA,0,NA,0,NA,NA,NA,NA,NA,0,NA,NA,NA,NA,dead
2019,11,1270,control,NA,11,4,1,NA,0,NA,34.55751919,NA,3.542625159,NA,0,0,NA,NA,NA,V
2020,11,1270,control,NA,NA,NA,NA,1,NA,0,NA,31.41592654,NA,3.447314979,0,0,NA,NA,NA,NA
2021,11,1270,control,NA,8,5,1,1,0,0,31.41592654,25.13274123,3.447314979,3.224171428,0,0,NA,NA,NA,V
2022,11,1270,control,NA,8,4,1,1,0,0,25.13274123,21.20575041,3.224171428,3.054272391,0,0,NA,NA,NA,V
2023,11,1270,control,NA,9,3,1,NA,0,NA,21.20575041,NA,3.054272391,NA,0,NA,NA,NA,NA,V
2019,3,1271,control,NA,6.5,2,1,1,0,0,10.21017612,15.70796327,2.323384882,2.754167798,0,0,NA,NA,NA,V
2020,3,1271,control,NA,5,4,1,1,0,0,15.70796327,18.84955592,2.754167798,2.936489355,0,0,NA,NA,NA,V
2021,3,1271,control,NA,6,4,1,1,0,0,18.84955592,87.9645943,2.936489355,4.476934396,0,0,NA,NA,NA,V
2022,3,1271,control,NA,16,7,1,1,0,1,87.9645943,84.82300165,4.476934396,4.440566752,0,2,NA,0,NA,V
2023,3,1271,control,NA,12,9,1,NA,1,NA,84.82300165,NA,4.440566752,NA,2,NA,0,NA,0,F
2019,15,1272,drought,NA,7.5,3.5,1,1,0,0,20.61670179,11.78097245,3.026101514,2.466485726,0,0,NA,NA,NA,V
2020,15,1272,drought,NA,5,3,1,1,0,0,11.78097245,6.283185307,2.466485726,1.837877066,0,0,NA,NA,NA,V
2021,15,1272,drought,NA,4,2,1,1,0,0,6.283185307,84.82300165,1.837877066,4.440566752,0,0,NA,NA,NA,V
2022,15,1272,drought,NA,12,9,1,1,0,0,84.82300165,28.27433388,4.440566752,3.341954463,0,0,NA,NA,NA,V
2023,15,1272,drought,NA,6,6,1,NA,0,NA,28.27433388,NA,3.341954463,NA,0,NA,NA,NA,NA,V
2019,15,1274,drought,NA,10,3,1,1,0,0,23.5619449,18.84955592,3.159632906,2.936489355,0,0,NA,NA,NA,V
2020,15,1274,drought,NA,8,3,1,1,0,0,18.84955592,39.26990817,2.936489355,3.67045853,0,0,NA,NA,NA,V
2021,15,1274,drought,NA,10,5,1,1,0,0,39.26990817,47.1238898,3.67045853,3.852780087,0,0,NA,NA,NA,V
2022,15,1274,drought,NA,10,6,1,1,0,0,47.1238898,62.83185307,3.852780087,4.140462159,0,0,NA,NA,NA,V
2023,15,1274,drought,NA,16,5,1,NA,0,NA,62.83185307,NA,4.140462159,NA,0,NA,NA,NA,NA,V
2022,8,1275,control,NA,13,8,1,1,0,0,81.68140899,103.6725576,4.402826424,4.641237447,0,0,NA,NA,NA,V
2023,8,1275,control,NA,12,11,1,NA,0,NA,103.6725576,NA,4.641237447,NA,0,NA,NA,NA,NA,V
2022,15,1276,drought,NA,7,5,1,1,0,0,27.48893572,47.1238898,3.313783586,3.852780087,0,0,NA,NA,NA,V
2023,15,1276,drought,NA,15,4,1,NA,0,NA,47.1238898,NA,3.852780087,NA,0,NA,NA,NA,NA,V
2019,15,1277,drought,NA,6,6,1,1,0,0,28.27433388,11.78097245,3.341954463,2.466485726,0,0,NA,NA,NA,V
2020,15,1277,drought,NA,5,3,1,1,0,0,11.78097245,18.84955592,2.466485726,2.936489355,0,0,NA,NA,NA,V
2021,15,1277,drought,NA,8,3,1,1,0,0,18.84955592,21.99114858,2.936489355,3.090640035,0,0,NA,NA,NA,V
2022,15,1277,drought,NA,7,4,1,1,0,0,21.99114858,35.34291735,3.090640035,3.565098014,0,0,NA,NA,NA,V
2023,15,1277,drought,NA,9,5,1,NA,0,NA,35.34291735,NA,3.565098014,NA,0,NA,NA,NA,NA,V
2019,11,1278,control,NA,6,3,1,NA,0,NA,14.13716694,NA,2.648807283,NA,0,0,NA,NA,NA,V
2020,11,1278,control,NA,NA,NA,NA,1,NA,0,NA,49.48008429,NA,3.901570251,0,0,NA,NA,NA,NA
2021,11,1278,control,NA,9,7,1,1,0,0,49.48008429,30.63052837,3.901570251,3.421997171,0,0,NA,NA,NA,V
2022,11,1278,control,NA,13,3,1,1,0,1,30.63052837,40.8407045,3.421997171,3.709679243,0,2,NA,0,NA,V
2023,11,1278,control,NA,13,4,1,NA,1,NA,40.8407045,NA,3.709679243,NA,2,NA,0,NA,0,F
2023,7,128,drought,NA,8,3,1,NA,0,NA,18.84955592,NA,2.936489355,NA,0,NA,NA,NA,NA,V
2022,6,1280,irrigated,NA,11,2.5,1,1,1,0,21.59844949,71.47123287,3.072621529,4.269295031,4,0,67,NA,16,F
2023,6,1280,irrigated,NA,13,7,1,NA,0,NA,71.47123287,NA,4.269295031,NA,0,NA,NA,NA,NA,V
2022,6,1281,irrigated,NA,19,7,1,1,0,1,104.4579557,160.2212253,4.648784653,5.076555519,0,5,NA,68,NA,V
2023,6,1281,irrigated,NA,17,12,1,NA,1,NA,160.2212253,NA,5.076555519,NA,5,NA,68,NA,13,F
2022,6,1282,irrigated,NA,14,12,1,1,0,0,131.9468915,132.7322896,4.882399504,4.88833424,0,0,NA,NA,NA,V
2023,6,1282,irrigated,NA,13,13,1,NA,0,NA,132.7322896,NA,4.88833424,NA,0,NA,NA,NA,NA,V
2019,3,1283,control,NA,3.5,1.5,1,1,0,0,4.123340358,5.890486225,1.416663601,1.773338545,0,0,NA,NA,NA,V
2020,3,1283,control,NA,3,2.5,1,1,0,0,5.890486225,10.99557429,1.773338545,2.397492854,0,0,NA,NA,NA,V
2021,3,1283,control,NA,7,2,1,1,0,0,10.99557429,21.20575041,2.397492854,3.054272391,0,0,NA,NA,NA,V
2022,3,1283,control,NA,9,3,1,1,0,1,21.20575041,35.34291735,3.054272391,3.565098014,0,3,NA,41,NA,V
2023,3,1283,control,NA,9,5,1,NA,1,NA,35.34291735,NA,3.565098014,NA,3,NA,41,NA,13,F
2022,11,1284,control,NA,4,3,1,0,0,0,9.424777961,NA,2.243342175,NA,0,0,NA,NA,NA,V
2023,11,1284,control,NA,NA,NA,0,NA,0,NA,NA,NA,NA,NA,0,NA,NA,NA,NA,U
2023,5,1285,drought,NA,9,4.5,1,NA,0,NA,31.80862562,NA,3.459737499,NA,0,NA,NA,NA,NA,V
2019,7,1287,drought,NA,6,4,1,0,0,0,18.84955592,NA,2.936489355,NA,0,0,NA,NA,NA,V
2020,7,1287,drought,NA,NA,NA,0,0,0,0,NA,NA,NA,NA,0,0,NA,NA,NA,dead
2021,7,1287,drought,NA,NA,NA,0,0,0,NA,NA,NA,NA,NA,0,0,NA,NA,NA,dead
2022,7,1287,drought,NA,NA,NA,0,0,NA,NA,NA,NA,NA,NA,0,0,NA,NA,NA,dead
2023,7,1287,drought,NA,NA,NA,0,NA,NA,NA,NA,NA,NA,NA,0,NA,NA,NA,NA,dead
2023,13,1288,control,NA,8,2.5,1,NA,0,NA,15.70796327,NA,2.754167798,NA,0,NA,NA,NA,NA,V
2022,15,1289,drought,NA,7,7,1,1,0,0,38.48451001,51.05088062,3.650255823,3.932822795,0,0,NA,NA,NA,V
2023,15,1289,drought,NA,13,5,1,NA,0,NA,51.05088062,NA,3.932822795,NA,0,NA,NA,NA,NA,V
2019,15,1290,drought,NA,5,3.5,1,1,0,0,13.74446786,7.068583471,2.620636406,1.955660102,0,0,NA,NA,NA,V
2020,15,1290,drought,NA,4.5,2,1,0,0,0,7.068583471,NA,1.955660102,NA,0,0,NA,NA,NA,V
2021,15,1290,drought,NA,NA,NA,0,0,0,0,NA,NA,NA,NA,0,0,NA,NA,NA,dead
2022,15,1290,drought,NA,NA,NA,0,NA,0,NA,NA,NA,NA,NA,0,NA,NA,NA,NA,dead
2019,12,1292,irrigated,NA,4,2.5,1,1,0,0,7.853981634,6.87223393,2.061020618,1.927489225,0,0,NA,NA,NA,V
2020,12,1292,irrigated,NA,3.5,2.5,1,1,0,0,6.87223393,9.817477042,1.927489225,2.284164169,0,0,NA,NA,NA,V
2021,12,1292,irrigated,NA,5,2.5,1,1,0,0,9.817477042,23.36559536,2.284164169,3.151264657,0,0,NA,NA,NA,V
2022,12,1292,irrigated,NA,8.5,3.5,1,1,0,0,23.36559536,34.55751919,3.151264657,3.542625159,0,0,NA,NA,NA,V
2023,12,1292,irrigated,NA,11,4,1,NA,0,NA,34.55751919,NA,3.542625159,NA,0,NA,NA,NA,NA,V
2019,9,1293,irrigated,NA,7,2,1,1,0,0,10.99557429,21.99114858,2.397492854,3.090640035,0,0,NA,NA,NA,V
2020,9,1293,irrigated,NA,7,4,1,1,0,0,21.99114858,23.5619449,3.090640035,3.159632906,0,0,NA,NA,NA,V
2021,9,1293,irrigated,NA,6,5,1,1,0,0,23.5619449,49.48008429,3.159632906,3.901570251,0,0,NA,NA,NA,V
2022,9,1293,irrigated,NA,9,7,1,1,0,0,49.48008429,133.5176878,3.901570251,4.894233962,0,0,NA,NA,NA,V
2023,9,1293,irrigated,NA,17,10,1,NA,0,NA,133.5176878,NA,4.894233962,NA,0,NA,NA,NA,NA,V
2019,1,1294,irrigated,NA,4,2,1,1,0,0,6.283185307,10.79922475,1.837877066,2.379474349,0,0,NA,NA,NA,V
2020,1,1294,irrigated,NA,5.5,2.5,1,0,0,0,10.79922475,NA,2.379474349,NA,0,0,NA,NA,NA,V
2021,1,1294,irrigated,NA,NA,NA,0,0,0,0,NA,NA,NA,NA,0,0,NA,NA,NA,dead
2022,1,1294,irrigated,NA,NA,NA,0,NA,0,NA,NA,NA,NA,NA,0,NA,NA,NA,NA,dead
2022,7,1295,drought,NA,9,4,1,1,0,0,28.27433388,7.068583471,3.341954463,1.955660102,0,0,NA,NA,NA,V
2023,7,1295,drought,NA,4.5,2,1,NA,0,NA,7.068583471,NA,1.955660102,NA,0,NA,NA,NA,NA,V
2022,7,1296,drought,NA,4,1.5,1,1,0,0,4.71238898,10.99557429,1.550194994,2.397492854,0,0,NA,NA,NA,V
2023,7,1296,drought,NA,7,2,1,NA,0,NA,10.99557429,NA,2.397492854,NA,0,NA,NA,NA,NA,V
2019,15,1297,drought,NA,9,2.5,1,NA,0,NA,17.67145868,NA,2.871950834,NA,0,0,NA,NA,NA,V
2020,15,1297,drought,NA,NA,NA,NA,1,NA,0,NA,11.78097245,NA,2.466485726,0,0,NA,NA,NA,NA
2021,15,1297,drought,NA,5,3,1,0,0,0,11.78097245,NA,2.466485726,NA,0,0,NA,NA,NA,V
2022,15,1297,drought,NA,NA,NA,0,0,0,0,NA,NA,NA,NA,0,0,NA,NA,NA,dead
2023,15,1297,drought,NA,NA,NA,0,NA,0,NA,NA,NA,NA,NA,0,NA,NA,NA,NA,dead
2019,6,1298,irrigated,NA,8,5,1,1,0,0,31.41592654,32.98672286,3.447314979,3.496105143,0,0,NA,NA,NA,V
2020,6,1298,irrigated,NA,12,3.5,1,1,0,0,32.98672286,37.69911184,3.496105143,3.629636536,0,0,NA,NA,NA,V
2021,6,1298,irrigated,NA,8,6,1,1,0,0,37.69911184,123.7002107,3.629636536,4.817860983,0,0,NA,NA,NA,V
2022,6,1298,irrigated,NA,17.5,9,1,1,0,0,123.7002107,87.9645943,4.817860983,4.476934396,0,0,NA,NA,NA,V
2023,6,1298,irrigated,NA,16,7,1,NA,0,NA,87.9645943,NA,4.476934396,NA,0,NA,NA,NA,NA,V
2023,5,1299,drought,NA,6,3,1,NA,0,NA,14.13716694,NA,2.648807283,NA,0,NA,NA,NA,NA,V
2017,11,13,control,NA,11,5,1,1,0,0,43.19689899,32.98672286,3.76576871,3.496105143,0,0,NA,NA,NA,V
2018,11,13,control,NA,7,6,1,1,0,0,32.98672286,38.87720909,3.496105143,3.660408194,0,0,NA,NA,NA,V
2019,11,13,control,NA,9,5.5,1,1,0,0,38.87720909,16.49336143,3.660408194,2.802957962,0,0,NA,NA,NA,V
2020,11,13,control,NA,7,3,1,1,0,1,16.49336143,39.26990817,2.802957962,3.67045853,0,2,NA,18,NA,V
2021,11,13,control,1,10,5,1,1,1,1,39.26990817,150.7964474,3.67045853,5.015930897,2,2,18,0,9,F
2022,11,13,control,NA,16,12,1,1,1,1,150.7964474,153.1526419,5.015930897,5.031435083,2,2,0,0,0,F
2023,11,13,control,NA,13,15,1,NA,1,NA,153.1526419,NA,5.031435083,NA,2,NA,0,NA,0,F
2019,7,1300,drought,NA,6.5,6.5,1,1,0,0,33.1830724,7.068583471,3.502039879,1.955660102,0,0,NA,NA,NA,V
2020,7,1300,drought,NA,6,1.5,1,1,0,0,7.068583471,13.74446786,1.955660102,2.620636406,0,0,NA,NA,NA,V
2021,7,1300,drought,NA,5,3.5,1,1,0,0,13.74446786,16.49336143,2.620636406,2.802957962,0,0,NA,NA,NA,V
2022,7,1300,drought,NA,7,3,1,1,0,0,16.49336143,51.83627878,2.802957962,3.948090267,0,0,NA,NA,NA,V
2023,7,1300,drought,NA,11,6,1,NA,0,NA,51.83627878,NA,3.948090267,NA,0,NA,NA,NA,NA,V
2017,9,132,irrigated,NA,15,12,1,1,0,0,141.3716694,91.89158512,4.951392376,4.52060946,0,0,NA,NA,NA,V
2018,9,132,irrigated,NA,13,9,1,1,0,0,91.89158512,3.141592654,4.52060946,1.144729886,0,0,NA,NA,NA,V
2019,9,132,irrigated,NA,2,2,1,NA,0,NA,3.141592654,NA,1.144729886,NA,0,0,NA,NA,NA,V
2020,9,132,irrigated,NA,NA,NA,NA,0,NA,0,NA,NA,NA,NA,0,0,NA,NA,NA,NA
2021,9,132,irrigated,NA,NA,NA,0,0,0,0,NA,NA,NA,NA,0,0,NA,NA,NA,dead
2022,9,132,irrigated,NA,NA,NA,0,NA,0,NA,NA,NA,NA,NA,0,NA,NA,NA,NA,dead
2016,6,133,irrigated,NA,NA,NA,1,1,1,0,NA,132.7322896,NA,4.88833424,6,0,NA,NA,NA,F
2017,6,133,irrigated,NA,13,13,1,1,0,1,132.7322896,153.1526419,4.88833424,5.031435083,0,3,NA,NA,NA,V
2018,6,133,irrigated,NA,15,13,1,1,1,0,153.1526419,147.2621556,5.031435083,4.99221437,3,0,NA,NA,NA,F
2019,6,133,irrigated,NA,15,12.5,1,1,0,0,147.2621556,81.68140899,4.99221437,4.402826424,0,0,NA,NA,NA,V
2020,6,133,irrigated,NA,13,8,1,1,0,0,81.68140899,28.27433388,4.402826424,3.341954463,0,0,NA,NA,NA,V
2021,6,133,irrigated,NA,9,4,1,1,0,1,28.27433388,86.39379797,3.341954463,4.458915891,0,9,NA,143,NA,V
2022,6,133,irrigated,NA,11,10,1,1,1,1,86.39379797,253.6836068,4.458915891,5.536087848,9,6,143,0,15,F
2023,6,133,irrigated,NA,19,17,1,NA,1,NA,253.6836068,NA,5.536087848,NA,6,NA,0,NA,0,F
2018,1,139,irrigated,NA,10,3,1,1,1,1,23.5619449,47.1238898,3.159632906,3.852780087,2,2,NA,NA,NA,F
2019,1,139,irrigated,NA,10,6,1,NA,1,NA,47.1238898,NA,3.852780087,NA,2,0,NA,NA,NA,F
2020,1,139,irrigated,NA,NA,NA,NA,1,NA,0,NA,153.1526419,NA,5.031435083,0,0,NA,NA,NA,NA
2021,1,139,irrigated,NA,15,13,1,1,0,1,153.1526419,132.7322896,5.031435083,4.88833424,0,6,NA,124,NA,V
2022,1,139,irrigated,NA,13,13,1,1,1,1,132.7322896,91.89158512,4.88833424,4.52060946,6,7,124,107,20,F
2023,1,139,irrigated,NA,13,9,1,NA,1,NA,91.89158512,NA,4.52060946,NA,7,NA,107,NA,15,F
2019,8,1397,control,NA,9,3.5,1,1,0,0,24.74004215,11.78097245,3.208423071,2.466485726,0,0,NA,NA,NA,V
2020,8,1397,control,NA,6,2.5,1,1,0,0,11.78097245,4.71238898,2.466485726,1.550194994,0,0,NA,NA,NA,V
2021,8,1397,control,NA,3,2,1,1,0,0,4.71238898,67.15154297,1.550194994,4.206951901,0,0,NA,NA,NA,V
2022,8,1397,control,NA,9.5,9,1,1,0,0,67.15154297,51.05088062,4.206951901,3.932822795,0,0,NA,NA,NA,V
2023,8,1397,control,NA,13,5,1,NA,0,NA,51.05088062,NA,3.932822795,NA,0,NA,NA,NA,NA,V
2018,9,1404,irrigated,NA,7,4.5,1,1,0,0,24.74004215,86.78649706,3.208423071,4.463451046,0,0,NA,NA,NA,V
2019,9,1404,irrigated,NA,13,8.5,1,1,0,0,86.78649706,40.8407045,4.463451046,3.709679243,0,0,NA,NA,NA,V
2020,9,1404,irrigated,NA,13,4,1,1,0,0,40.8407045,141.3716694,3.709679243,4.951392376,0,0,NA,NA,NA,V
2021,9,1404,irrigated,NA,15,12,1,1,0,0,141.3716694,186.9247629,4.951392376,5.230706198,0,0,NA,NA,NA,V
2022,9,1404,irrigated,NA,17,14,1,1,0,0,186.9247629,155.5088364,5.230706198,5.046702555,0,0,NA,NA,NA,V
2023,9,1404,irrigated,NA,18,11,1,NA,0,NA,155.5088364,NA,5.046702555,NA,0,NA,NA,NA,NA,V
2019,6,1406,irrigated,NA,9.5,3.5,1,1,0,0,26.11448893,27.48893572,3.262490292,3.313783586,0,0,NA,NA,NA,V
2020,6,1406,irrigated,NA,10,3.5,1,1,0,0,27.48893572,18.84955592,3.313783586,2.936489355,0,0,NA,NA,NA,V
2021,6,1406,irrigated,NA,8,3,1,1,0,0,18.84955592,122.5221135,2.936489355,4.808291532,0,0,NA,NA,NA,V
2022,6,1406,irrigated,NA,13,12,1,1,0,0,122.5221135,84.82300165,4.808291532,4.440566752,0,0,NA,NA,NA,V
2023,6,1406,irrigated,NA,18,6,1,NA,0,NA,84.82300165,NA,4.440566752,NA,0,NA,NA,NA,NA,V
2019,2,1407,control,NA,8.5,7,1,NA,0,NA,46.73119072,NA,3.844411837,NA,0,0,NA,NA,NA,V
2020,2,1407,control,NA,NA,NA,NA,0,NA,NA,NA,NA,NA,NA,0,0,NA,NA,NA,NA
2021,2,1407,control,NA,NA,NA,0,0,NA,0,NA,NA,NA,NA,0,0,NA,NA,NA,dead
2022,2,1407,control,NA,NA,NA,0,NA,0,NA,NA,NA,NA,NA,0,NA,NA,NA,NA,dead
2019,3,1408,control,NA,11,5,1,1,0,0,43.19689899,7.853981634,3.76576871,2.061020618,0,0,NA,NA,NA,V
2020,3,1408,control,NA,4,2.5,1,1,0,0,7.853981634,12.9590697,2.061020618,2.561795906,0,0,NA,NA,NA,V
2021,3,1408,control,NA,5.5,3,1,1,0,0,12.9590697,25.91813939,2.561795906,3.254943086,0,0,NA,NA,NA,V
2022,3,1408,control,NA,11,3,1,1,0,0,25.91813939,70.68583471,3.254943086,4.258245195,0,0,NA,NA,NA,V
2023,3,1408,control,NA,15,6,1,NA,0,NA,70.68583471,NA,4.258245195,NA,0,NA,NA,NA,NA,V
2019,2,1409,control,NA,8.5,3,1,0,0,0,20.02765317,NA,2.997113977,NA,0,0,NA,NA,NA,V
2020,2,1409,control,NA,NA,NA,0,0,0,0,NA,NA,NA,NA,0,0,NA,NA,NA,dead
2021,2,1409,control,NA,NA,NA,0,0,0,0,NA,NA,NA,NA,0,0,NA,NA,NA,dead
2022,2,1409,control,NA,NA,NA,0,NA,0,NA,NA,NA,NA,NA,0,NA,NA,NA,NA,dead
2017,7,141,drought,NA,10,9,1,1,0,0,70.68583471,35.34291735,4.258245195,3.565098014,0,0,NA,NA,NA,V
2018,7,141,drought,NA,9,5,1,1,0,0,35.34291735,34.55751919,3.565098014,3.542625159,0,0,NA,NA,NA,V
2019,7,141,drought,NA,11,4,1,1,0,0,34.55751919,37.30641276,3.542625159,3.619165236,0,0,NA,NA,NA,V
2020,7,141,drought,NA,9.5,5,1,1,0,0,37.30641276,23.5619449,3.619165236,3.159632906,0,0,NA,NA,NA,V
2021,7,141,drought,NA,6,5,1,1,0,0,23.5619449,NA,3.159632906,NA,0,0,NA,NA,NA,V
2022,7,141,drought,NA,NA,NA,1,1,0,0,NA,84.82300165,NA,4.440566752,0,0,NA,NA,NA,dormant
2023,7,141,drought,NA,12,9,1,NA,0,NA,84.82300165,NA,4.440566752,NA,0,NA,NA,NA,NA,V
2021,6,1412,irrigated,NA,9,9,1,1,0,0,63.61725124,134.3030859,4.152884679,4.900099081,0,0,NA,NA,NA,V
2022,6,1412,irrigated,NA,19,9,1,1,0,0,134.3030859,131.9468915,4.900099081,4.882399504,0,0,NA,NA,NA,V
2023,6,1412,irrigated,NA,14,12,1,NA,0,NA,131.9468915,NA,4.882399504,NA,0,NA,NA,NA,NA,V
2019,2,1419,control,NA,12,5.5,1,NA,0,NA,51.83627878,NA,3.948090267,NA,0,0,NA,NA,NA,V
2020,2,1419,control,NA,NA,NA,NA,0,NA,0,NA,NA,NA,NA,0,0,NA,NA,NA,NA
2021,2,1419,control,NA,NA,NA,0,0,0,0,NA,NA,NA,NA,0,0,NA,NA,NA,dead
2022,2,1419,control,NA,NA,NA,0,NA,0,NA,NA,NA,NA,NA,0,NA,NA,NA,NA,dead
2019,15,1425,drought,NA,5,4.5,1,0,0,0,17.67145868,NA,2.871950834,NA,0,0,NA,NA,NA,V
2020,15,1425,drought,NA,NA,NA,0,0,0,0,NA,NA,NA,NA,0,0,NA,NA,NA,dead
2021,15,1425,drought,NA,NA,NA,0,0,0,0,NA,NA,NA,NA,0,0,NA,NA,NA,dead
2022,15,1425,drought,NA,NA,NA,0,NA,0,NA,NA,NA,NA,NA,0,NA,NA,NA,NA,dead
2022,5,1426,drought,NA,8,2.5,1,1,0,0,15.70796327,62.83185307,2.754167798,4.140462159,0,0,NA,NA,NA,V
2023,5,1426,drought,NA,8,10,1,NA,0,NA,62.83185307,NA,4.140462159,NA,0,NA,NA,NA,NA,V
2021,6,1427,irrigated,NA,8,2,1,1,0,0,12.56637061,25.13274123,2.531024247,3.224171428,0,0,NA,NA,NA,V
2022,6,1427,irrigated,NA,8,4,1,1,0,0,25.13274123,47.1238898,3.224171428,3.852780087,0,0,NA,NA,NA,V
2023,6,1427,irrigated,NA,10,6,1,NA,0,NA,47.1238898,NA,3.852780087,NA,0,NA,NA,NA,NA,V
2016,6,143,irrigated,NA,NA,NA,1,1,1,0,NA,37.69911184,NA,3.629636536,2,0,NA,NA,NA,F
2017,6,143,irrigated,NA,8,6,1,1,0,0,37.69911184,9.817477042,3.629636536,2.284164169,0,0,NA,NA,NA,V
2018,6,143,irrigated,NA,5,2.5,1,1,0,0,9.817477042,15.31526419,2.284164169,2.72884999,0,0,NA,NA,NA,V
2019,6,143,irrigated,NA,6.5,3,1,NA,0,NA,15.31526419,NA,2.72884999,NA,0,0,NA,NA,NA,V
2020,6,143,irrigated,NA,NA,NA,NA,0,NA,NA,NA,NA,NA,NA,0,0,NA,NA,NA,NA
2021,6,143,irrigated,NA,NA,NA,0,0,NA,NA,NA,NA,NA,NA,0,0,NA,NA,NA,dead
2022,6,143,irrigated,NA,NA,NA,0,0,NA,NA,NA,NA,NA,NA,0,0,NA,NA,NA,dead
2023,6,143,irrigated,NA,NA,NA,0,NA,NA,NA,NA,NA,NA,NA,0,NA,NA,NA,NA,dead
2019,7,1431,drought,NA,7.5,4,1,1,0,0,23.5619449,NA,3.159632906,NA,0,0,NA,NA,NA,V
2020,7,1431,drought,NA,NA,NA,1,1,0,0,NA,NA,NA,NA,0,0,NA,NA,NA,dormant
2021,7,1431,drought,NA,NA,NA,1,1,0,0,NA,23.5619449,NA,3.159632906,0,0,NA,NA,NA,dormant
2022,7,1431,drought,NA,6,5,1,1,0,0,23.5619449,10.99557429,3.159632906,2.397492854,0,0,NA,NA,NA,V
2023,7,1431,drought,NA,7,2,1,NA,0,NA,10.99557429,NA,2.397492854,NA,0,NA,NA,NA,NA,V
2022,7,1439,drought,NA,9,5,1,1,0,0,35.34291735,49.48008429,3.565098014,3.901570251,0,0,NA,NA,NA,V
2023,7,1439,drought,NA,9,7,1,NA,0,NA,49.48008429,NA,3.901570251,NA,0,NA,NA,NA,NA,V
2022,15,1440,drought,NA,8,5,1,1,0,0,31.41592654,61.26105675,3.447314979,4.115144351,0,0,NA,NA,NA,V
2023,15,1440,drought,NA,13,6,1,NA,0,NA,61.26105675,NA,4.115144351,NA,0,NA,NA,NA,NA,V
2023,2,1443,control,NA,2,2,1,NA,0,NA,3.141592654,NA,1.144729886,NA,0,NA,NA,NA,NA,V
2019,9,1444,irrigated,NA,5.5,5.5,1,1,0,0,23.75829444,24.74004215,3.167931709,3.208423071,0,0,NA,NA,NA,V
2020,9,1444,irrigated,NA,9,3.5,1,1,0,0,24.74004215,23.5619449,3.208423071,3.159632906,0,0,NA,NA,NA,V
2021,9,1444,irrigated,NA,6,5,1,1,0,0,23.5619449,5.890486225,3.159632906,1.773338545,0,0,NA,NA,NA,V
2022,9,1444,irrigated,NA,5,1.5,1,1,0,0,5.890486225,11.78097245,1.773338545,2.466485726,0,0,NA,NA,NA,V
2023,9,1444,irrigated,NA,6,2.5,1,NA,0,NA,11.78097245,NA,2.466485726,NA,0,NA,NA,NA,NA,V
2019,6,1446,irrigated,NA,8,3,1,1,0,0,18.84955592,18.84955592,2.936489355,2.936489355,0,0,NA,NA,NA,V
2020,6,1446,irrigated,NA,8,3,1,1,0,0,18.84955592,37.69911184,2.936489355,3.629636536,0,0,NA,NA,NA,V
2021,6,1446,irrigated,NA,8,6,1,1,0,0,37.69911184,174.3583923,3.629636536,5.161112907,0,0,NA,NA,NA,V
2022,6,1446,irrigated,NA,18.5,12,1,1,0,1,174.3583923,325.1548396,5.161112907,5.784301499,0,8,NA,91,NA,V
2023,6,1446,irrigated,NA,23,18,1,NA,1,NA,325.1548396,NA,5.784301499,NA,8,NA,91,NA,11,F
2019,2,1448,control,NA,9.5,5.5,1,NA,1,NA,41.03705404,NA,3.714475416,NA,1,0,NA,NA,NA,F
2020,2,1448,control,NA,NA,NA,NA,1,NA,1,NA,21.99114858,NA,3.090640035,0,3,NA,NA,NA,NA
2021,2,1448,control,1,8,3.5,1,1,1,0,21.99114858,37.69911184,3.090640035,3.629636536,3,0,NA,NA,NA,F
2022,2,1448,control,NA,8,6,1,1,0,1,37.69911184,76.96902001,3.629636536,4.343403003,0,3,NA,13,NA,V
2023,2,1448,control,NA,14,7,1,NA,1,NA,76.96902001,NA,4.343403003,NA,3,NA,13,NA,4,F
2018,15,1451,drought,NA,7,5.5,1,1,0,0,30.23782929,16.49336143,3.409093766,2.802957962,0,0,NA,NA,NA,V
2019,15,1451,drought,NA,7,3,1,1,0,0,16.49336143,21.20575041,2.802957962,3.054272391,0,0,NA,NA,NA,V
2020,15,1451,drought,NA,9,3,1,NA,0,NA,21.20575041,NA,3.054272391,NA,0,0,NA,NA,NA,V
2021,15,1451,drought,NA,NA,NA,NA,NA,NA,NA,NA,NA,NA,NA,0,0,NA,NA,NA,NA
2022,15,1451,drought,NA,NA,NA,NA,1,NA,0,NA,11.78097245,NA,2.466485726,0,0,NA,NA,NA,NA
2023,15,1451,drought,NA,6,2.5,1,NA,0,NA,11.78097245,NA,2.466485726,NA,0,NA,NA,NA,NA,V
2022,15,1453,drought,NA,5,7,1,1,0,0,27.48893572,18.84955592,3.313783586,2.936489355,0,0,NA,NA,NA,V
2023,15,1453,drought,NA,8,3,1,NA,0,NA,18.84955592,NA,2.936489355,NA,0,NA,NA,NA,NA,V
2019,5,1455,drought,NA,4.5,3,1,1,0,0,10.60287521,NA,2.36112521,NA,0,0,NA,NA,NA,V
2020,5,1455,drought,NA,NA,NA,1,1,0,0,NA,NA,NA,NA,0,0,NA,NA,NA,dormant
2021,5,1455,drought,NA,NA,NA,1,1,0,0,NA,21.59844949,NA,3.072621529,0,0,NA,NA,NA,dormant
2022,5,1455,drought,NA,11,2.5,1,1,0,0,21.59844949,9.424777961,3.072621529,2.243342175,0,0,NA,NA,NA,V
2023,5,1455,drought,NA,4,3,1,NA,0,NA,9.424777961,NA,2.243342175,NA,0,NA,NA,NA,NA,V
2019,1,1459,irrigated,NA,7,1,1,1,0,0,5.497787144,7.853981634,1.704345674,2.061020618,0,0,NA,NA,NA,V
2020,1,1459,irrigated,NA,5,2,1,1,0,0,7.853981634,NA,2.061020618,NA,0,0,NA,NA,NA,V
2021,1,1459,irrigated,NA,NA,NA,1,NA,0,NA,NA,NA,NA,NA,0,0,NA,NA,NA,dormant
2022,1,1459,irrigated,NA,NA,NA,NA,1,NA,0,NA,49.48008429,NA,3.901570251,0,0,NA,NA,NA,NA
2023,1,1459,irrigated,NA,9,7,1,NA,0,NA,49.48008429,NA,3.901570251,NA,0,NA,NA,NA,NA,V
2017,1,146,irrigated,NA,9,4,1,1,1,0,28.27433388,52.22897787,3.341954463,3.955637472,3,0,NA,NA,NA,F
2018,1,146,irrigated,NA,9.5,7,1,1,0,1,52.22897787,45.94579256,3.955637472,3.827462279,0,2,NA,NA,NA,V
2019,1,146,irrigated,NA,9,6.5,1,NA,1,NA,45.94579256,NA,3.827462279,NA,2,0,NA,NA,NA,F
2020,1,146,irrigated,NA,NA,NA,NA,1,NA,0,NA,43.98229715,NA,3.783787215,0,0,NA,NA,NA,NA
2021,1,146,irrigated,NA,8,7,1,1,0,0,43.98229715,31.41592654,3.783787215,3.447314979,0,0,NA,NA,NA,V
2022,1,146,irrigated,NA,10,4,1,1,0,1,31.41592654,43.19689899,3.447314979,3.76576871,0,3,NA,0,NA,V
2023,1,146,irrigated,NA,11,5,1,NA,1,NA,43.19689899,NA,3.76576871,NA,3,NA,0,NA,0,F
2019,14,1461,drought,NA,6,5,1,1,0,0,23.5619449,41.03705404,3.159632906,3.714475416,0,0,NA,NA,NA,V
2020,14,1461,drought,NA,9.5,5.5,1,1,0,0,41.03705404,67.74059159,3.714475416,4.215685581,0,0,NA,NA,NA,V
2021,14,1461,drought,NA,11.5,7.5,1,1,0,0,67.74059159,86.39379797,4.215685581,4.458915891,0,0,NA,NA,NA,V
2022,14,1461,drought,NA,10,11,1,1,0,0,86.39379797,28.27433388,4.458915891,3.341954463,0,0,NA,NA,NA,V
2023,14,1461,drought,NA,9,4,1,NA,0,NA,28.27433388,NA,3.341954463,NA,0,NA,NA,NA,NA,V
2018,11,1464,control,NA,6,5,1,1,0,0,23.5619449,4.71238898,3.159632906,1.550194994,0,0,NA,NA,NA,V
2019,11,1464,control,NA,3,2,1,0,0,NA,4.71238898,NA,1.550194994,NA,0,0,NA,NA,NA,V
2020,11,1464,control,NA,NA,NA,0,0,NA,NA,NA,NA,NA,NA,0,0,NA,NA,NA,dead
2021,11,1464,control,NA,NA,NA,0,0,NA,0,NA,NA,NA,NA,0,0,NA,NA,NA,dead
2022,11,1464,control,NA,NA,NA,0,NA,0,NA,NA,NA,NA,NA,0,NA,NA,NA,NA,dead
2019,1,1466,irrigated,NA,10.5,7,1,NA,1,NA,57.72676501,NA,4.055720931,NA,3,0,NA,NA,NA,F
2020,1,1466,irrigated,NA,NA,NA,NA,1,NA,0,NA,14.13716694,NA,2.648807283,0,0,NA,NA,NA,NA
2021,1,1466,irrigated,NA,9,2,1,1,0,0,14.13716694,83.44855486,2.648807283,4.424230333,0,0,NA,NA,NA,V
2022,1,1466,irrigated,NA,12.5,8.5,1,1,0,0,83.44855486,23.5619449,4.424230333,3.159632906,0,0,NA,NA,NA,V
2023,1,1466,irrigated,NA,10,3,1,NA,0,NA,23.5619449,NA,3.159632906,NA,0,NA,NA,NA,NA,V
2021,8,1468,control,NA,9,2.5,1,1,0,0,17.67145868,37.69911184,2.871950834,3.629636536,0,0,NA,NA,NA,V
2022,8,1468,control,NA,12,4,1,1,0,0,37.69911184,25.91813939,3.629636536,3.254943086,0,0,NA,NA,NA,V
2023,8,1468,control,NA,11,3,1,NA,0,NA,25.91813939,NA,3.254943086,NA,0,NA,NA,NA,NA,V
2021,13,1471,control,NA,4,1.5,1,1,0,0,4.71238898,24.74004215,1.550194994,3.208423071,0,0,NA,NA,NA,V
2022,13,1471,control,NA,7,4.5,1,1,0,0,24.74004215,21.99114858,3.208423071,3.090640035,0,0,NA,NA,NA,V
2023,13,1471,control,NA,7,4,1,NA,0,NA,21.99114858,NA,3.090640035,NA,0,NA,NA,NA,NA,V
2018,14,1472,drought,NA,7,7.5,1,1,0,0,41.23340358,26.70353756,3.719248694,3.284796049,0,0,NA,NA,NA,V
2019,14,1472,drought,NA,8.5,4,1,1,0,0,26.70353756,18.84955592,3.284796049,2.936489355,0,0,NA,NA,NA,V
2020,14,1472,drought,NA,8,3,1,1,0,0,18.84955592,17.67145868,2.936489355,2.871950834,0,0,NA,NA,NA,V
2021,14,1472,drought,NA,5,4.5,1,1,0,0,17.67145868,21.20575041,2.871950834,3.054272391,0,0,NA,NA,NA,V
2022,14,1472,drought,NA,9,3,1,0,0,0,21.20575041,NA,3.054272391,NA,0,0,NA,NA,NA,V
2023,14,1472,drought,NA,NA,NA,0,NA,0,NA,NA,NA,NA,NA,0,NA,NA,NA,NA,U
2018,11,1477,control,NA,6,8,1,1,0,0,37.69911184,14.13716694,3.629636536,2.648807283,0,0,NA,NA,NA,V
2019,11,1477,control,NA,6,3,1,1,0,0,14.13716694,18.84955592,2.648807283,2.936489355,0,0,NA,NA,NA,V
2020,11,1477,control,NA,8,3,1,1,0,0,18.84955592,38.48451001,2.936489355,3.650255823,0,0,NA,NA,NA,V
2021,11,1477,control,NA,7,7,1,1,0,0,38.48451001,102.1017612,3.650255823,4.625969975,0,0,NA,NA,NA,V
2022,11,1477,control,NA,13,10,1,1,0,1,102.1017612,31.41592654,4.625969975,3.447314979,0,2,NA,0,NA,V
2023,11,1477,control,NA,10,4,1,NA,1,NA,31.41592654,NA,3.447314979,NA,2,NA,0,NA,0,F
2019,1,1478,irrigated,NA,12,5,1,NA,0,NA,47.1238898,NA,3.852780087,NA,0,0,NA,NA,NA,V
2020,1,1478,irrigated,NA,NA,NA,NA,0,NA,0,NA,NA,NA,NA,0,0,NA,NA,NA,NA
2021,1,1478,irrigated,NA,NA,NA,0,0,0,0,NA,NA,NA,NA,0,0,NA,NA,NA,dead
2022,1,1478,irrigated,NA,NA,NA,0,NA,0,NA,NA,NA,NA,NA,0,NA,NA,NA,NA,dead
2018,7,1479,drought,NA,7.5,4,1,1,0,0,23.5619449,15.31526419,3.159632906,2.72884999,0,0,NA,NA,NA,V
2019,7,1479,drought,NA,6.5,3,1,1,0,0,15.31526419,18.84955592,2.72884999,2.936489355,0,0,NA,NA,NA,V
2020,7,1479,drought,NA,8,3,1,1,0,0,18.84955592,16.49336143,2.936489355,2.802957962,0,0,NA,NA,NA,V
2021,7,1479,drought,NA,7,3,1,1,0,0,16.49336143,100.5309649,2.802957962,4.610465789,0,0,NA,NA,NA,V
2022,7,1479,drought,NA,16,8,1,1,0,0,100.5309649,125.6637061,4.610465789,4.83360934,0,0,NA,NA,NA,V
2023,7,1479,drought,NA,16,10,1,NA,0,NA,125.6637061,NA,4.83360934,NA,0,NA,NA,NA,NA,V
2019,2,1480,control,NA,13,9.5,1,NA,1,NA,96.99667318,NA,4.574676681,NA,6,0,NA,NA,NA,F
2020,2,1480,control,NA,NA,NA,NA,1,NA,1,NA,113.0973355,NA,4.728248824,0,5,NA,NA,NA,NA
2021,2,1480,control,NA,12,12,1,1,1,1,113.0973355,106.0287521,4.728248824,4.663710303,5,4,NA,14,NA,F
2022,2,1480,control,NA,15,9,1,1,1,0,106.0287521,53.60342465,4.663710303,3.981612959,4,0,14,NA,3,F
2023,2,1480,control,NA,10.5,6.5,1,NA,0,NA,53.60342465,NA,3.981612959,NA,0,NA,NA,NA,NA,V
2018,7,1483,drought,NA,5,2.5,1,0,0,0,9.817477042,NA,2.284164169,NA,0,0,NA,NA,NA,V
2019,7,1483,drought,NA,NA,NA,0,0,0,0,NA,NA,NA,NA,0,0,NA,NA,NA,dead
2020,7,1483,drought,NA,NA,NA,0,0,0,0,NA,NA,NA,NA,0,0,NA,NA,NA,dead
2021,7,1483,drought,NA,NA,NA,0,0,0,0,NA,NA,NA,NA,0,0,NA,NA,NA,dead
2022,7,1483,drought,NA,NA,NA,0,NA,0,NA,NA,NA,NA,NA,0,NA,NA,NA,NA,dead
2018,6,1484,irrigated,NA,7,5.5,1,1,0,0,30.23782929,18.65320638,3.409093766,2.926018055,0,0,NA,NA,NA,V
2019,6,1484,irrigated,NA,9.5,2.5,1,0,0,0,18.65320638,NA,2.926018055,NA,0,0,NA,NA,NA,V
2020,6,1484,irrigated,NA,NA,NA,0,0,0,0,NA,NA,NA,NA,0,0,NA,NA,NA,dead
2021,6,1484,irrigated,NA,NA,NA,0,0,0,0,NA,NA,NA,NA,0,0,NA,NA,NA,dead
2022,6,1484,irrigated,NA,NA,NA,0,NA,0,NA,NA,NA,NA,NA,0,NA,NA,NA,NA,dead
2018,6,1487,irrigated,NA,12,9,1,1,1,0,84.82300165,67.15154297,4.440566752,4.206951901,3,0,NA,NA,NA,F
2019,6,1487,irrigated,NA,9.5,9,1,NA,0,NA,67.15154297,NA,4.206951901,NA,0,0,NA,NA,NA,V
2020,6,1487,irrigated,NA,NA,NA,NA,NA,NA,NA,NA,NA,NA,NA,0,0,NA,NA,NA,NA
2021,6,1487,irrigated,NA,NA,NA,NA,NA,NA,NA,NA,NA,NA,NA,0,0,NA,NA,NA,NA
2022,6,1487,irrigated,NA,NA,NA,NA,1,NA,0,NA,120.165919,NA,4.788873446,0,0,NA,NA,NA,NA
2023,6,1487,irrigated,NA,17,9,1,NA,0,NA,120.165919,NA,4.788873446,NA,0,NA,NA,NA,NA,V
2018,7,1488,drought,NA,11,3.5,1,1,0,0,30.23782929,15.31526419,3.409093766,2.72884999,0,0,NA,NA,NA,V
2019,7,1488,drought,NA,6.5,3,1,1,0,0,15.31526419,NA,2.72884999,NA,0,0,NA,NA,NA,V
2020,7,1488,drought,NA,NA,NA,1,1,0,0,NA,7.853981634,NA,2.061020618,0,0,NA,NA,NA,dormant
2021,7,1488,drought,NA,4,2.5,1,NA,0,NA,7.853981634,NA,2.061020618,NA,0,0,NA,NA,NA,V
2022,7,1488,drought,NA,NA,NA,NA,0,NA,0,NA,NA,NA,NA,0,0,NA,NA,NA,NA
2023,7,1488,drought,NA,NA,NA,0,NA,0,NA,NA,NA,NA,NA,0,NA,NA,NA,NA,U
2022,11,1489,control,NA,4,2,1,1,0,0,6.283185307,10.99557429,1.837877066,2.397492854,0,0,NA,NA,NA,V
2023,11,1489,control,NA,7,2,1,NA,0,NA,10.99557429,NA,2.397492854,NA,0,NA,NA,NA,NA,V
2018,6,1490,irrigated,NA,13,11,1,1,1,1,112.3119374,78.53981634,4.721280155,4.363605711,3,4,NA,NA,NA,F
2019,6,1490,irrigated,NA,10,10,1,1,1,1,78.53981634,112.3119374,4.363605711,4.721280155,4,1,NA,NA,NA,F
2020,6,1490,irrigated,NA,13,11,1,1,1,1,112.3119374,84.82300165,4.721280155,4.440566752,1,6,NA,58,NA,F
2021,6,1490,irrigated,1,13.5,8,1,1,1,0,84.82300165,112.3119374,4.440566752,4.721280155,6,0,58,NA,9,F
2022,6,1490,irrigated,NA,13,11,1,1,0,1,112.3119374,125.6637061,4.721280155,4.83360934,0,7,NA,0,NA,V
2023,6,1490,irrigated,NA,16,10,1,NA,1,NA,125.6637061,NA,4.83360934,NA,7,NA,0,NA,0,F
2019,9,1492,irrigated,NA,9,5,1,1,0,0,35.34291735,37.69911184,3.565098014,3.629636536,0,0,NA,NA,NA,V
2020,9,1492,irrigated,NA,8,6,1,1,0,1,37.69911184,132.7322896,3.629636536,4.88833424,0,2,NA,NA,NA,V
2021,9,1492,irrigated,1,13,13,1,1,1,0,132.7322896,169.6460033,4.88833424,5.133713932,2,0,NA,NA,NA,F
2022,9,1492,irrigated,NA,12,18,1,1,0,0,169.6460033,72.64933011,5.133713932,4.285644169,0,0,NA,NA,NA,V
2023,9,1492,irrigated,NA,18.5,5,1,NA,0,NA,72.64933011,NA,4.285644169,NA,0,NA,NA,NA,NA,V
2019,6,1493,irrigated,NA,11,6,1,1,0,1,51.83627878,31.41592654,3.948090267,3.447314979,0,4,NA,NA,NA,V
2020,6,1493,irrigated,NA,10,4,1,1,1,0,31.41592654,21.59844949,3.447314979,3.072621529,4,0,NA,NA,NA,F
2021,6,1493,irrigated,NA,5.5,5,1,1,0,0,21.59844949,173.5729941,3.072621529,5.156598226,0,0,NA,NA,NA,V
2022,6,1493,irrigated,NA,17,13,1,1,0,0,173.5729941,112.3119374,5.156598226,4.721280155,0,0,NA,NA,NA,V
2023,6,1493,irrigated,NA,13,11,1,NA,0,NA,112.3119374,NA,4.721280155,NA,0,NA,NA,NA,NA,V
2019,15,1494,drought,NA,6,3,1,1,0,0,14.13716694,19.242255,2.648807283,2.957108642,0,0,NA,NA,NA,V
2020,15,1494,drought,NA,7,3.5,1,1,0,0,19.242255,43.98229715,2.957108642,3.783787215,0,0,NA,NA,NA,V
2021,15,1494,drought,NA,8,7,1,1,0,0,43.98229715,78.53981634,3.783787215,4.363605711,0,0,NA,NA,NA,V
2022,15,1494,drought,NA,10,10,1,1,0,1,78.53981634,106.0287521,4.363605711,4.663710303,0,3,NA,15,NA,V
2023,15,1494,drought,NA,15,9,1,NA,1,NA,106.0287521,NA,4.663710303,NA,3,NA,15,NA,5,F
2022,6,1495,irrigated,NA,8,3,1,1,0,0,18.84955592,16.49336143,2.936489355,2.802957962,0,0,NA,NA,NA,V
2023,6,1495,irrigated,NA,7,3,1,NA,0,NA,16.49336143,NA,2.802957962,NA,0,NA,NA,NA,NA,V
2022,11,1497,control,NA,5,2,1,0,0,0,7.853981634,NA,2.061020618,NA,0,0,NA,NA,NA,V
2023,11,1497,control,NA,NA,NA,0,NA,0,NA,NA,NA,NA,NA,0,NA,NA,NA,NA,U
2019,6,1498,irrigated,NA,7.5,6.5,1,1,0,0,38.28816047,16.68971097,3.645140722,2.81479242,0,0,NA,NA,NA,V
2020,6,1498,irrigated,NA,8.5,2.5,1,1,0,0,16.68971097,54.97787144,2.81479242,4.006930767,0,0,NA,NA,NA,V
2021,6,1498,irrigated,NA,10,7,1,1,0,0,54.97787144,95.42587685,4.006930767,4.558349788,0,0,NA,NA,NA,V
2022,6,1498,irrigated,NA,13.5,9,1,1,0,1,95.42587685,223.8384766,4.558349788,5.410924705,0,3,NA,31,NA,V
2023,6,1498,irrigated,NA,19,15,1,NA,1,NA,223.8384766,NA,5.410924705,NA,3,NA,31,NA,10,F
2017,3,150,control,NA,8,6,1,1,1,1,37.69911184,31.41592654,3.629636536,3.447314979,3,5,NA,NA,NA,F
2018,3,150,control,NA,8,5,1,1,1,0,31.41592654,19.242255,3.447314979,2.957108642,5,0,NA,NA,NA,F
2019,3,150,control,NA,7,3.5,1,1,0,1,19.242255,16.49336143,2.957108642,2.802957962,0,2,NA,NA,NA,V
2020,3,150,control,NA,7,3,1,1,1,0,16.49336143,21.99114858,2.802957962,3.090640035,2,0,NA,NA,NA,F
2021,3,150,control,NA,8,3.5,1,1,0,1,21.99114858,69.11503838,3.090640035,4.235772339,0,0,NA,0,NA,V
2022,3,150,control,NA,11,8,1,1,1,1,69.11503838,109.9557429,4.235772339,4.700077947,0,4,0,57,NA,F
2023,3,150,control,NA,14,10,1,NA,1,NA,109.9557429,NA,4.700077947,NA,4,NA,57,NA,14,F
2019,7,1501,drought,NA,8,4,1,0,0,0,25.13274123,NA,3.224171428,NA,0,0,NA,NA,NA,V
2020,7,1501,drought,NA,NA,NA,0,0,0,0,NA,NA,NA,NA,0,0,NA,NA,NA,dead
2021,7,1501,drought,NA,NA,NA,0,0,0,0,NA,NA,NA,NA,0,0,NA,NA,NA,dead
2022,7,1501,drought,NA,NA,NA,0,NA,0,NA,NA,NA,NA,NA,0,NA,NA,NA,NA,dead
2019,7,1504,drought,NA,6,3,1,1,0,0,14.13716694,15.31526419,2.648807283,2.72884999,0,0,NA,NA,NA,V
2020,7,1504,drought,NA,6.5,3,1,1,0,0,15.31526419,NA,2.72884999,NA,0,0,NA,NA,NA,V
2021,7,1504,drought,NA,NA,NA,1,NA,0,NA,NA,NA,NA,NA,0,0,NA,NA,NA,dormant
2022,7,1504,drought,NA,NA,NA,NA,1,NA,0,NA,60.47565858,NA,4.102240947,0,0,NA,NA,NA,NA
2023,7,1504,drought,NA,11,7,1,NA,0,NA,60.47565858,NA,4.102240947,NA,0,NA,NA,NA,NA,V
2022,7,1505,drought,NA,13,3,1,1,0,0,30.63052837,40.8407045,3.421997171,3.709679243,0,0,NA,NA,NA,V
2023,7,1505,drought,NA,13,4,1,NA,0,NA,40.8407045,NA,3.709679243,NA,0,NA,NA,NA,NA,V
2019,7,1506,drought,NA,6.5,3,1,NA,0,NA,15.31526419,NA,2.72884999,NA,0,0,NA,NA,NA,V
2020,7,1506,drought,NA,NA,NA,NA,1,NA,0,NA,NA,NA,NA,0,0,NA,NA,NA,NA
2021,7,1506,drought,NA,NA,NA,1,1,0,0,NA,7.068583471,NA,1.955660102,0,0,NA,NA,NA,dormant
2022,7,1506,drought,NA,6,1.5,1,1,0,0,7.068583471,8.246680716,1.955660102,2.109810782,0,0,NA,NA,NA,V
2023,7,1506,drought,NA,7,1.5,1,NA,0,NA,8.246680716,NA,2.109810782,NA,0,NA,NA,NA,NA,V
2019,6,1508,irrigated,NA,6.5,4,1,1,0,0,20.42035225,32.39767424,3.016532063,3.478086638,0,0,NA,NA,NA,V
2020,6,1508,irrigated,NA,7.5,5.5,1,1,0,0,32.39767424,37.69911184,3.478086638,3.629636536,0,0,NA,NA,NA,V
2021,6,1508,irrigated,NA,12,4,1,1,0,0,37.69911184,131.9468915,3.629636536,4.882399504,0,0,NA,NA,NA,V
2022,6,1508,irrigated,NA,12,14,1,1,0,1,131.9468915,223.8384766,4.882399504,5.410924705,0,5,NA,58,NA,V
2023,6,1508,irrigated,NA,19,15,1,NA,1,NA,223.8384766,NA,5.410924705,NA,5,NA,58,NA,11,F
2019,15,1514,drought,NA,12,6,1,1,0,0,56.54866776,22.38384766,4.035101644,3.108339612,0,0,NA,NA,NA,V
2020,15,1514,drought,NA,9.5,3,1,1,0,0,22.38384766,38.48451001,3.108339612,3.650255823,0,0,NA,NA,NA,V
2021,15,1514,drought,NA,7,7,1,1,0,1,38.48451001,64.79534848,3.650255823,4.171233818,0,1,NA,11,NA,V
2022,15,1514,drought,NA,16.5,5,1,1,1,1,64.79534848,117.8097245,4.171233818,4.769070819,1,3,11,28,11,F
2023,15,1514,drought,NA,15,10,1,NA,1,NA,117.8097245,NA,4.769070819,NA,3,NA,28,NA,9,F
2017,12,152,irrigated,NA,9,4,1,1,1,0,28.27433388,28.27433388,3.341954463,3.341954463,2,0,NA,NA,NA,F
2018,12,152,irrigated,NA,9,4,1,1,0,1,28.27433388,35.34291735,3.341954463,3.565098014,0,2,NA,NA,NA,V
2019,12,152,irrigated,NA,9,5,1,1,1,1,35.34291735,28.07798434,3.565098014,3.334985794,2,0,NA,NA,NA,F
2020,12,152,irrigated,NA,6.5,5.5,1,1,1,0,28.07798434,37.69911184,3.334985794,3.629636536,0,0,NA,NA,NA,F
2021,12,152,irrigated,NA,8,6,1,1,0,1,37.69911184,37.30641276,3.629636536,3.619165236,0,3,NA,0,NA,V
2022,12,152,irrigated,NA,9.5,5,1,1,1,1,37.30641276,42.41150082,3.619165236,3.747419571,3,2,0,18,0,F
2023,12,152,irrigated,NA,9,6,1,NA,1,NA,42.41150082,NA,3.747419571,NA,2,NA,18,NA,9,F
2019,15,1520,drought,NA,7,2.5,1,NA,0,NA,13.74446786,NA,2.620636406,NA,0,0,NA,NA,NA,V
2020,15,1520,drought,NA,NA,NA,NA,1,NA,0,NA,11.78097245,NA,2.466485726,0,0,NA,NA,NA,NA
2021,15,1520,drought,NA,5,3,1,1,0,0,11.78097245,23.5619449,2.466485726,3.159632906,0,0,NA,NA,NA,V
2022,15,1520,drought,NA,10,3,1,0,0,0,23.5619449,NA,3.159632906,NA,0,0,NA,NA,NA,V
2023,15,1520,drought,NA,NA,NA,0,NA,0,NA,NA,NA,NA,NA,0,NA,NA,NA,NA,U
2021,7,1523,drought,NA,6,2,1,1,0,0,9.424777961,14.13716694,2.243342175,2.648807283,0,0,NA,NA,NA,V
2022,7,1523,drought,NA,4,4.5,1,1,0,0,14.13716694,31.41592654,2.648807283,3.447314979,0,0,NA,NA,NA,V
2023,7,1523,drought,NA,10,4,1,NA,0,NA,31.41592654,NA,3.447314979,NA,0,NA,NA,NA,NA,V
2022,6,1527,irrigated,NA,16,3,1,1,0,0,37.69911184,51.05088062,3.629636536,3.932822795,0,0,NA,NA,NA,V
2023,6,1527,irrigated,NA,13,5,1,NA,0,NA,51.05088062,NA,3.932822795,NA,0,NA,NA,NA,NA,V
2019,11,1528,control,NA,11,9,1,NA,0,NA,77.75441818,NA,4.353555375,NA,0,0,NA,NA,NA,V
2020,11,1528,control,NA,NA,NA,NA,0,NA,0,NA,NA,NA,NA,0,0,NA,NA,NA,NA
2021,11,1528,control,NA,NA,NA,0,0,0,0,NA,NA,NA,NA,0,0,NA,NA,NA,dead
2022,11,1528,control,NA,NA,NA,0,NA,0,NA,NA,NA,NA,NA,0,NA,NA,NA,NA,dead
2022,11,1529,control,NA,7.5,1,1,1,0,0,5.890486225,21.20575041,1.773338545,3.054272391,0,0,NA,NA,NA,V
2023,11,1529,control,NA,9,3,1,NA,0,NA,21.20575041,NA,3.054272391,NA,0,NA,NA,NA,NA,V
2022,7,1531,drought,NA,9,3,1,1,0,0,21.20575041,84.82300165,3.054272391,4.440566752,0,0,NA,NA,NA,V
2023,7,1531,drought,NA,12,9,1,NA,0,NA,84.82300165,NA,4.440566752,NA,0,NA,NA,NA,NA,V
2022,11,1535,control,NA,5.5,1,1,1,0,0,4.319689899,10.99557429,1.463183617,2.397492854,0,0,NA,NA,NA,V
2023,11,1535,control,NA,7,2,1,NA,0,NA,10.99557429,NA,2.397492854,NA,0,NA,NA,NA,NA,V
2019,8,1536,control,NA,7,4,1,1,0,0,21.99114858,16.49336143,3.090640035,2.802957962,0,0,NA,NA,NA,V
2020,8,1536,control,NA,7,3,1,1,0,0,16.49336143,47.1238898,2.802957962,3.852780087,0,0,NA,NA,NA,V
2021,8,1536,control,NA,12,5,1,1,0,1,47.1238898,153.93804,3.852780087,5.036550184,0,3,NA,18,NA,V
2022,8,1536,control,NA,14,14,1,1,1,0,153.93804,58.90486225,5.036550184,4.075923638,3,0,18,NA,6,F
2023,8,1536,control,NA,15,5,1,NA,0,NA,58.90486225,NA,4.075923638,NA,0,NA,NA,NA,NA,V
2021,6,1539,irrigated,NA,9,4,1,1,1,0,28.27433388,200.2765317,3.341954463,5.29969907,2,0,NA,NA,NA,F
2022,6,1539,irrigated,NA,17,15,1,1,0,1,200.2765317,204.2035225,5.29969907,5.319117156,0,6,NA,0,NA,V
2023,6,1539,irrigated,NA,20,13,1,NA,1,NA,204.2035225,NA,5.319117156,NA,6,NA,0,NA,0,F
2018,3,154,control,NA,16,14,1,1,0,0,175.9291886,163.362818,5.170081577,5.095973604,0,0,NA,NA,NA,V
2019,3,154,control,NA,16,13,1,1,0,0,163.362818,NA,5.095973604,NA,0,0,NA,NA,NA,V
2020,3,154,control,NA,NA,NA,1,1,0,0,NA,66.75884389,NA,4.201086781,0,0,NA,NA,NA,dormant
2021,3,154,control,NA,10,8.5,1,0,0,0,66.75884389,NA,4.201086781,NA,0,0,NA,NA,NA,V
2022,3,154,control,NA,NA,NA,0,0,0,0,NA,NA,NA,NA,0,0,NA,NA,NA,dead
2023,3,154,control,NA,NA,NA,0,NA,0,NA,NA,NA,NA,NA,0,NA,NA,NA,NA,dead
2023,9,1542,irrigated,NA,9,4,1,NA,0,NA,28.27433388,NA,3.341954463,NA,0,NA,NA,NA,NA,V
2020,7,1543,drought,NA,3.5,2,1,1,0,0,5.497787144,7.068583471,1.704345674,1.955660102,0,0,NA,NA,NA,V
2021,7,1543,drought,NA,3,3,1,0,0,NA,7.068583471,NA,1.955660102,NA,0,0,NA,NA,NA,V
2022,7,1543,drought,NA,NA,NA,0,0,NA,NA,NA,NA,NA,NA,0,0,NA,NA,NA,dead
2023,7,1543,drought,NA,NA,NA,0,NA,NA,NA,NA,NA,NA,NA,0,NA,NA,NA,NA,dead
2020,9,1544,irrigated,NA,10.5,6,1,1,0,0,49.48008429,76.96902001,3.901570251,4.343403003,0,0,NA,NA,NA,V
2021,9,1544,irrigated,NA,14,7,1,1,0,0,76.96902001,43.98229715,4.343403003,3.783787215,0,0,NA,NA,NA,V
2022,9,1544,irrigated,NA,14,4,1,1,0,0,43.98229715,97.38937226,3.783787215,4.57871709,0,0,NA,NA,NA,V
2023,9,1544,irrigated,NA,15.5,8,1,NA,0,NA,97.38937226,NA,4.57871709,NA,0,NA,NA,NA,NA,V
2020,14,1545,drought,NA,4.5,3.5,1,1,0,0,12.37002107,34.55751919,2.51527589,3.542625159,0,0,NA,NA,NA,V
2021,14,1545,drought,NA,11,4,1,1,0,0,34.55751919,43.19689899,3.542625159,3.76576871,0,0,NA,NA,NA,V
2022,14,1545,drought,NA,11,5,1,1,0,1,43.19689899,66.75884389,3.76576871,4.201086781,0,4,NA,25,NA,V
2023,14,1545,drought,NA,10,8.5,1,NA,1,NA,66.75884389,NA,4.201086781,NA,4,NA,25,NA,6,F
2020,14,1546,drought,NA,7,4.5,1,1,0,0,24.74004215,45.94579256,3.208423071,3.827462279,0,0,NA,NA,NA,V
2021,14,1546,drought,NA,9,6.5,1,1,0,1,45.94579256,75.39822369,3.827462279,4.322783716,0,5,NA,28,NA,V
2022,14,1546,drought,NA,12,8,1,1,1,0,75.39822369,64.79534848,4.322783716,4.171233818,5,0,28,NA,9,F
2023,14,1546,drought,NA,11,7.5,1,NA,0,NA,64.79534848,NA,4.171233818,NA,0,NA,NA,NA,NA,V
2020,14,1547,drought,NA,5,2.5,1,1,0,0,9.817477042,18.84955592,2.284164169,2.936489355,0,0,NA,NA,NA,V
2021,14,1547,drought,NA,8,3,1,1,0,0,18.84955592,34.55751919,2.936489355,3.542625159,0,0,NA,NA,NA,V
2022,14,1547,drought,NA,11,4,1,1,0,0,34.55751919,37.11006322,3.542625159,3.613888179,0,0,NA,NA,NA,V
2023,14,1547,drought,NA,13.5,3.5,1,NA,0,NA,37.11006322,NA,3.613888179,NA,0,NA,NA,NA,NA,V
2020,14,1548,drought,NA,5.5,2,1,1,0,0,8.639379797,7.068583471,2.156330798,1.955660102,0,0,NA,NA,NA,V
2021,14,1548,drought,NA,6,1.5,1,1,0,0,7.068583471,15.70796327,1.955660102,2.754167798,0,0,NA,NA,NA,V
2022,14,1548,drought,NA,8,2.5,1,1,0,0,15.70796327,11.78097245,2.754167798,2.466485726,0,0,NA,NA,NA,V
2023,14,1548,drought,NA,7.5,2,1,NA,0,NA,11.78097245,NA,2.466485726,NA,0,NA,NA,NA,NA,V
2020,14,1549,drought,NA,9.5,3,1,1,0,1,22.38384766,28.27433388,3.108339612,3.341954463,0,2,NA,NA,NA,V
2021,14,1549,drought,1,9,4,1,1,1,1,28.27433388,94.24777961,3.341954463,4.545927268,2,2,NA,9,NA,F
2022,14,1549,drought,NA,15,8,1,1,1,1,94.24777961,40.64435496,4.545927268,3.704859957,2,6,9,0,4,F
2023,14,1549,drought,NA,11.5,4.5,1,NA,1,NA,40.64435496,NA,3.704859957,NA,6,NA,0,NA,0,F
2017,8,155,control,NA,10,4,1,1,0,0,31.41592654,32.98672286,3.447314979,3.496105143,0,0,NA,NA,NA,V
2018,8,155,control,NA,12,3.5,1,1,0,1,32.98672286,25.13274123,3.496105143,3.224171428,0,3,NA,NA,NA,V
2019,8,155,control,NA,8,4,1,1,1,0,25.13274123,17.67145868,3.224171428,2.871950834,3,0,NA,NA,NA,F
2020,8,155,control,NA,7.5,3,1,1,0,1,17.67145868,31.41592654,2.871950834,3.447314979,0,3,NA,NA,NA,V
2021,8,155,control,1,10,4,1,1,1,0,31.41592654,164.9336143,3.447314979,5.105543055,3,0,NA,NA,NA,F
2022,8,155,control,NA,15,14,1,1,0,1,164.9336143,77.75441818,5.105543055,4.353555375,0,3,NA,13,NA,V
2023,8,155,control,NA,9,11,1,NA,1,NA,77.75441818,NA,4.353555375,NA,3,NA,13,NA,4,F
2020,15,1550,drought,NA,4,3,1,1,0,0,9.424777961,7.853981634,2.243342175,2.061020618,0,0,NA,NA,NA,V
2021,15,1550,drought,NA,5,2,1,1,0,0,7.853981634,43.19689899,2.061020618,3.76576871,0,0,NA,NA,NA,V
2022,15,1550,drought,NA,10,5.5,1,1,0,0,43.19689899,43.98229715,3.76576871,3.783787215,0,0,NA,NA,NA,V
2023,15,1550,drought,NA,14,4,1,NA,0,NA,43.98229715,NA,3.783787215,NA,0,NA,NA,NA,NA,V
2020,15,1551,drought,NA,5,3,1,1,0,0,11.78097245,32.98672286,2.466485726,3.496105143,0,0,NA,NA,NA,V
2021,15,1551,drought,NA,7,6,1,1,0,0,32.98672286,47.1238898,3.496105143,3.852780087,0,0,NA,NA,NA,V
2022,15,1551,drought,NA,12,5,1,1,0,0,47.1238898,51.05088062,3.852780087,3.932822795,0,0,NA,NA,NA,V
2023,15,1551,drought,NA,10,6.5,1,NA,0,NA,51.05088062,NA,3.932822795,NA,0,NA,NA,NA,NA,V
2020,15,1552,drought,NA,4,2.5,1,1,0,0,7.853981634,11.78097245,2.061020618,2.466485726,0,0,NA,NA,NA,V
2021,15,1552,drought,NA,6,2.5,1,1,0,0,11.78097245,56.54866776,2.466485726,4.035101644,0,0,NA,NA,NA,V
2022,15,1552,drought,NA,9,8,1,1,0,0,56.54866776,60.47565858,4.035101644,4.102240947,0,0,NA,NA,NA,V
2023,15,1552,drought,NA,11,7,1,NA,0,NA,60.47565858,NA,4.102240947,NA,0,NA,NA,NA,NA,V
2020,15,1553,drought,NA,6,2.5,1,1,0,0,11.78097245,NA,2.466485726,NA,0,0,NA,NA,NA,V
2021,15,1553,drought,NA,NA,NA,1,1,0,0,NA,9.817477042,NA,2.284164169,0,0,NA,NA,NA,dormant
2022,15,1553,drought,NA,2.5,5,1,1,0,0,9.817477042,18.84955592,2.284164169,2.936489355,0,0,NA,NA,NA,V
2023,15,1553,drought,NA,8,3,1,NA,0,NA,18.84955592,NA,2.936489355,NA,0,NA,NA,NA,NA,V
2021,2,1554,control,NA,12,8.5,1,1,1,1,80.11061267,120.9513172,4.383408338,4.795388127,5,5,NA,14,NA,F
2022,2,1554,control,NA,14,11,1,1,1,1,120.9513172,91.89158512,4.795388127,4.52060946,5,6,14,90,2,F
2023,2,1554,control,NA,13,9,1,NA,1,NA,91.89158512,NA,4.52060946,NA,6,NA,90,NA,15,F
2021,2,1555,control,NA,4,4,1,1,0,0,12.56637061,25.91813939,2.531024247,3.254943086,0,0,NA,NA,NA,V
2022,2,1555,control,NA,11,3,1,1,0,0,25.91813939,35.34291735,3.254943086,3.565098014,0,0,NA,NA,NA,V
2023,2,1555,control,NA,10,4.5,1,NA,0,NA,35.34291735,NA,3.565098014,NA,0,NA,NA,NA,NA,V
2021,2,1556,control,NA,8,4.5,1,1,1,0,28.27433388,51.05088062,3.341954463,3.932822795,2,0,29,NA,14,F
2022,2,1556,control,NA,10,6.5,1,1,0,1,51.05088062,84.82300165,3.932822795,4.440566752,0,5,NA,28,NA,V
2023,2,1556,control,NA,12,9,1,NA,1,NA,84.82300165,NA,4.440566752,NA,5,NA,28,NA,5,F
2021,2,1557,control,NA,7,4,1,0,1,0,21.99114858,NA,3.090640035,NA,2,0,NA,NA,NA,F
2022,2,1557,control,NA,NA,NA,0,1,0,0,NA,15.70796327,NA,2.754167798,0,0,NA,NA,NA,dead
2023,2,1557,control,NA,8,2.5,1,NA,0,NA,15.70796327,NA,2.754167798,NA,0,NA,NA,NA,NA,V
2021,2,1558,control,NA,8,3,1,1,0,0,18.84955592,65.97344573,2.936489355,4.189252324,0,0,NA,NA,NA,V
2022,2,1558,control,NA,12,7,1,1,0,1,65.97344573,84.82300165,4.189252324,4.440566752,0,4,NA,56,NA,V
2023,2,1558,control,NA,12,9,1,NA,1,NA,84.82300165,NA,4.440566752,NA,4,NA,56,NA,14,F
2018,5,156,drought,NA,8.5,6,1,1,1,0,40.05530633,17.67145868,3.690261157,2.871950834,2,0,NA,NA,NA,F
2019,5,156,drought,NA,7.5,3,1,NA,0,NA,17.67145868,NA,2.871950834,NA,0,0,NA,NA,NA,V
2020,5,156,drought,NA,NA,NA,NA,1,NA,1,NA,21.20575041,NA,3.054272391,0,3,NA,NA,NA,NA
2021,5,156,drought,NA,9,3,1,1,1,0,21.20575041,129.590697,3.054272391,4.864380999,3,0,NA,NA,NA,F
2022,5,156,drought,NA,15,11,1,1,0,0,129.590697,82.46680716,4.864380999,4.412395875,0,0,NA,NA,NA,V
2023,5,156,drought,NA,15,7,1,NA,0,NA,82.46680716,NA,4.412395875,NA,0,NA,NA,NA,NA,V
2021,2,1560,control,NA,2.5,2,1,0,0,0,3.926990817,NA,1.367873437,NA,0,0,NA,NA,NA,V
2022,2,1560,control,NA,NA,NA,0,0,0,0,NA,NA,NA,NA,0,0,NA,NA,NA,dead
2023,2,1560,control,NA,NA,NA,0,NA,0,NA,NA,NA,NA,NA,0,NA,NA,NA,NA,dead
2021,2,1561,control,NA,5.5,4.5,1,1,0,0,19.43860454,NA,2.967261014,NA,0,0,NA,NA,NA,V
2022,2,1561,control,NA,NA,NA,1,1,0,0,NA,10.21017612,NA,2.323384882,0,0,NA,NA,NA,dormant
2023,2,1561,control,NA,6.5,2,1,NA,0,NA,10.21017612,NA,2.323384882,NA,0,NA,NA,NA,NA,V
2021,2,1562,control,NA,8,2.5,1,1,0,0,15.70796327,39.26990817,2.754167798,3.67045853,0,0,NA,NA,NA,V
2022,2,1562,control,NA,10,5,1,1,0,0,39.26990817,27.48893572,3.67045853,3.313783586,0,0,NA,NA,NA,V
2023,2,1562,control,NA,7,5,1,NA,0,NA,27.48893572,NA,3.313783586,NA,0,NA,NA,NA,NA,V
2021,2,1563,control,NA,7,7,1,1,0,0,38.48451001,51.83627878,3.650255823,3.948090267,0,0,NA,NA,NA,V
2022,2,1563,control,NA,11,6,1,1,0,1,51.83627878,131.9468915,3.948090267,4.882399504,0,3,NA,0,NA,V
2023,2,1563,control,NA,14,12,1,NA,1,NA,131.9468915,NA,4.882399504,NA,3,NA,0,NA,0,F
2021,2,1564,control,NA,3,3.5,1,1,0,0,8.246680716,14.72621556,2.109810782,2.689629277,0,0,NA,NA,NA,V
2022,2,1564,control,NA,7.5,2.5,1,1,0,0,14.72621556,12.9590697,2.689629277,2.561795906,0,0,NA,NA,NA,V
2023,2,1564,control,NA,5.5,3,1,NA,0,NA,12.9590697,NA,2.561795906,NA,0,NA,NA,NA,NA,V
2021,2,1565,control,NA,4,2,1,0,0,0,6.283185307,NA,1.837877066,NA,0,0,NA,NA,NA,V
2022,2,1565,control,NA,NA,NA,0,0,0,0,NA,NA,NA,NA,0,0,NA,NA,NA,dead
2023,2,1565,control,NA,NA,NA,0,NA,0,NA,NA,NA,NA,NA,0,NA,NA,NA,NA,dead
2021,2,1566,control,NA,7,4,1,1,0,0,21.99114858,63.22455215,3.090640035,4.146692709,0,0,NA,NA,NA,V
2022,2,1566,control,NA,11.5,7,1,1,0,1,63.22455215,34.55751919,4.146692709,3.542625159,0,2,NA,0,NA,V
2023,2,1566,control,NA,8,5.5,1,NA,1,NA,34.55751919,NA,3.542625159,NA,2,NA,0,NA,0,F
2021,2,1567,control,NA,4,2,1,1,0,0,6.283185307,7.853981634,1.837877066,2.061020618,0,0,NA,NA,NA,V
2022,2,1567,control,NA,5,2,1,1,0,0,7.853981634,14.13716694,2.061020618,2.648807283,0,0,NA,NA,NA,V
2023,2,1567,control,NA,6,3,1,NA,0,NA,14.13716694,NA,2.648807283,NA,0,NA,NA,NA,NA,V
2021,2,1568,control,NA,6,2.5,1,1,0,0,11.78097245,28.27433388,2.466485726,3.341954463,0,0,NA,NA,NA,V
2022,2,1568,control,NA,12,3,1,1,0,1,28.27433388,16.49336143,3.341954463,2.802957962,0,2,NA,0,NA,V
2023,2,1568,control,NA,7,3,1,NA,1,NA,16.49336143,NA,2.802957962,NA,2,NA,0,NA,0,F
2021,2,1569,control,NA,4,3,1,1,0,0,9.424777961,23.5619449,2.243342175,3.159632906,0,0,NA,NA,NA,V
2022,2,1569,control,NA,10,3,1,1,0,0,23.5619449,31.80862562,3.159632906,3.459737499,0,0,NA,NA,NA,V
2023,2,1569,control,NA,9,4.5,1,NA,0,NA,31.80862562,NA,3.459737499,NA,0,NA,NA,NA,NA,V
2021,2,1570,control,NA,5.5,2,1,1,0,0,8.639379797,34.55751919,2.156330798,3.542625159,0,0,NA,NA,NA,V
2022,2,1570,control,NA,11,4,1,1,0,0,34.55751919,97.38937226,3.542625159,4.57871709,0,0,NA,NA,NA,V
2023,2,1570,control,NA,15.5,8,1,NA,0,NA,97.38937226,NA,4.57871709,NA,0,NA,NA,NA,NA,V
2021,2,1571,control,NA,10,6,1,1,1,1,47.1238898,91.89158512,3.852780087,4.52060946,8,4,73,NA,9,F
2022,2,1571,control,NA,13,9,1,0,1,0,91.89158512,NA,4.52060946,NA,4,0,NA,NA,NA,F
2023,2,1571,control,NA,NA,NA,0,NA,0,NA,NA,NA,NA,NA,0,NA,NA,NA,NA,U
2021,2,1572,control,NA,7,3.5,1,1,1,0,19.242255,NA,2.957108642,NA,4,0,NA,NA,NA,F
2022,2,1572,control,NA,NA,NA,1,1,0,1,NA,98.17477042,NA,4.586749262,0,12,NA,101,NA,dormant
2023,2,1572,control,NA,12.5,10,1,NA,1,NA,98.17477042,NA,4.586749262,NA,12,NA,101,NA,8,F
2021,2,1573,control,NA,5,1.5,1,1,0,0,5.890486225,23.5619449,1.773338545,3.159632906,0,0,NA,NA,NA,V
2022,2,1573,control,NA,10,3,1,1,0,0,23.5619449,88.35729338,3.159632906,4.481388746,0,0,NA,NA,NA,V
2023,2,1573,control,NA,12.5,9,1,NA,0,NA,88.35729338,NA,4.481388746,NA,0,NA,NA,NA,NA,V
2021,2,1574,control,NA,5,2,1,1,0,0,7.853981634,7.068583471,2.061020618,1.955660102,0,0,NA,NA,NA,V
2022,2,1574,control,NA,6,1.5,1,0,0,0,7.068583471,NA,1.955660102,NA,0,0,NA,NA,NA,V
2023,2,1574,control,NA,NA,NA,0,NA,0,NA,NA,NA,NA,NA,0,NA,NA,NA,NA,U
2021,3,1575,control,NA,6,5,1,1,0,0,23.5619449,42.41150082,3.159632906,3.747419571,0,0,NA,NA,NA,V
2022,3,1575,control,NA,18,3,1,1,0,0,42.41150082,69.11503838,3.747419571,4.235772339,0,0,NA,NA,NA,V
2023,3,1575,control,NA,11,8,1,NA,0,NA,69.11503838,NA,4.235772339,NA,0,NA,NA,NA,NA,V
2021,3,1576,control,NA,3.5,2.5,1,1,0,0,6.87223393,17.67145868,1.927489225,2.871950834,0,0,NA,NA,NA,V
2022,3,1576,control,NA,7.5,3,1,1,0,0,17.67145868,37.30641276,2.871950834,3.619165236,0,0,NA,NA,NA,V
2023,3,1576,control,NA,9.5,5,1,NA,0,NA,37.30641276,NA,3.619165236,NA,0,NA,NA,NA,NA,V
2021,5,1577,drought,NA,2.5,1,1,1,0,0,1.963495408,25.91813939,0.674726257,3.254943086,0,0,NA,NA,NA,V
2022,5,1577,drought,NA,11,3,1,1,0,0,25.91813939,81.28870991,3.254943086,4.398007137,0,0,NA,NA,NA,V
2023,5,1577,drought,NA,11.5,9,1,NA,0,NA,81.28870991,NA,4.398007137,NA,0,NA,NA,NA,NA,V
2021,5,1578,drought,NA,8,2.5,1,1,0,0,15.70796327,18.84955592,2.754167798,2.936489355,0,0,NA,NA,NA,V
2022,5,1578,drought,NA,8,3,1,1,0,0,18.84955592,30.23782929,2.936489355,3.409093766,0,0,NA,NA,NA,V
2023,5,1578,drought,NA,11,3.5,1,NA,0,NA,30.23782929,NA,3.409093766,NA,0,NA,NA,NA,NA,V
2021,3,1579,control,NA,5.5,2,1,1,0,0,8.639379797,37.69911184,2.156330798,3.629636536,0,0,NA,NA,NA,V
2022,3,1579,control,NA,8,6,1,1,0,1,37.69911184,71.47123287,3.629636536,4.269295031,0,3,NA,46,NA,V
2023,3,1579,control,NA,13,7,1,NA,1,NA,71.47123287,NA,4.269295031,NA,3,NA,46,NA,15,F
2021,3,1580,control,NA,4.5,2.5,1,1,0,0,8.835729338,31.41592654,2.178803653,3.447314979,0,0,NA,NA,NA,V
2022,3,1580,control,NA,8,5,1,1,0,1,31.41592654,102.1017612,3.447314979,4.625969975,0,5,NA,26,NA,V
2023,3,1580,control,NA,13,10,1,NA,1,NA,102.1017612,NA,4.625969975,NA,5,NA,26,NA,5,F
2021,5,1582,drought,NA,7,2,1,0,0,0,10.99557429,NA,2.397492854,NA,0,0,NA,NA,NA,V
2022,5,1582,drought,NA,NA,NA,0,0,0,0,NA,NA,NA,NA,0,0,NA,NA,NA,dead
2023,5,1582,drought,NA,NA,NA,0,NA,0,NA,NA,NA,NA,NA,0,NA,NA,NA,NA,dead
2021,3,1583,control,NA,4.5,2,1,1,0,0,7.068583471,12.9590697,1.955660102,2.561795906,0,0,NA,NA,NA,V
2022,3,1583,control,NA,5.5,3,1,1,0,0,12.9590697,39.26990817,2.561795906,3.67045853,0,0,NA,NA,NA,V
2023,3,1583,control,NA,10,5,1,NA,0,NA,39.26990817,NA,3.67045853,NA,0,NA,NA,NA,NA,V
2021,3,1584,control,NA,7,5.5,1,1,0,0,30.23782929,37.69911184,3.409093766,3.629636536,0,0,NA,NA,NA,V
2022,3,1584,control,NA,8,6,1,1,0,0,37.69911184,77.75441818,3.629636536,4.353555375,0,0,NA,NA,NA,V
2023,3,1584,control,NA,11,9,1,NA,0,NA,77.75441818,NA,4.353555375,NA,0,NA,NA,NA,NA,V
2021,3,1586,control,NA,6.5,2.5,1,1,0,0,12.76272016,53.40707511,2.546528434,3.97794323,0,0,NA,NA,NA,V
2022,3,1586,control,NA,8.5,8,1,1,0,1,53.40707511,146.0840584,3.97794323,4.984182198,0,4,NA,0,NA,V
2023,3,1586,control,NA,15.5,12,1,NA,1,NA,146.0840584,NA,4.984182198,NA,4,NA,0,NA,0,F
2021,5,1587,drought,NA,3,1.5,1,1,0,0,3.534291735,15.70796327,1.262512922,2.754167798,0,0,NA,NA,NA,V
2022,5,1587,drought,NA,8,2.5,1,1,0,0,15.70796327,21.99114858,2.754167798,3.090640035,0,0,NA,NA,NA,V
2023,5,1587,drought,NA,8,3.5,1,NA,0,NA,21.99114858,NA,3.090640035,NA,0,NA,NA,NA,NA,V
2021,5,1588,drought,NA,6,4,1,1,0,0,18.84955592,6.479534848,2.936489355,1.868648725,0,0,NA,NA,NA,V
2022,5,1588,drought,NA,5.5,1.5,1,1,0,1,6.479534848,170.8241005,1.868648725,5.140634375,0,6,NA,0,NA,V
2023,5,1588,drought,NA,15,14.5,1,NA,1,NA,170.8241005,NA,5.140634375,NA,6,NA,0,NA,0,F
2021,5,1589,drought,NA,4.5,2,1,1,0,0,7.068583471,9.424777961,1.955660102,2.243342175,0,0,NA,NA,NA,V
2022,5,1589,drought,NA,4,3,1,1,0,0,9.424777961,23.36559536,2.243342175,3.151264657,0,0,NA,NA,NA,V
2023,5,1589,drought,NA,8.5,3.5,1,NA,0,NA,23.36559536,NA,3.151264657,NA,0,NA,NA,NA,NA,V
2017,13,159,control,NA,6.5,5,1,1,0,0,25.52544031,17.27875959,3.239675614,2.849477978,0,0,NA,NA,NA,V
2018,13,159,control,NA,4,5.5,1,1,0,0,17.27875959,13.74446786,2.849477978,2.620636406,0,0,NA,NA,NA,V
2019,13,159,control,NA,5,3.5,1,1,0,0,13.74446786,15.11891465,2.620636406,2.715946585,0,0,NA,NA,NA,V
2020,13,159,control,NA,5.5,3.5,1,1,0,0,15.11891465,27.48893572,2.715946585,3.313783586,0,0,NA,NA,NA,V
2021,13,159,control,NA,7,5,1,1,0,0,27.48893572,60.47565858,3.313783586,4.102240947,0,0,NA,NA,NA,V
2022,13,159,control,NA,11,7,1,1,0,1,60.47565858,77.75441818,4.102240947,4.353555375,0,3,NA,28,NA,V
2023,13,159,control,NA,11,9,1,NA,1,NA,77.75441818,NA,4.353555375,NA,3,NA,28,NA,9,F
2021,5,1590,drought,NA,3,1,1,1,0,0,2.35619449,28.27433388,0.857047813,3.341954463,0,0,NA,NA,NA,V
2022,5,1590,drought,NA,8,4.5,1,1,0,0,28.27433388,75.39822369,3.341954463,4.322783716,0,0,NA,NA,NA,V
2023,5,1590,drought,NA,12,8,1,NA,0,NA,75.39822369,NA,4.322783716,NA,0,NA,NA,NA,NA,V
2020,7,1591,drought,NA,7.5,2,1,1,0,0,11.78097245,5.890486225,2.466485726,1.773338545,0,0,NA,NA,NA,V
2021,7,1591,drought,NA,3,2.5,1,1,0,0,5.890486225,21.59844949,1.773338545,3.072621529,0,0,NA,NA,NA,V
2022,7,1591,drought,NA,5.5,5,1,1,0,0,21.59844949,14.13716694,3.072621529,2.648807283,0,0,NA,NA,NA,V
2023,7,1591,drought,NA,6,3,1,NA,0,NA,14.13716694,NA,2.648807283,NA,0,NA,NA,NA,NA,V
2020,7,1592,drought,NA,7,2,1,1,0,0,10.99557429,2.35619449,2.397492854,0.857047813,0,0,NA,NA,NA,V
2021,7,1592,drought,NA,2,1.5,1,1,0,0,2.35619449,16.49336143,0.857047813,2.802957962,0,0,NA,NA,NA,V
2022,7,1592,drought,NA,7,3,1,1,0,0,16.49336143,34.55751919,2.802957962,3.542625159,0,0,NA,NA,NA,V
2023,7,1592,drought,NA,11,4,1,NA,0,NA,34.55751919,NA,3.542625159,NA,0,NA,NA,NA,NA,V
2020,7,1593,drought,NA,6,2.5,1,1,0,0,11.78097245,NA,2.466485726,NA,0,0,NA,NA,NA,V
2021,7,1593,drought,NA,NA,NA,1,1,0,0,NA,20.02765317,NA,2.997113977,0,0,NA,NA,NA,dormant
2022,7,1593,drought,NA,8.5,3,1,1,0,0,20.02765317,18.84955592,2.997113977,2.936489355,0,0,NA,NA,NA,V
2023,7,1593,drought,NA,8,3,1,NA,0,NA,18.84955592,NA,2.936489355,NA,0,NA,NA,NA,NA,V
2021,13,1594,control,NA,7,3,1,1,0,0,16.49336143,42.41150082,2.802957962,3.747419571,0,0,NA,NA,NA,V
2022,13,1594,control,NA,12,4.5,1,1,0,1,42.41150082,54.19247327,3.747419571,3.992542029,0,5,NA,0,NA,V
2023,13,1594,control,NA,11.5,6,1,NA,1,NA,54.19247327,NA,3.992542029,NA,5,NA,0,NA,0,F
2020,5,1595,drought,NA,6,2,1,1,0,0,9.424777961,11.78097245,2.243342175,2.466485726,0,0,NA,NA,NA,V
2021,5,1595,drought,NA,6,2.5,1,1,0,0,11.78097245,34.55751919,2.466485726,3.542625159,0,0,NA,NA,NA,V
2022,5,1595,drought,NA,11,4,1,1,0,0,34.55751919,48.49833659,3.542625159,3.8815295,0,0,NA,NA,NA,V
2023,5,1595,drought,NA,9.5,6.5,1,NA,0,NA,48.49833659,NA,3.8815295,NA,0,NA,NA,NA,NA,V
2020,3,1596,control,NA,4,3,1,1,0,0,9.424777961,11.78097245,2.243342175,2.466485726,0,0,NA,NA,NA,V
2021,3,1596,control,NA,7.5,2,1,1,0,0,11.78097245,17.67145868,2.466485726,2.871950834,0,0,NA,NA,NA,V
2022,3,1596,control,NA,7.5,3,1,0,0,0,17.67145868,NA,2.871950834,NA,0,0,NA,NA,NA,V
2023,3,1596,control,NA,NA,NA,0,NA,0,NA,NA,NA,NA,NA,0,NA,NA,NA,NA,U
2020,2,1597,control,NA,4,2,1,1,0,0,6.283185307,16.49336143,1.837877066,2.802957962,0,0,NA,NA,NA,V
2021,2,1597,control,NA,7,3,1,1,0,0,16.49336143,38.28816047,2.802957962,3.645140722,0,0,NA,NA,NA,V
2022,2,1597,control,NA,7.5,6.5,1,1,0,1,38.28816047,49.48008429,3.645140722,3.901570251,0,2,NA,13,NA,V
2023,2,1597,control,NA,9,7,1,NA,1,NA,49.48008429,NA,3.901570251,NA,2,NA,13,NA,6,F
2020,2,1598,control,NA,3,2.5,1,1,0,0,5.890486225,9.424777961,1.773338545,2.243342175,0,0,NA,NA,NA,V
2021,2,1598,control,NA,4,3,1,1,0,0,9.424777961,13.74446786,2.243342175,2.620636406,0,0,NA,NA,NA,V
2022,2,1598,control,NA,7,2.5,1,1,0,0,13.74446786,59.69026042,2.620636406,4.089168865,0,0,NA,NA,NA,V
2023,2,1598,control,NA,9.5,8,1,NA,0,NA,59.69026042,NA,4.089168865,NA,0,NA,NA,NA,NA,V
2020,2,1599,control,NA,5,3.5,1,1,0,0,13.74446786,37.30641276,2.620636406,3.619165236,0,0,NA,NA,NA,V
2021,2,1599,control,NA,9.5,5,1,1,0,0,37.30641276,25.13274123,3.619165236,3.224171428,0,0,NA,NA,NA,V
2022,2,1599,control,NA,8,4,1,1,0,0,25.13274123,24.74004215,3.224171428,3.208423071,0,0,NA,NA,NA,V
2023,2,1599,control,NA,9,3.5,1,NA,0,NA,24.74004215,NA,3.208423071,NA,0,NA,NA,NA,NA,V
2017,9,16,irrigated,NA,9,4.5,1,1,1,0,31.80862562,179.0707813,3.459737499,5.187781154,1,0,NA,NA,NA,F
2018,9,16,irrigated,NA,19,12,1,0,0,0,179.0707813,NA,5.187781154,NA,0,0,NA,NA,NA,V
2019,9,16,irrigated,NA,NA,NA,0,0,0,0,NA,NA,NA,NA,0,0,NA,NA,NA,dead
2020,9,16,irrigated,NA,NA,NA,0,0,0,NA,NA,NA,NA,NA,0,0,NA,NA,NA,dead
2021,9,16,irrigated,NA,NA,NA,0,0,NA,0,NA,NA,NA,NA,0,0,NA,NA,NA,dead
2022,9,16,irrigated,NA,NA,NA,0,NA,0,NA,NA,NA,NA,NA,0,NA,NA,NA,NA,dead
2017,2,160,control,NA,9,3.5,1,1,0,0,24.74004215,76.57632093,3.208423071,4.338287903,0,0,NA,NA,NA,V
2018,2,160,control,NA,13,7.5,1,1,0,0,76.57632093,37.69911184,4.338287903,3.629636536,0,0,NA,NA,NA,V
2019,2,160,control,NA,8,6,1,1,0,0,37.69911184,23.36559536,3.629636536,3.151264657,0,0,NA,NA,NA,V
2020,2,160,control,NA,8.5,3.5,1,0,0,0,23.36559536,NA,3.151264657,NA,0,0,NA,NA,NA,V
2021,2,160,control,NA,NA,NA,0,0,0,0,NA,NA,NA,NA,0,0,NA,NA,NA,dead
2022,2,160,control,NA,NA,NA,0,NA,0,NA,NA,NA,NA,NA,0,NA,NA,NA,NA,dead
2020,2,1600,control,NA,6,2.5,1,1,0,0,11.78097245,21.59844949,2.466485726,3.072621529,0,0,NA,NA,NA,V
2021,2,1600,control,NA,5.5,5,1,1,0,1,21.59844949,82.07410808,3.072621529,4.407622596,0,3,NA,61,NA,V
2022,2,1600,control,NA,11,9.5,1,1,1,1,82.07410808,90.12443925,4.407622596,4.501191374,3,4,61,33,20,F
2023,2,1600,control,NA,13.5,8.5,1,NA,1,NA,90.12443925,NA,4.501191374,NA,4,NA,33,NA,8,F
2019,1,1605,irrigated,NA,4.5,2.5,1,1,0,0,8.835729338,12.37002107,2.178803653,2.51527589,0,0,NA,NA,NA,V
2020,1,1605,irrigated,NA,4.5,3.5,1,1,0,0,12.37002107,35.34291735,2.51527589,3.565098014,0,0,NA,NA,NA,V
2021,1,1605,irrigated,NA,9,5,1,1,0,0,35.34291735,38.87720909,3.565098014,3.660408194,0,0,NA,NA,NA,V
2022,1,1605,irrigated,NA,9,5.5,1,1,0,0,38.87720909,73.0420292,3.660408194,4.291035018,0,0,NA,NA,NA,V
2023,1,1605,irrigated,NA,15.5,6,1,NA,0,NA,73.0420292,NA,4.291035018,NA,0,NA,NA,NA,NA,V
2017,9,161,irrigated,NA,9,5,1,1,0,0,35.34291735,43.19689899,3.565098014,3.76576871,0,0,NA,NA,NA,V
2018,9,161,irrigated,NA,11,5,1,1,0,0,43.19689899,141.3716694,3.76576871,4.951392376,0,0,NA,NA,NA,V
2019,9,161,irrigated,NA,12,15,1,1,0,0,141.3716694,83.44855486,4.951392376,4.424230333,0,0,NA,NA,NA,V
2020,9,161,irrigated,NA,12.5,8.5,1,1,0,0,83.44855486,164.9336143,4.424230333,5.105543055,0,0,NA,NA,NA,V
2021,9,161,irrigated,NA,15,14,1,1,0,1,164.9336143,162.5774198,5.105543055,5.091154318,0,3,NA,67,NA,V
2022,9,161,irrigated,NA,18,11.5,1,1,1,1,162.5774198,199.0984344,5.091154318,5.293799348,3,1,67,0,22,F
2023,9,161,irrigated,NA,19.5,13,1,NA,1,NA,199.0984344,NA,5.293799348,NA,1,NA,0,NA,0,F
2022,11,1611,control,NA,8,2.5,1,1,0,0,15.70796327,16.49336143,2.754167798,2.802957962,0,0,NA,NA,NA,V
2023,11,1611,control,NA,7,3,1,NA,0,NA,16.49336143,NA,2.802957962,NA,0,NA,NA,NA,NA,V
2018,11,1617,control,NA,5,5,1,1,0,0,19.63495408,14.13716694,2.97731135,2.648807283,0,0,NA,NA,NA,V
2019,11,1617,control,NA,6,3,1,1,0,0,14.13716694,14.13716694,2.648807283,2.648807283,0,0,NA,NA,NA,V
2020,11,1617,control,NA,6,3,1,1,0,0,14.13716694,32.98672286,2.648807283,3.496105143,0,0,NA,NA,NA,V
2021,11,1617,control,NA,7,6,1,1,0,0,32.98672286,77.75441818,3.496105143,4.353555375,0,0,NA,NA,NA,V
2022,11,1617,control,NA,11,9,1,1,0,1,77.75441818,103.6725576,4.353555375,4.641237447,0,4,NA,60,NA,V
2023,11,1617,control,NA,12,11,1,NA,1,NA,103.6725576,NA,4.641237447,NA,4,NA,60,NA,15,F
2019,3,1618,control,NA,11,9.5,1,1,0,0,82.07410808,17.67145868,4.407622596,2.871950834,0,0,NA,NA,NA,V
2020,3,1618,control,NA,7.5,3,1,1,0,0,17.67145868,31.41592654,2.871950834,3.447314979,0,0,NA,NA,NA,V
2021,3,1618,control,NA,10,4,1,1,0,0,31.41592654,27.48893572,3.447314979,3.313783586,0,0,NA,NA,NA,V
2022,3,1618,control,NA,7,5,1,1,0,0,27.48893572,51.05088062,3.313783586,3.932822795,0,0,NA,NA,NA,V
2023,3,1618,control,NA,13,5,1,NA,0,NA,51.05088062,NA,3.932822795,NA,0,NA,NA,NA,NA,V
2018,2,162,control,NA,9,8.5,1,1,1,1,60.0829595,50.26548246,4.095726266,3.917318608,5,3,NA,NA,NA,F
2019,2,162,control,NA,8,8,1,1,1,1,50.26548246,26.70353756,3.917318608,3.284796049,3,4,NA,NA,NA,F
2020,2,162,control,NA,8.5,4,1,1,1,1,26.70353756,29.84513021,3.284796049,3.396021684,4,3,NA,NA,NA,F
2021,2,162,control,NA,9.5,4,1,1,1,0,29.84513021,39.26990817,3.396021684,3.67045853,3,0,NA,NA,NA,F
2022,2,162,control,NA,10,5,1,1,0,0,39.26990817,27.48893572,3.67045853,3.313783586,0,0,NA,NA,NA,V
2023,2,162,control,NA,10,3.5,1,NA,0,NA,27.48893572,NA,3.313783586,NA,0,NA,NA,NA,NA,V
2019,5,1621,drought,NA,6,5,1,NA,0,NA,23.5619449,NA,3.159632906,NA,0,0,NA,NA,NA,V
2020,5,1621,drought,NA,NA,NA,NA,1,NA,0,NA,NA,NA,NA,0,0,NA,NA,NA,NA
2021,5,1621,drought,NA,NA,NA,1,1,0,0,NA,21.20575041,NA,3.054272391,0,0,NA,NA,NA,dormant
2022,5,1621,drought,NA,9,3,1,1,0,0,21.20575041,77.75441818,3.054272391,4.353555375,0,0,NA,NA,NA,V
2023,5,1621,drought,NA,11,9,1,NA,0,NA,77.75441818,NA,4.353555375,NA,0,NA,NA,NA,NA,V
2019,2,1622,control,NA,6,3.5,1,NA,0,NA,16.49336143,NA,2.802957962,NA,0,0,NA,NA,NA,V
2020,2,1622,control,NA,NA,NA,NA,0,NA,0,NA,NA,NA,NA,0,0,NA,NA,NA,NA
2021,2,1622,control,NA,NA,NA,0,0,0,0,NA,NA,NA,NA,0,0,NA,NA,NA,dead
2022,2,1622,control,NA,NA,NA,0,NA,0,NA,NA,NA,NA,NA,0,NA,NA,NA,NA,dead
2018,6,1624,irrigated,NA,7.5,4,1,1,1,0,23.5619449,94.24777961,3.159632906,4.545927268,5,0,NA,NA,NA,F
2019,6,1624,irrigated,NA,15,8,1,NA,0,NA,94.24777961,NA,4.545927268,NA,0,0,NA,NA,NA,V
2020,6,1624,irrigated,NA,NA,NA,NA,1,NA,0,NA,27.48893572,NA,3.313783586,0,0,NA,NA,NA,NA
2021,6,1624,irrigated,NA,10,3.5,1,1,0,0,27.48893572,98.96016859,3.313783586,4.594717432,0,0,NA,NA,NA,V
2022,6,1624,irrigated,NA,14,9,1,1,0,1,98.96016859,116.6316273,4.594717432,4.759020483,0,5,NA,53,NA,V
2023,6,1624,irrigated,NA,16.5,9,1,NA,1,NA,116.6316273,NA,4.759020483,NA,5,NA,53,NA,10,F
2018,11,1625,control,NA,16,18,1,1,0,1,226.1946711,100.5309649,5.421396005,4.610465789,0,0,NA,NA,NA,V
2019,11,1625,control,NA,16,8,1,NA,1,NA,100.5309649,NA,4.610465789,NA,0,0,NA,NA,NA,F
2020,11,1625,control,NA,NA,NA,NA,1,NA,1,NA,81.68140899,NA,4.402826424,0,2,NA,NA,NA,NA
2021,11,1625,control,1,13,8,1,1,1,0,81.68140899,43.98229715,4.402826424,3.783787215,2,0,NA,NA,NA,F
2022,11,1625,control,NA,8,7,1,1,0,0,43.98229715,77.75441818,3.783787215,4.353555375,0,0,NA,NA,NA,V
2023,11,1625,control,NA,11,9,1,NA,0,NA,77.75441818,NA,4.353555375,NA,0,NA,NA,NA,NA,V
2019,1,1627,irrigated,NA,11,8,1,NA,1,NA,69.11503838,NA,4.235772339,NA,4,0,NA,NA,NA,F
2020,1,1627,irrigated,NA,NA,NA,NA,0,NA,NA,NA,NA,NA,NA,0,0,NA,NA,NA,NA
2021,1,1627,irrigated,NA,NA,NA,0,0,NA,NA,NA,NA,NA,NA,0,0,NA,NA,NA,dead
2022,1,1627,irrigated,NA,NA,NA,0,0,NA,NA,NA,NA,NA,NA,0,0,NA,NA,NA,dead
2023,1,1627,irrigated,NA,NA,NA,0,NA,NA,NA,NA,NA,NA,NA,0,NA,NA,NA,NA,dead
2019,3,1628,control,NA,4.5,3.5,1,1,0,0,12.37002107,1.570796327,2.51527589,0.451582705,0,0,NA,NA,NA,V
2020,3,1628,control,NA,2,1,1,1,0,0,1.570796327,14.13716694,0.451582705,2.648807283,0,0,NA,NA,NA,V
2021,3,1628,control,NA,9,2,1,1,0,0,14.13716694,23.5619449,2.648807283,3.159632906,0,0,NA,NA,NA,V
2022,3,1628,control,NA,12,2.5,1,1,0,0,23.5619449,38.48451001,3.159632906,3.650255823,0,0,NA,NA,NA,V
2023,3,1628,control,NA,14,3.5,1,NA,0,NA,38.48451001,NA,3.650255823,NA,0,NA,NA,NA,NA,V
2018,6,1638,irrigated,NA,13,2.5,1,1,1,0,25.52544031,47.1238898,3.239675614,3.852780087,4,0,NA,NA,NA,F
2019,6,1638,irrigated,NA,10,6,1,NA,0,NA,47.1238898,NA,3.852780087,NA,0,0,NA,NA,NA,V
2020,6,1638,irrigated,NA,NA,NA,NA,1,NA,1,NA,42.41150082,NA,3.747419571,0,2,NA,NA,NA,NA
2021,6,1638,irrigated,1,9,6,1,1,1,0,42.41150082,155.5088364,3.747419571,5.046702555,2,0,NA,NA,NA,F
2022,6,1638,irrigated,NA,22,9,1,1,0,1,155.5088364,253.6836068,5.046702555,5.536087848,0,6,NA,83,NA,V
2023,6,1638,irrigated,NA,19,17,1,NA,1,NA,253.6836068,NA,5.536087848,NA,6,NA,83,NA,13,F
2018,15,1641,drought,NA,5,3,1,1,0,0,11.78097245,32.98672286,2.466485726,3.496105143,0,0,NA,NA,NA,V
2019,15,1641,drought,NA,7,6,1,NA,0,NA,32.98672286,NA,3.496105143,NA,0,0,NA,NA,NA,V
2020,15,1641,drought,NA,NA,NA,NA,1,NA,0,NA,42.41150082,NA,3.747419571,0,0,NA,NA,NA,NA
2021,15,1641,drought,NA,9,6,1,0,0,NA,42.41150082,NA,3.747419571,NA,0,0,NA,NA,NA,V
2022,15,1641,drought,NA,NA,NA,0,0,NA,NA,NA,NA,NA,NA,0,0,NA,NA,NA,dead
2023,15,1641,drought,NA,NA,NA,0,NA,NA,NA,NA,NA,NA,NA,0,NA,NA,NA,NA,dead
2019,5,1645,drought,NA,5,2.5,1,NA,0,NA,9.817477042,NA,2.284164169,NA,0,0,NA,NA,NA,V
2020,5,1645,drought,NA,NA,NA,NA,1,NA,0,NA,1.178097245,NA,0.163900633,0,0,NA,NA,NA,NA
2021,5,1645,drought,NA,1.5,1,1,1,0,0,1.178097245,18.84955592,0.163900633,2.936489355,0,0,NA,NA,NA,V
2022,5,1645,drought,NA,8,3,1,1,0,0,18.84955592,42.41150082,2.936489355,3.747419571,0,0,NA,NA,NA,V
2023,5,1645,drought,NA,12,4.5,1,NA,0,NA,42.41150082,NA,3.747419571,NA,0,NA,NA,NA,NA,V
2023,5,1647,drought,NA,9,4,1,NA,0,NA,28.27433388,NA,3.341954463,NA,0,NA,NA,NA,NA,V
2019,11,1648,control,NA,13,5,1,NA,0,NA,51.05088062,NA,3.932822795,NA,0,0,NA,NA,NA,V
2020,11,1648,control,NA,NA,NA,NA,1,NA,1,NA,42.41150082,NA,3.747419571,0,3,NA,NA,NA,NA
2021,11,1648,control,1,9,6,1,1,1,1,42.41150082,54.97787144,3.747419571,4.006930767,3,2,NA,NA,NA,F
2022,11,1648,control,NA,10,7,1,1,1,1,54.97787144,53.01437603,4.006930767,3.970563123,2,3,NA,0,NA,F
2023,11,1648,control,NA,9,7.5,1,NA,1,NA,53.01437603,NA,3.970563123,NA,3,NA,0,NA,0,F
2017,3,165,control,NA,4.5,2.5,1,1,0,0,8.835729338,NA,2.178803653,NA,0,0,NA,NA,NA,V
2018,3,165,control,NA,NA,NA,1,1,0,0,NA,8.639379797,NA,2.156330798,0,0,NA,NA,NA,dormant
2019,3,165,control,NA,5.5,2,1,NA,0,NA,8.639379797,NA,2.156330798,NA,0,0,NA,NA,NA,V
2020,3,165,control,NA,NA,NA,NA,0,NA,NA,NA,NA,NA,NA,0,0,NA,NA,NA,NA
2021,3,165,control,NA,NA,NA,0,0,NA,NA,NA,NA,NA,NA,0,0,NA,NA,NA,dead
2022,3,165,control,NA,NA,NA,0,0,NA,0,NA,NA,NA,NA,0,0,NA,NA,NA,dead
2023,3,165,control,NA,NA,NA,0,NA,0,NA,NA,NA,NA,NA,0,NA,NA,NA,NA,dead
2019,2,1651,control,NA,4.5,2.5,1,1,0,0,8.835729338,7.853981634,2.178803653,2.061020618,0,0,NA,NA,NA,V
2020,2,1651,control,NA,5,2,1,1,0,0,7.853981634,7.068583471,2.061020618,1.955660102,0,0,NA,NA,NA,V
2021,2,1651,control,NA,3,3,1,1,0,0,7.068583471,10.99557429,1.955660102,2.397492854,0,0,NA,NA,NA,V
2022,2,1651,control,NA,7,2,1,1,0,0,10.99557429,13.74446786,2.397492854,2.620636406,0,0,NA,NA,NA,V
2023,2,1651,control,NA,5,3.5,1,NA,0,NA,13.74446786,NA,2.620636406,NA,0,NA,NA,NA,NA,V
2019,7,1652,drought,NA,6,4.5,1,1,0,0,21.20575041,18.84955592,3.054272391,2.936489355,0,0,NA,NA,NA,V
2020,7,1652,drought,NA,6,4,1,1,0,1,18.84955592,18.84955592,2.936489355,2.936489355,0,1,NA,NA,NA,V
2021,7,1652,drought,NA,6,4,1,1,1,0,18.84955592,74.61282552,2.936489355,4.312312416,1,0,NA,NA,NA,F
2022,7,1652,drought,NA,9.5,10,1,1,0,1,74.61282552,91.89158512,4.312312416,4.52060946,0,4,NA,0,NA,V
2023,7,1652,drought,NA,13,9,1,NA,1,NA,91.89158512,NA,4.52060946,NA,4,NA,0,NA,0,F
2019,2,1653,control,NA,10.5,7,1,1,0,0,57.72676501,11.78097245,4.055720931,2.466485726,0,0,NA,NA,NA,V
2020,2,1653,control,NA,7.5,2,1,1,0,0,11.78097245,10.79922475,2.466485726,2.379474349,0,0,NA,NA,NA,V
2021,2,1653,control,NA,5.5,2.5,1,1,0,0,10.79922475,NA,2.379474349,NA,0,0,NA,NA,NA,V
2022,2,1653,control,NA,NA,NA,1,1,0,0,NA,21.20575041,NA,3.054272391,0,0,NA,NA,NA,dormant
2023,2,1653,control,NA,6,4.5,1,NA,0,NA,21.20575041,NA,3.054272391,NA,0,NA,NA,NA,NA,V
2022,6,1654,irrigated,NA,10,3,1,1,0,0,23.5619449,133.5176878,3.159632906,4.894233962,0,0,NA,NA,NA,V
2023,6,1654,irrigated,NA,17,10,1,NA,0,NA,133.5176878,NA,4.894233962,NA,0,NA,NA,NA,NA,V
2019,15,1655,drought,NA,7.5,2.5,1,1,0,0,14.72621556,NA,2.689629277,NA,0,0,NA,NA,NA,V
2020,15,1655,drought,NA,NA,NA,1,1,0,0,NA,NA,NA,NA,0,0,NA,NA,NA,dormant
2021,15,1655,drought,NA,NA,NA,1,1,0,0,NA,17.67145868,NA,2.871950834,0,0,NA,NA,NA,dormant
2022,15,1655,drought,NA,9,2.5,1,1,0,0,17.67145868,21.20575041,2.871950834,3.054272391,0,0,NA,NA,NA,V
2023,15,1655,drought,NA,9,3,1,NA,0,NA,21.20575041,NA,3.054272391,NA,0,NA,NA,NA,NA,V
2018,8,1657,control,NA,7,3,1,1,0,0,16.49336143,14.13716694,2.802957962,2.648807283,0,0,NA,NA,NA,V
2019,8,1657,control,NA,6,3,1,1,0,0,14.13716694,12.9590697,2.648807283,2.561795906,0,0,NA,NA,NA,V
2020,8,1657,control,NA,5.5,3,1,1,0,0,12.9590697,38.48451001,2.561795906,3.650255823,0,0,NA,NA,NA,V
2021,8,1657,control,NA,7,7,1,1,0,0,38.48451001,132.7322896,3.650255823,4.88833424,0,0,NA,NA,NA,V
2022,8,1657,control,NA,13,13,1,1,0,1,132.7322896,129.590697,4.88833424,4.864380999,0,7,NA,93,NA,V
2023,8,1657,control,NA,15,11,1,NA,1,NA,129.590697,NA,4.864380999,NA,7,NA,93,NA,13,F
2019,1,1658,irrigated,NA,10.5,11,1,NA,0,NA,90.71348787,NA,4.507706055,NA,0,0,NA,NA,NA,V
2020,1,1658,irrigated,NA,NA,NA,NA,1,NA,0,NA,12.56637061,NA,2.531024247,0,0,NA,NA,NA,NA
2021,1,1658,irrigated,NA,4,4,1,0,0,0,12.56637061,NA,2.531024247,NA,0,0,NA,NA,NA,V
2022,1,1658,irrigated,NA,NA,NA,0,0,0,0,NA,NA,NA,NA,0,0,NA,NA,NA,dead
2023,1,1658,irrigated,NA,NA,NA,0,NA,0,NA,NA,NA,NA,NA,0,NA,NA,NA,NA,dead
2018,6,1660,irrigated,NA,10,8.5,1,1,0,0,66.75884389,164.3445657,4.201086781,5.101965234,0,0,NA,NA,NA,V
2019,6,1660,irrigated,NA,15.5,13.5,1,1,0,0,164.3445657,35.73561643,5.101965234,3.576147851,0,0,NA,NA,NA,V
2020,6,1660,irrigated,NA,7,6.5,1,1,0,0,35.73561643,51.83627878,3.576147851,3.948090267,0,0,NA,NA,NA,V
2021,6,1660,irrigated,NA,11,6,1,1,0,0,51.83627878,232.4778564,3.948090267,5.448794979,0,0,NA,NA,NA,V
2022,6,1660,irrigated,NA,16,18.5,1,1,0,1,232.4778564,197.9203372,5.448794979,5.287864612,0,8,NA,150,NA,V
2023,6,1660,irrigated,NA,18,14,1,NA,1,NA,197.9203372,NA,5.287864612,NA,8,NA,150,NA,18,F
2018,6,1662,irrigated,NA,7.5,3,1,1,0,0,17.67145868,10.79922475,2.871950834,2.379474349,0,0,NA,NA,NA,V
2019,6,1662,irrigated,NA,5.5,2.5,1,1,0,0,10.79922475,NA,2.379474349,NA,0,0,NA,NA,NA,V
2020,6,1662,irrigated,NA,NA,NA,1,1,0,0,NA,7.853981634,NA,2.061020618,0,0,NA,NA,NA,dormant
2021,6,1662,irrigated,NA,5,2,1,1,0,0,7.853981634,18.84955592,2.061020618,2.936489355,0,0,NA,NA,NA,V
2022,6,1662,irrigated,NA,8,3,1,1,0,0,18.84955592,47.1238898,2.936489355,3.852780087,0,0,NA,NA,NA,V
2023,6,1662,irrigated,NA,15,4,1,NA,0,NA,47.1238898,NA,3.852780087,NA,0,NA,NA,NA,NA,V
2019,1,1663,irrigated,NA,4,2.5,1,1,0,0,7.853981634,5.497787144,2.061020618,1.704345674,0,0,NA,NA,NA,V
2020,1,1663,irrigated,NA,3.5,2,1,1,0,0,5.497787144,9.424777961,1.704345674,2.243342175,0,0,NA,NA,NA,V
2021,1,1663,irrigated,NA,4,3,1,1,0,0,9.424777961,21.99114858,2.243342175,3.090640035,0,0,NA,NA,NA,V
2022,1,1663,irrigated,NA,7,4,1,1,0,0,21.99114858,17.67145868,3.090640035,2.871950834,0,0,NA,NA,NA,V
2023,1,1663,irrigated,NA,7.5,3,1,NA,0,NA,17.67145868,NA,2.871950834,NA,0,NA,NA,NA,NA,V
2018,5,1668,drought,NA,10,3,1,1,1,0,23.5619449,7.853981634,3.159632906,2.061020618,3,0,NA,NA,NA,F
2019,5,1668,drought,NA,5,2,1,NA,0,NA,7.853981634,NA,2.061020618,NA,0,0,NA,NA,NA,V
2020,5,1668,drought,NA,NA,NA,NA,1,NA,0,NA,5.105088062,NA,1.630237702,0,0,NA,NA,NA,NA
2021,5,1668,drought,NA,6.5,1,1,1,0,0,5.105088062,9.424777961,1.630237702,2.243342175,0,0,NA,NA,NA,V
2022,5,1668,drought,NA,6,2,1,1,0,0,9.424777961,47.1238898,2.243342175,3.852780087,0,0,NA,NA,NA,V
2023,5,1668,drought,NA,10,6,1,NA,0,NA,47.1238898,NA,3.852780087,NA,0,NA,NA,NA,NA,V
2018,6,1671,irrigated,NA,9.5,8.5,1,1,1,0,63.42090169,102.1017612,4.149793487,4.625969975,6,0,NA,NA,NA,F
2019,6,1671,irrigated,NA,13,10,1,NA,0,NA,102.1017612,NA,4.625969975,NA,0,0,NA,NA,NA,V
2020,6,1671,irrigated,NA,NA,NA,NA,1,NA,0,NA,12.56637061,NA,2.531024247,0,0,NA,NA,NA,NA
2021,6,1671,irrigated,NA,8,2,1,1,0,0,12.56637061,62.83185307,2.531024247,4.140462159,0,0,NA,NA,NA,V
2022,6,1671,irrigated,NA,10,8,1,1,0,0,62.83185307,120.165919,4.140462159,4.788873446,0,0,NA,NA,NA,V
2023,6,1671,irrigated,NA,17,9,1,NA,0,NA,120.165919,NA,4.788873446,NA,0,NA,NA,NA,NA,V
2018,6,1681,irrigated,NA,7,7,1,1,0,0,38.48451001,17.67145868,3.650255823,2.871950834,0,0,NA,NA,NA,V
2019,6,1681,irrigated,NA,7.5,3,1,1,0,0,17.67145868,32.39767424,2.871950834,3.478086638,0,0,NA,NA,NA,V
2020,6,1681,irrigated,NA,7.5,5.5,1,1,0,0,32.39767424,31.41592654,3.478086638,3.447314979,0,0,NA,NA,NA,V
2021,6,1681,irrigated,NA,10,4,1,1,0,0,31.41592654,117.8097245,3.447314979,4.769070819,0,0,NA,NA,NA,V
2022,6,1681,irrigated,NA,15,10,1,1,0,0,117.8097245,87.9645943,4.769070819,4.476934396,0,0,NA,NA,NA,V
2023,6,1681,irrigated,NA,14,8,1,NA,0,NA,87.9645943,NA,4.476934396,NA,0,NA,NA,NA,NA,V
2021,7,1686,drought,NA,9,4,1,1,0,0,28.27433388,NA,3.341954463,NA,0,0,NA,NA,NA,V
2022,7,1686,drought,NA,NA,NA,1,1,0,0,NA,53.40707511,NA,3.97794323,0,0,NA,NA,NA,dormant
2023,7,1686,drought,NA,17,4,1,NA,0,NA,53.40707511,NA,3.97794323,NA,0,NA,NA,NA,NA,V
2019,2,1688,control,NA,7.5,5.5,1,NA,1,NA,32.39767424,NA,3.478086638,NA,2,0,NA,NA,NA,F
2020,2,1688,control,NA,NA,NA,NA,1,NA,0,NA,62.83185307,NA,4.140462159,0,0,NA,NA,NA,NA
2021,2,1688,control,NA,10,8,1,1,0,0,62.83185307,94.24777961,4.140462159,4.545927268,0,0,NA,NA,NA,V
2022,2,1688,control,NA,12,10,1,1,0,1,94.24777961,88.35729338,4.545927268,4.481388746,0,5,NA,0,NA,V
2023,2,1688,control,NA,12.5,9,1,NA,1,NA,88.35729338,NA,4.481388746,NA,5,NA,0,NA,0,F
2017,2,169,control,NA,5,4.5,1,1,1,0,17.67145868,81.28870991,2.871950834,4.398007137,1,0,NA,NA,NA,F
2018,2,169,control,NA,11.5,9,1,1,0,0,81.28870991,43.98229715,4.398007137,3.783787215,0,0,NA,NA,NA,V
2019,2,169,control,NA,8,7,1,NA,0,NA,43.98229715,NA,3.783787215,NA,0,0,NA,NA,NA,V
2020,2,169,control,NA,NA,NA,NA,1,NA,0,NA,9.424777961,NA,2.243342175,0,0,NA,NA,NA,NA
2021,2,169,control,NA,4,3,1,1,0,0,9.424777961,28.27433388,2.243342175,3.341954463,0,0,NA,NA,NA,V
2022,2,169,control,NA,6,6,1,1,0,0,28.27433388,14.13716694,3.341954463,2.648807283,0,0,NA,NA,NA,V
2023,2,169,control,NA,6,3,1,NA,0,NA,14.13716694,NA,2.648807283,NA,0,NA,NA,NA,NA,V
2019,5,1691,drought,NA,8,4.5,1,NA,1,NA,28.27433388,NA,3.341954463,NA,0,0,NA,NA,NA,F
2020,5,1691,drought,NA,NA,NA,NA,1,NA,0,NA,21.99114858,NA,3.090640035,0,0,NA,NA,NA,NA
2021,5,1691,drought,NA,7,4,1,1,0,0,21.99114858,74.22012644,3.090640035,4.307035359,0,0,NA,NA,NA,V
2022,5,1691,drought,NA,13.5,7,1,1,0,0,74.22012644,112.3119374,4.307035359,4.721280155,0,0,NA,NA,NA,V
2023,5,1691,drought,NA,13,11,1,NA,0,NA,112.3119374,NA,4.721280155,NA,0,NA,NA,NA,NA,V
2018,9,1694,irrigated,NA,11,3,1,0,0,0,25.91813939,NA,3.254943086,NA,0,0,NA,NA,NA,V
2019,9,1694,irrigated,NA,NA,NA,0,0,0,0,NA,NA,NA,NA,0,0,NA,NA,NA,dead
2020,9,1694,irrigated,NA,NA,NA,0,0,0,0,NA,NA,NA,NA,0,0,NA,NA,NA,dead
2021,9,1694,irrigated,NA,NA,NA,0,0,0,0,NA,NA,NA,NA,0,0,NA,NA,NA,dead
2022,9,1694,irrigated,NA,NA,NA,0,NA,0,NA,NA,NA,NA,NA,0,NA,NA,NA,NA,dead
2018,6,1698,irrigated,NA,11,10.5,1,1,1,0,90.71348787,42.41150082,4.507706055,3.747419571,7,0,NA,NA,NA,F
2019,6,1698,irrigated,NA,9,6,1,NA,0,NA,42.41150082,NA,3.747419571,NA,0,0,NA,NA,NA,V
2020,6,1698,irrigated,NA,NA,NA,NA,0,NA,NA,NA,NA,NA,NA,0,0,NA,NA,NA,NA
2021,6,1698,irrigated,NA,NA,NA,0,0,NA,NA,NA,NA,NA,NA,0,0,NA,NA,NA,dead
2022,6,1698,irrigated,NA,NA,NA,0,0,NA,NA,NA,NA,NA,NA,0,0,NA,NA,NA,dead
2023,6,1698,irrigated,NA,NA,NA,0,NA,NA,NA,NA,NA,NA,NA,0,NA,NA,NA,NA,dead
2018,6,1705,irrigated,NA,12,10,1,1,1,1,94.24777961,43.98229715,4.545927268,3.783787215,2,2,NA,NA,NA,F
2019,6,1705,irrigated,NA,8,7,1,1,1,0,43.98229715,32.98672286,3.783787215,3.496105143,2,0,NA,NA,NA,F
2020,6,1705,irrigated,NA,12,3.5,1,1,0,1,32.98672286,31.41592654,3.496105143,3.447314979,0,4,NA,NA,NA,V
2021,6,1705,irrigated,NA,10,4,1,1,1,0,31.41592654,43.98229715,3.447314979,3.783787215,4,0,NA,NA,NA,F
2022,6,1705,irrigated,NA,8,7,1,1,0,1,43.98229715,132.7322896,3.783787215,4.88833424,0,5,NA,30,NA,V
2023,6,1705,irrigated,NA,13,13,1,NA,1,NA,132.7322896,NA,4.88833424,NA,5,NA,30,NA,6,F
2016,11,171,control,NA,NA,NA,1,1,1,1,NA,129.590697,NA,4.864380999,5,11,NA,NA,NA,F
2017,11,171,control,NA,15,11,1,1,1,0,129.590697,253.6836068,4.864380999,5.536087848,11,0,NA,NA,NA,F
2018,11,171,control,NA,19,17,1,1,0,1,253.6836068,112.3119374,5.536087848,4.721280155,0,5,NA,NA,NA,V
2019,11,171,control,NA,13,11,1,1,1,1,112.3119374,78.53981634,4.721280155,4.363605711,5,6,NA,NA,NA,F
2020,11,171,control,NA,10,10,1,1,1,1,78.53981634,38.48451001,4.363605711,3.650255823,6,5,NA,15,NA,F
2021,11,171,control,1,7,7,1,1,1,1,38.48451001,43.19689899,3.650255823,3.76576871,5,3,15,0,3,F
2022,11,171,control,NA,11,5,1,1,1,1,43.19689899,47.1238898,3.76576871,3.852780087,3,4,0,0,0,F
2023,11,171,control,NA,10,6,1,NA,1,NA,47.1238898,NA,3.852780087,NA,4,NA,0,NA,0,F
2018,9,1710,irrigated,NA,10,11,1,1,0,0,86.39379797,106.0287521,4.458915891,4.663710303,0,0,NA,NA,NA,V
2019,9,1710,irrigated,NA,13.5,10,1,1,0,0,106.0287521,41.03705404,4.663710303,3.714475416,0,0,NA,NA,NA,V
2020,9,1710,irrigated,NA,9.5,5.5,1,0,0,NA,41.03705404,NA,3.714475416,NA,0,0,NA,NA,NA,V
2021,9,1710,irrigated,NA,NA,NA,0,0,NA,NA,NA,NA,NA,NA,0,0,NA,NA,NA,dead
2022,9,1710,irrigated,NA,NA,NA,0,0,NA,NA,NA,NA,NA,NA,0,0,NA,NA,NA,dead
2023,9,1710,irrigated,NA,NA,NA,0,NA,NA,NA,NA,NA,NA,NA,0,NA,NA,NA,NA,dead
2018,11,1724,control,NA,16,6,1,1,1,0,75.39822369,14.13716694,4.322783716,2.648807283,6,0,NA,NA,NA,F
2019,11,1724,control,NA,6,3,1,0,0,NA,14.13716694,NA,2.648807283,NA,0,0,NA,NA,NA,V
2020,11,1724,control,NA,NA,NA,0,0,NA,NA,NA,NA,NA,NA,0,0,NA,NA,NA,dead
2021,11,1724,control,NA,NA,NA,0,0,NA,0,NA,NA,NA,NA,0,0,NA,NA,NA,dead
2022,11,1724,control,NA,NA,NA,0,NA,0,NA,NA,NA,NA,NA,0,NA,NA,NA,NA,dead
2019,5,1727,drought,NA,8,6.5,1,NA,1,NA,40.8407045,NA,3.709679243,NA,3,0,NA,NA,NA,F
2020,5,1727,drought,NA,NA,NA,NA,1,NA,0,NA,2.35619449,NA,0.857047813,0,0,NA,NA,NA,NA
2021,5,1727,drought,NA,6,0.5,1,1,0,0,2.35619449,11.78097245,0.857047813,2.466485726,0,0,NA,NA,NA,V
2022,5,1727,drought,NA,6,2.5,1,NA,0,NA,11.78097245,NA,2.466485726,NA,0,0,NA,NA,NA,V
2023,5,1727,drought,NA,NA,NA,NA,NA,NA,NA,NA,NA,NA,NA,0,NA,NA,NA,NA,NA
2019,5,1728,drought,NA,5.5,3,1,NA,0,NA,12.9590697,NA,2.561795906,NA,0,0,NA,NA,NA,V
2020,5,1728,drought,NA,NA,NA,NA,1,NA,0,NA,13.74446786,NA,2.620636406,0,0,NA,NA,NA,NA
2021,5,1728,drought,NA,7,2.5,1,1,0,0,13.74446786,54.97787144,2.620636406,4.006930767,0,0,NA,NA,NA,V
2022,5,1728,drought,NA,14,5,1,1,0,1,54.97787144,76.57632093,4.006930767,4.338287903,0,4,NA,23,NA,V
2023,5,1728,drought,NA,13,7.5,1,NA,1,NA,76.57632093,NA,4.338287903,NA,4,NA,23,NA,5,F
2018,5,173,drought,NA,6,6,1,1,1,0,28.27433388,26.50718801,3.341954463,3.277415942,3,0,NA,NA,NA,F
2019,5,173,drought,NA,7.5,4.5,1,NA,0,NA,26.50718801,NA,3.277415942,NA,0,0,NA,NA,NA,V
2020,5,173,drought,NA,NA,NA,NA,1,NA,0,NA,3.141592654,NA,1.144729886,0,0,NA,NA,NA,NA
2021,5,173,drought,NA,4,1,1,0,0,NA,3.141592654,NA,1.144729886,NA,0,0,NA,NA,NA,V
2022,5,173,drought,NA,NA,NA,0,0,NA,NA,NA,NA,NA,NA,0,0,NA,NA,NA,dead
2023,5,173,drought,NA,NA,NA,0,NA,NA,NA,NA,NA,NA,NA,0,NA,NA,NA,NA,dead
2019,3,1732,control,NA,5.5,5,1,1,0,0,21.59844949,11.78097245,3.072621529,2.466485726,0,0,NA,NA,NA,V
2020,3,1732,control,NA,6,2.5,1,1,0,0,11.78097245,21.59844949,2.466485726,3.072621529,0,0,NA,NA,NA,V
2021,3,1732,control,NA,5.5,5,1,1,0,0,21.59844949,70.68583471,3.072621529,4.258245195,0,0,NA,NA,NA,V
2022,3,1732,control,NA,10,9,1,1,0,0,70.68583471,141.3716694,4.258245195,4.951392376,0,0,NA,NA,NA,V
2023,3,1732,control,NA,15,12,1,NA,0,NA,141.3716694,NA,4.951392376,NA,0,NA,NA,NA,NA,V
2019,2,1733,control,NA,6.5,6,1,NA,1,NA,30.63052837,NA,3.421997171,NA,2,0,NA,NA,NA,F
2020,2,1733,control,NA,NA,NA,NA,1,NA,0,NA,22.38384766,NA,3.108339612,0,0,NA,NA,NA,NA
2021,2,1733,control,NA,9.5,3,1,1,0,0,22.38384766,32.98672286,3.108339612,3.496105143,0,0,NA,NA,NA,V
2022,2,1733,control,NA,10.5,4,1,0,0,0,32.98672286,NA,3.496105143,NA,0,0,NA,NA,NA,V
2023,2,1733,control,NA,NA,NA,0,NA,0,NA,NA,NA,NA,NA,0,NA,NA,NA,NA,U
2017,1,1734,irrigated,NA,8,4,1,1,1,1,25.13274123,10.79922475,3.224171428,2.379474349,3,2,NA,NA,NA,F
2018,1,1734,irrigated,NA,5.5,2.5,1,1,1,1,10.79922475,74.22012644,2.379474349,4.307035359,2,3,NA,NA,NA,F
2019,1,1734,irrigated,NA,10.5,9,1,NA,1,NA,74.22012644,NA,4.307035359,NA,3,0,NA,NA,NA,F
2020,1,1734,irrigated,NA,NA,NA,NA,1,NA,1,NA,40.8407045,NA,3.709679243,0,3,NA,NA,NA,NA
2021,1,1734,irrigated,1,8,6.5,1,1,1,0,40.8407045,39.26990817,3.709679243,3.67045853,3,0,NA,NA,NA,F
2022,1,1734,irrigated,NA,10,5,1,1,0,0,39.26990817,126.4491043,3.67045853,4.83983989,0,0,NA,NA,NA,V
2023,1,1734,irrigated,NA,14,11.5,1,NA,0,NA,126.4491043,NA,4.83983989,NA,0,NA,NA,NA,NA,V
2018,6,1737,irrigated,NA,14,7.5,1,1,1,0,82.46680716,47.1238898,4.412395875,3.852780087,3,0,NA,NA,NA,F
2019,6,1737,irrigated,NA,12,5,1,NA,0,NA,47.1238898,NA,3.852780087,NA,0,0,NA,NA,NA,V
2020,6,1737,irrigated,NA,NA,NA,NA,1,NA,1,NA,39.26990817,NA,3.67045853,0,1,NA,NA,NA,NA
2021,6,1737,irrigated,NA,10,5,1,1,1,0,39.26990817,70.68583471,3.67045853,4.258245195,1,0,NA,NA,NA,F
2022,6,1737,irrigated,NA,10,9,1,1,0,0,70.68583471,175.9291886,4.258245195,5.170081577,0,0,NA,NA,NA,V
2023,6,1737,irrigated,NA,16,14,1,NA,0,NA,175.9291886,NA,5.170081577,NA,0,NA,NA,NA,NA,V
2018,14,1738,drought,NA,8,4,1,1,0,0,25.13274123,18.84955592,3.224171428,2.936489355,0,0,NA,NA,NA,V
2019,14,1738,drought,NA,6,4,1,1,0,0,18.84955592,12.9590697,2.936489355,2.561795906,0,0,NA,NA,NA,V
2020,14,1738,drought,NA,5.5,3,1,1,0,0,12.9590697,21.20575041,2.561795906,3.054272391,0,0,NA,NA,NA,V
2021,14,1738,drought,NA,9,3,1,1,0,0,21.20575041,84.82300165,3.054272391,4.440566752,0,0,NA,NA,NA,V
2022,14,1738,drought,NA,12,9,1,1,0,1,84.82300165,81.28870991,4.440566752,4.398007137,0,6,NA,44,NA,V
2023,14,1738,drought,NA,11.5,9,1,NA,1,NA,81.28870991,NA,4.398007137,NA,6,NA,44,NA,7,F
2018,15,1739,drought,NA,5,2,1,1,0,0,7.853981634,34.55751919,2.061020618,3.542625159,0,0,NA,NA,NA,V
2019,15,1739,drought,NA,11,4,1,1,0,0,34.55751919,17.67145868,3.542625159,2.871950834,0,0,NA,NA,NA,V
2020,15,1739,drought,NA,9,2.5,1,NA,0,NA,17.67145868,NA,2.871950834,NA,0,0,NA,NA,NA,V
2021,15,1739,drought,NA,NA,NA,NA,0,NA,NA,NA,NA,NA,NA,0,0,NA,NA,NA,NA
2022,15,1739,drought,NA,NA,NA,0,0,NA,NA,NA,NA,NA,NA,0,0,NA,NA,NA,dead
2023,15,1739,drought,NA,NA,NA,0,NA,NA,NA,NA,NA,NA,NA,0,NA,NA,NA,NA,dead
2018,6,1743,irrigated,NA,6.5,3,1,1,0,0,15.31526419,19.242255,2.72884999,2.957108642,0,0,NA,NA,NA,V
2019,6,1743,irrigated,NA,7,3.5,1,NA,0,NA,19.242255,NA,2.957108642,NA,0,0,NA,NA,NA,V
2020,6,1743,irrigated,NA,NA,NA,NA,1,NA,0,NA,43.98229715,NA,3.783787215,0,0,NA,NA,NA,NA
2021,6,1743,irrigated,NA,8,7,1,1,0,0,43.98229715,49.48008429,3.783787215,3.901570251,0,0,NA,NA,NA,V
2022,6,1743,irrigated,NA,14,4.5,1,1,0,0,49.48008429,89.53539063,3.901570251,4.494633973,0,0,NA,NA,NA,V
2023,6,1743,irrigated,NA,19,6,1,NA,0,NA,89.53539063,NA,4.494633973,NA,0,NA,NA,NA,NA,V
2018,6,1746,irrigated,NA,10,7,1,1,1,0,54.97787144,28.27433388,4.006930767,3.341954463,3,0,NA,NA,NA,F
2019,6,1746,irrigated,NA,12,3,1,NA,0,NA,28.27433388,NA,3.341954463,NA,0,0,NA,NA,NA,V
2020,6,1746,irrigated,NA,NA,NA,NA,1,NA,1,NA,16.49336143,NA,2.802957962,0,4,NA,NA,NA,NA
2021,6,1746,irrigated,NA,7,3,1,0,1,0,16.49336143,NA,2.802957962,NA,4,0,NA,NA,NA,F
2022,6,1746,irrigated,NA,NA,NA,0,0,0,NA,NA,NA,NA,NA,0,0,NA,NA,NA,dead
2023,6,1746,irrigated,NA,NA,NA,0,NA,NA,NA,NA,NA,NA,NA,0,NA,NA,NA,NA,dead
2018,6,1748,irrigated,NA,7.5,3,1,1,0,0,17.67145868,133.9103869,2.871950834,4.897170821,0,0,NA,NA,NA,V
2019,6,1748,irrigated,NA,15.5,11,1,0,0,0,133.9103869,NA,4.897170821,NA,0,0,NA,NA,NA,V
2020,6,1748,irrigated,NA,NA,NA,0,0,0,NA,NA,NA,NA,NA,0,0,NA,NA,NA,dead
2021,6,1748,irrigated,NA,NA,NA,0,0,NA,0,NA,NA,NA,NA,0,0,NA,NA,NA,dead
2022,6,1748,irrigated,NA,NA,NA,0,NA,0,NA,NA,NA,NA,NA,0,NA,NA,NA,NA,dead
2018,6,1751,irrigated,NA,9,6,1,1,1,1,42.41150082,71.47123287,3.747419571,4.269295031,4,3,NA,NA,NA,F
2019,6,1751,irrigated,NA,13,7,1,1,1,1,71.47123287,27.48893572,4.269295031,3.313783586,3,4,NA,NA,NA,F
2020,6,1751,irrigated,NA,7,5,1,1,1,1,27.48893572,71.47123287,3.313783586,4.269295031,4,3,NA,16,NA,F
2021,6,1751,irrigated,1,13,7,1,1,1,0,71.47123287,80.11061267,4.269295031,4.383408338,3,0,16,NA,5,F
2022,6,1751,irrigated,NA,17,6,1,1,0,0,80.11061267,63.61725124,4.383408338,4.152884679,0,0,NA,NA,NA,V
2023,6,1751,irrigated,NA,9,9,1,NA,0,NA,63.61725124,NA,4.152884679,NA,0,NA,NA,NA,NA,V
2018,5,1752,drought,NA,9,5,1,1,0,0,35.34291735,10.79922475,3.565098014,2.379474349,0,0,NA,NA,NA,V
2019,5,1752,drought,NA,5.5,2.5,1,NA,0,NA,10.79922475,NA,2.379474349,NA,0,0,NA,NA,NA,V
2020,5,1752,drought,NA,NA,NA,NA,0,NA,0,NA,NA,NA,NA,0,0,NA,NA,NA,NA
2021,5,1752,drought,NA,NA,NA,0,0,0,0,NA,NA,NA,NA,0,0,NA,NA,NA,dead
2022,5,1752,drought,NA,NA,NA,0,NA,0,NA,NA,NA,NA,NA,0,NA,NA,NA,NA,dead
2018,5,1753,drought,NA,5,3.5,1,0,0,0,13.74446786,NA,2.620636406,NA,0,0,NA,NA,NA,V
2019,5,1753,drought,NA,NA,NA,0,0,0,NA,NA,NA,NA,NA,0,0,NA,NA,NA,dead
2020,5,1753,drought,NA,NA,NA,0,0,NA,0,NA,NA,NA,NA,0,0,NA,NA,NA,dead
2021,5,1753,drought,NA,NA,NA,0,0,0,0,NA,NA,NA,NA,0,0,NA,NA,NA,dead
2022,5,1753,drought,NA,NA,NA,0,0,0,NA,NA,NA,NA,NA,0,0,NA,NA,NA,dead
2023,5,1753,drought,NA,NA,NA,0,NA,NA,NA,NA,NA,NA,NA,0,NA,NA,NA,NA,dead
2023,5,1756,drought,NA,14,10,1,NA,1,NA,109.9557429,NA,4.700077947,NA,6,NA,36,NA,6,F
2018,6,1757,irrigated,NA,9,6,1,1,0,0,42.41150082,72.25663103,3.747419571,4.280224102,0,0,NA,NA,NA,V
2019,6,1757,irrigated,NA,11.5,8,1,1,0,0,72.25663103,37.69911184,4.280224102,3.629636536,0,0,NA,NA,NA,V
2020,6,1757,irrigated,NA,8,6,1,1,0,0,37.69911184,25.13274123,3.629636536,3.224171428,0,0,NA,NA,NA,V
2021,6,1757,irrigated,NA,8,4,1,1,0,0,25.13274123,80.11061267,3.224171428,4.383408338,0,0,NA,NA,NA,V
2022,6,1757,irrigated,NA,17,6,1,0,0,0,80.11061267,NA,4.383408338,NA,0,0,NA,NA,NA,V
2023,6,1757,irrigated,NA,NA,NA,0,NA,0,NA,NA,NA,NA,NA,0,NA,NA,NA,NA,U
2021,8,1760,control,NA,6,5,1,0,0,0,23.5619449,NA,3.159632906,NA,0,0,NA,NA,NA,V
2022,8,1760,control,NA,NA,NA,0,0,0,0,NA,NA,NA,NA,0,0,NA,NA,NA,dead
2023,8,1760,control,NA,NA,NA,0,NA,0,NA,NA,NA,NA,NA,0,NA,NA,NA,NA,dead
2019,6,1764,irrigated,NA,7.5,2.5,1,1,0,0,14.72621556,38.48451001,2.689629277,3.650255823,0,0,NA,NA,NA,V
2020,6,1764,irrigated,NA,7,7,1,1,0,0,38.48451001,78.53981634,3.650255823,4.363605711,0,0,NA,NA,NA,V
2021,6,1764,irrigated,NA,12.5,8,1,1,0,0,78.53981634,113.8827337,4.363605711,4.735169267,0,0,NA,NA,NA,V
2022,6,1764,irrigated,NA,14.5,10,1,1,0,1,113.8827337,54.97787144,4.735169267,4.006930767,0,3,NA,0,NA,V
2023,6,1764,irrigated,NA,7,10,1,NA,1,NA,54.97787144,NA,4.006930767,NA,3,NA,0,NA,0,F
2019,6,1765,irrigated,NA,7.5,4,1,1,0,0,23.5619449,14.13716694,3.159632906,2.648807283,0,0,NA,NA,NA,V
2020,6,1765,irrigated,NA,6,3,1,1,0,0,14.13716694,13.74446786,2.648807283,2.620636406,0,0,NA,NA,NA,V
2021,6,1765,irrigated,NA,5,3.5,1,NA,0,0,13.74446786,NA,2.620636406,NA,0,0,NA,NA,NA,V
2022,6,1765,irrigated,NA,NA,NA,NA,1,0,0,NA,84.82300165,NA,4.440566752,0,0,NA,NA,NA,NA
2023,6,1765,irrigated,NA,12,9,1,NA,0,NA,84.82300165,NA,4.440566752,NA,0,NA,NA,NA,NA,V
2022,13,1770,control,NA,13,3,1,1,0,0,30.63052837,28.27433388,3.421997171,3.341954463,0,0,NA,NA,NA,V
2023,13,1770,control,NA,12,3,1,NA,0,NA,28.27433388,NA,3.341954463,NA,0,NA,NA,NA,NA,V
2019,6,1771,irrigated,NA,12,6,1,1,0,0,56.54866776,5.890486225,4.035101644,1.773338545,0,0,NA,NA,NA,V
2020,6,1771,irrigated,NA,5,1.5,1,0,0,0,5.890486225,NA,1.773338545,NA,0,0,NA,NA,NA,V
2021,6,1771,irrigated,NA,NA,NA,0,0,0,0,NA,NA,NA,NA,0,0,NA,NA,NA,dead
2022,6,1771,irrigated,NA,NA,NA,0,NA,0,NA,NA,NA,NA,NA,0,NA,NA,NA,NA,dead
2019,6,1776,irrigated,NA,8,6.5,1,1,0,0,40.8407045,NA,3.709679243,NA,0,0,NA,NA,NA,V
2020,6,1776,irrigated,NA,NA,NA,1,1,0,0,NA,9.817477042,NA,2.284164169,0,0,NA,NA,NA,dormant
2021,6,1776,irrigated,NA,5,2.5,1,1,0,0,9.817477042,25.13274123,2.284164169,3.224171428,0,0,NA,NA,NA,V
2022,6,1776,irrigated,NA,8,4,1,1,0,0,25.13274123,28.27433388,3.224171428,3.341954463,0,0,NA,NA,NA,V
2023,6,1776,irrigated,NA,9,4,1,NA,0,NA,28.27433388,NA,3.341954463,NA,0,NA,NA,NA,NA,V
2022,6,1777,irrigated,NA,9,7,1,1,0,0,49.48008429,56.54866776,3.901570251,4.035101644,0,0,NA,NA,NA,V
2023,6,1777,irrigated,NA,12,6,1,NA,0,NA,56.54866776,NA,4.035101644,NA,0,NA,NA,NA,NA,V
2019,7,1778,drought,NA,6,3,1,NA,0,NA,14.13716694,NA,2.648807283,NA,0,0,NA,NA,NA,V
2020,7,1778,drought,NA,NA,NA,NA,1,NA,0,NA,21.99114858,NA,3.090640035,0,0,NA,NA,NA,NA
2021,7,1778,drought,NA,7,4,1,1,0,0,21.99114858,63.61725124,3.090640035,4.152884679,0,0,NA,NA,NA,V
2022,7,1778,drought,NA,9,9,1,1,0,0,63.61725124,43.98229715,4.152884679,3.783787215,0,0,NA,NA,NA,V
2023,7,1778,drought,NA,7,8,1,NA,0,NA,43.98229715,NA,3.783787215,NA,0,NA,NA,NA,NA,V
2019,7,1779,drought,NA,8.5,8,1,1,0,0,53.40707511,23.5619449,3.97794323,3.159632906,0,0,NA,NA,NA,V
2020,7,1779,drought,NA,7.5,4,1,1,0,0,23.5619449,63.61725124,3.159632906,4.152884679,0,0,NA,NA,NA,V
2021,7,1779,drought,NA,9,9,1,1,0,0,63.61725124,71.47123287,4.152884679,4.269295031,0,0,NA,NA,NA,V
2022,7,1779,drought,NA,13,7,1,1,0,0,71.47123287,113.0973355,4.269295031,4.728248824,0,0,NA,NA,NA,V
2023,7,1779,drought,NA,16,9,1,NA,0,NA,113.0973355,NA,4.728248824,NA,0,NA,NA,NA,NA,V
2019,15,1780,drought,NA,7,7,1,1,0,0,38.48451001,18.84955592,3.650255823,2.936489355,0,0,NA,NA,NA,V
2020,15,1780,drought,NA,8,3,1,1,0,0,18.84955592,25.13274123,2.936489355,3.224171428,0,0,NA,NA,NA,V
2021,15,1780,drought,NA,8,4,1,1,0,0,25.13274123,32.98672286,3.224171428,3.496105143,0,0,NA,NA,NA,V
2022,15,1780,drought,NA,14,3,1,1,0,0,32.98672286,43.98229715,3.496105143,3.783787215,0,0,NA,NA,NA,V
2023,15,1780,drought,NA,14,4,1,NA,0,NA,43.98229715,NA,3.783787215,NA,0,NA,NA,NA,NA,V
2019,15,1788,drought,NA,13,3,1,1,0,0,30.63052837,15.70796327,3.421997171,2.754167798,0,0,NA,NA,NA,V
2020,15,1788,drought,NA,8,2.5,1,1,0,0,15.70796327,25.13274123,2.754167798,3.224171428,0,0,NA,NA,NA,V
2021,15,1788,drought,NA,8,4,1,1,0,0,25.13274123,39.26990817,3.224171428,3.67045853,0,0,NA,NA,NA,V
2022,15,1788,drought,NA,10,5,1,1,0,0,39.26990817,120.165919,3.67045853,4.788873446,0,0,NA,NA,NA,V
2023,15,1788,drought,NA,17,9,1,NA,0,NA,120.165919,NA,4.788873446,NA,0,NA,NA,NA,NA,V
2019,6,1789,irrigated,NA,4.5,3,1,0,0,0,10.60287521,NA,2.36112521,NA,0,0,NA,NA,NA,V
2020,6,1789,irrigated,NA,NA,NA,0,0,0,0,NA,NA,NA,NA,0,0,NA,NA,NA,dead
2021,6,1789,irrigated,NA,NA,NA,0,0,0,NA,NA,NA,NA,NA,0,0,NA,NA,NA,dead
2022,6,1789,irrigated,NA,NA,NA,0,0,NA,NA,NA,NA,NA,NA,0,0,NA,NA,NA,dead
2023,6,1789,irrigated,NA,NA,NA,0,NA,NA,NA,NA,NA,NA,NA,0,NA,NA,NA,NA,dead
2019,7,1790,drought,NA,5,3,1,1,0,0,11.78097245,8.835729338,2.466485726,2.178803653,0,0,NA,NA,NA,V
2020,7,1790,drought,NA,4.5,2.5,1,0,0,0,8.835729338,NA,2.178803653,NA,0,0,NA,NA,NA,V
2021,7,1790,drought,NA,NA,NA,0,0,0,NA,NA,NA,NA,NA,0,0,NA,NA,NA,dead
2022,7,1790,drought,NA,NA,NA,0,0,NA,NA,NA,NA,NA,NA,0,0,NA,NA,NA,dead
2023,7,1790,drought,NA,NA,NA,0,NA,NA,NA,NA,NA,NA,NA,0,NA,NA,NA,NA,dead
2019,7,1794,drought,NA,8,6.5,1,1,0,0,40.8407045,23.5619449,3.709679243,3.159632906,0,0,NA,NA,NA,V
2020,7,1794,drought,NA,7.5,4,1,NA,0,NA,23.5619449,NA,3.159632906,NA,0,0,NA,NA,NA,V
2021,7,1794,drought,NA,NA,NA,NA,0,NA,NA,NA,NA,NA,NA,0,0,NA,NA,NA,NA
2022,7,1794,drought,NA,NA,NA,0,0,NA,NA,NA,NA,NA,NA,0,0,NA,NA,NA,dead
2023,7,1794,drought,NA,NA,NA,0,NA,NA,NA,NA,NA,NA,NA,0,NA,NA,NA,NA,dead
2019,15,1797,drought,NA,6,4.5,1,1,0,0,21.20575041,6.87223393,3.054272391,1.927489225,0,0,NA,NA,NA,V
2020,15,1797,drought,NA,3.5,2.5,1,1,0,0,6.87223393,NA,1.927489225,NA,0,0,NA,NA,NA,V
2021,15,1797,drought,NA,NA,NA,1,1,0,0,NA,25.91813939,NA,3.254943086,0,0,NA,NA,NA,dormant
2022,15,1797,drought,NA,6,5.5,1,1,0,0,25.91813939,17.27875959,3.254943086,2.849477978,0,0,NA,NA,NA,V
2023,15,1797,drought,NA,5.5,4,1,NA,0,NA,17.27875959,NA,2.849477978,NA,0,NA,NA,NA,NA,V
2019,6,1798,irrigated,NA,3.5,2,1,1,0,0,5.497787144,6.283185307,1.704345674,1.837877066,0,0,NA,NA,NA,V
2020,6,1798,irrigated,NA,4,2,1,1,0,0,6.283185307,9.424777961,1.837877066,2.243342175,0,0,NA,NA,NA,V
2021,6,1798,irrigated,NA,4,3,1,1,0,0,9.424777961,NA,2.243342175,NA,0,0,NA,NA,NA,V
2022,6,1798,irrigated,NA,NA,NA,1,1,0,0,NA,54.97787144,NA,4.006930767,0,0,NA,NA,NA,dormant
2023,6,1798,irrigated,NA,14,5,1,NA,0,NA,54.97787144,NA,4.006930767,NA,0,NA,NA,NA,NA,V
2022,7,1799,drought,NA,7.5,2,1,1,0,0,11.78097245,13.74446786,2.466485726,2.620636406,0,0,NA,NA,NA,V
2023,7,1799,drought,NA,7,2.5,1,NA,0,NA,13.74446786,NA,2.620636406,NA,0,NA,NA,NA,NA,V
2019,3,1800,control,NA,5.5,4,1,1,0,0,17.27875959,9.424777961,2.849477978,2.243342175,0,0,NA,NA,NA,V
2020,3,1800,control,NA,4,3,1,1,0,0,9.424777961,14.13716694,2.243342175,2.648807283,0,0,NA,NA,NA,V
2021,3,1800,control,NA,4.5,4,1,1,0,0,14.13716694,54.97787144,2.648807283,4.006930767,0,0,NA,NA,NA,V
2022,3,1800,control,NA,14,5,1,1,0,1,54.97787144,142.9424657,4.006930767,4.962442212,0,5,NA,54,NA,V
2023,3,1800,control,NA,14,13,1,NA,1,NA,142.9424657,NA,4.962442212,NA,5,NA,54,NA,10,F
2017,9,181,irrigated,NA,10.5,7,1,1,0,1,57.72676501,226.1946711,4.055720931,5.421396005,0,5,NA,NA,NA,V
2018,9,181,irrigated,NA,16,18,1,0,1,NA,226.1946711,NA,5.421396005,NA,5,0,NA,NA,NA,F
2019,9,181,irrigated,NA,NA,NA,0,0,NA,NA,NA,NA,NA,NA,0,0,NA,NA,NA,dead
2020,9,181,irrigated,NA,NA,NA,0,0,NA,0,NA,NA,NA,NA,0,0,NA,NA,NA,dead
2021,9,181,irrigated,NA,NA,NA,0,0,0,0,NA,NA,NA,NA,0,0,NA,NA,NA,dead
2022,9,181,irrigated,NA,NA,NA,0,NA,0,NA,NA,NA,NA,NA,0,NA,NA,NA,NA,dead
2021,6,1811,irrigated,NA,9,5,1,1,1,0,35.34291735,150.7964474,3.565098014,5.015930897,3,0,NA,NA,NA,F
2022,6,1811,irrigated,NA,16,12,1,1,0,1,150.7964474,160.2212253,5.015930897,5.076555519,0,5,NA,0,NA,V
2023,6,1811,irrigated,NA,17,12,1,NA,1,NA,160.2212253,NA,5.076555519,NA,5,NA,0,NA,0,F
2021,6,1813,irrigated,NA,14,10,1,1,1,1,109.9557429,213.6283004,4.700077947,5.364237591,4,5,183,140,45,F
2022,6,1813,irrigated,NA,17,16,1,1,1,1,213.6283004,160.2212253,5.364237591,5.076555519,5,5,140,18,28,F
2023,6,1813,irrigated,NA,17,12,1,NA,1,NA,160.2212253,NA,5.076555519,NA,5,NA,18,NA,6,F
2017,2,182,control,NA,8,6,1,1,0,0,37.69911184,34.55751919,3.629636536,3.542625159,0,0,NA,NA,NA,V
2018,2,182,control,NA,5.5,8,1,1,0,0,34.55751919,47.1238898,3.542625159,3.852780087,0,0,NA,NA,NA,V
2019,2,182,control,NA,8,7.5,1,0,0,0,47.1238898,NA,3.852780087,NA,0,0,NA,NA,NA,V
2020,2,182,control,NA,NA,NA,0,0,0,NA,NA,NA,NA,NA,0,0,NA,NA,NA,dead
2021,2,182,control,NA,NA,NA,0,0,NA,NA,NA,NA,NA,NA,0,0,NA,NA,NA,dead
2022,2,182,control,NA,NA,NA,0,0,NA,NA,NA,NA,NA,NA,0,0,NA,NA,NA,dead
2023,2,182,control,NA,NA,NA,0,NA,NA,NA,NA,NA,NA,NA,0,NA,NA,NA,NA,dead
2021,6,1820,irrigated,NA,12,12,1,1,0,0,113.0973355,82.46680716,4.728248824,4.412395875,0,0,NA,NA,NA,V
2022,6,1820,irrigated,NA,15,7,1,1,0,0,82.46680716,120.165919,4.412395875,4.788873446,0,0,NA,NA,NA,V
2023,6,1820,irrigated,NA,17,9,1,NA,0,NA,120.165919,NA,4.788873446,NA,0,NA,NA,NA,NA,V
2021,13,1824,control,NA,6.5,3.5,1,1,0,1,17.86780822,43.19689899,2.88300067,3.76576871,0,3,NA,35,NA,V
2022,13,1824,control,NA,10,5.5,1,1,1,1,43.19689899,73.43472828,3.76576871,4.296396961,3,4,35,43,11,F
2023,13,1824,control,NA,11,8.5,1,NA,1,NA,73.43472828,NA,4.296396961,NA,4,NA,43,NA,10,F
2021,13,1829,control,NA,11,10,1,1,0,1,86.39379797,86.39379797,4.458915891,4.458915891,0,0,NA,0,NA,V
2022,13,1829,control,NA,11,10,1,1,1,1,86.39379797,153.5453409,4.458915891,5.033995904,0,5,0,84,NA,F
2023,13,1829,control,NA,17,11.5,1,NA,1,NA,153.5453409,NA,5.033995904,NA,5,NA,84,NA,16,F
2018,2,183,control,NA,10,4,1,1,1,0,31.41592654,21.99114858,3.447314979,3.090640035,5,0,NA,NA,NA,F
2019,2,183,control,NA,7,4,1,NA,0,NA,21.99114858,NA,3.090640035,NA,0,0,NA,NA,NA,V
2020,2,183,control,NA,NA,NA,NA,1,NA,0,NA,10.60287521,NA,2.36112521,0,0,NA,NA,NA,NA
2021,2,183,control,NA,4.5,3,1,1,0,0,10.60287521,7.853981634,2.36112521,2.061020618,0,0,NA,NA,NA,V
2022,2,183,control,NA,5,2,1,1,0,0,7.853981634,42.41150082,2.061020618,3.747419571,0,0,NA,NA,NA,V
2023,2,183,control,NA,9,6,1,NA,0,NA,42.41150082,NA,3.747419571,NA,0,NA,NA,NA,NA,V
2021,6,1833,irrigated,NA,10,6,1,1,1,1,47.1238898,82.07410808,3.852780087,4.407622596,2,2,NA,33,NA,F
2022,6,1833,irrigated,NA,11,9.5,1,1,1,0,82.07410808,31.41592654,4.407622596,3.447314979,2,0,33,NA,16,F
2023,6,1833,irrigated,NA,8,5,1,NA,0,NA,31.41592654,NA,3.447314979,NA,0,NA,NA,NA,NA,V
2021,13,1857,control,NA,8,6,1,1,0,1,37.69911184,47.1238898,3.629636536,3.852780087,0,3,NA,33,NA,V
2022,13,1857,control,NA,10,6,1,1,1,1,47.1238898,56.54866776,3.852780087,4.035101644,3,5,33,0,11,F
2023,13,1857,control,NA,9,8,1,NA,1,NA,56.54866776,NA,4.035101644,NA,5,NA,0,NA,0,F
2021,6,1859,irrigated,NA,9,5.5,1,1,1,0,38.87720909,53.99612373,3.660408194,3.988912261,3,0,NA,NA,NA,F
2022,6,1859,irrigated,NA,12.5,5.5,1,1,0,1,53.99612373,75.39822369,3.988912261,4.322783716,0,4,NA,0,NA,V
2023,6,1859,irrigated,NA,12,8,1,NA,1,NA,75.39822369,NA,4.322783716,NA,4,NA,0,NA,0,F
2021,5,1862,drought,NA,3,2,1,1,0,0,4.71238898,9.817477042,1.550194994,2.284164169,0,0,NA,NA,NA,V
2022,5,1862,drought,NA,5,2.5,1,1,0,0,9.817477042,15.11891465,2.284164169,2.715946585,0,0,NA,NA,NA,V
2023,5,1862,drought,NA,5.5,3.5,1,NA,0,NA,15.11891465,NA,2.715946585,NA,0,NA,NA,NA,NA,V
2021,8,1873,control,NA,7,3,1,1,0,0,16.49336143,NA,2.802957962,NA,0,0,NA,NA,NA,V
2022,8,1873,control,NA,NA,NA,1,1,0,0,NA,11.78097245,NA,2.466485726,0,0,NA,NA,NA,dormant
2023,8,1873,control,NA,6,2.5,1,NA,0,NA,11.78097245,NA,2.466485726,NA,0,NA,NA,NA,NA,V
2021,6,1878,irrigated,NA,13,4.5,1,1,1,1,45.94579256,86.78649706,3.827462279,4.463451046,3,3,NA,46,NA,F
2022,6,1878,irrigated,NA,13,8.5,1,1,1,1,86.78649706,138.2300768,4.463451046,4.92891952,3,5,46,0,15,F
2023,6,1878,irrigated,NA,16,11,1,NA,1,NA,138.2300768,NA,4.92891952,NA,5,NA,0,NA,0,F
2021,6,1881,irrigated,NA,12,4.5,1,1,1,0,42.41150082,69.11503838,3.747419571,4.235772339,5,0,NA,NA,NA,F
2022,6,1881,irrigated,NA,11,8,1,1,0,1,69.11503838,120.9513172,4.235772339,4.795388127,0,4,NA,0,NA,V
2023,6,1881,irrigated,NA,14,11,1,NA,1,NA,120.9513172,NA,4.795388127,NA,4,NA,0,NA,0,F
2018,2,1896,control,NA,6,4,1,1,0,0,18.84955592,16.49336143,2.936489355,2.802957962,0,0,NA,NA,NA,V
2019,2,1896,control,NA,7,3,1,NA,0,NA,16.49336143,NA,2.802957962,NA,0,0,NA,NA,NA,V
2020,2,1896,control,NA,NA,NA,NA,1,NA,1,NA,43.19689899,NA,3.76576871,0,5,NA,NA,NA,NA
2021,2,1896,control,NA,10,5.5,1,1,1,0,43.19689899,NA,3.76576871,NA,5,0,NA,0,NA,F
2022,2,1896,control,NA,NA,NA,1,1,0,0,NA,14.13716694,NA,2.648807283,0,0,0,NA,NA,dormant
2023,2,1896,control,NA,6,3,1,NA,0,NA,14.13716694,NA,2.648807283,NA,0,NA,NA,NA,NA,V
2017,11,19,control,NA,11,6,1,1,0,0,51.83627878,23.5619449,3.948090267,3.159632906,0,0,NA,NA,NA,V
2018,11,19,control,NA,5,6,1,0,0,0,23.5619449,NA,3.159632906,NA,0,0,NA,NA,NA,V
2019,11,19,control,NA,NA,NA,0,0,0,NA,NA,NA,NA,NA,0,0,NA,NA,NA,dead
2020,11,19,control,NA,NA,NA,0,0,NA,NA,NA,NA,NA,NA,0,0,NA,NA,NA,dead
2021,11,19,control,NA,NA,NA,0,0,NA,0,NA,NA,NA,NA,0,0,NA,NA,NA,dead
2022,11,19,control,NA,NA,NA,0,NA,0,NA,NA,NA,NA,NA,0,NA,NA,NA,NA,dead
2018,6,1903,irrigated,NA,14,10,1,1,1,0,109.9557429,56.54866776,4.700077947,4.035101644,4,0,NA,NA,NA,F
2019,6,1903,irrigated,NA,9,8,1,NA,0,NA,56.54866776,NA,4.035101644,NA,0,0,NA,NA,NA,V
2020,6,1903,irrigated,NA,NA,NA,NA,1,NA,1,NA,28.27433388,NA,3.341954463,0,4,NA,NA,NA,NA
2021,6,1903,irrigated,NA,12,3,1,1,1,0,28.27433388,86.39379797,3.341954463,4.458915891,4,0,NA,NA,NA,F
2022,6,1903,irrigated,NA,11,10,1,1,0,1,86.39379797,175.9291886,4.458915891,5.170081577,0,5,NA,34,NA,V
2023,6,1903,irrigated,NA,16,14,1,NA,1,NA,175.9291886,NA,5.170081577,NA,5,NA,34,NA,6,F
2021,6,1906,irrigated,NA,9,3.5,1,1,1,0,24.74004215,55.95961914,3.208423071,4.024630344,2,0,NA,NA,NA,F
2022,6,1906,irrigated,NA,7.5,9.5,1,1,0,1,55.95961914,150.7964474,4.024630344,5.015930897,0,3,NA,0,NA,V
2023,6,1906,irrigated,NA,16,12,1,NA,1,NA,150.7964474,NA,5.015930897,NA,3,NA,0,NA,0,F
2018,14,1910,drought,NA,8,5,1,1,0,0,31.41592654,NA,3.447314979,NA,0,0,NA,NA,NA,V
2019,14,1910,drought,NA,NA,NA,1,1,0,0,NA,4.71238898,NA,1.550194994,0,0,NA,NA,NA,dormant
2020,14,1910,drought,NA,3,2,1,1,0,0,4.71238898,14.13716694,1.550194994,2.648807283,0,0,NA,NA,NA,V
2021,14,1910,drought,NA,9,2,1,1,0,0,14.13716694,31.41592654,2.648807283,3.447314979,0,0,NA,NA,NA,V
2022,14,1910,drought,NA,5,8,1,1,0,0,31.41592654,18.84955592,3.447314979,2.936489355,0,0,NA,NA,NA,V
2023,14,1910,drought,NA,8,3,1,NA,0,NA,18.84955592,NA,2.936489355,NA,0,NA,NA,NA,NA,V
2018,7,1916,drought,NA,10,5,1,1,1,0,39.26990817,37.30641276,3.67045853,3.619165236,3,0,NA,NA,NA,F
2019,7,1916,drought,NA,9.5,5,1,0,0,0,37.30641276,NA,3.619165236,NA,0,0,NA,NA,NA,V
2020,7,1916,drought,NA,NA,NA,0,0,0,NA,NA,NA,NA,NA,0,0,NA,NA,NA,dead
2021,7,1916,drought,NA,NA,NA,0,0,NA,0,NA,NA,NA,NA,0,0,NA,NA,NA,dead
2022,7,1916,drought,NA,NA,NA,0,NA,0,NA,NA,NA,NA,NA,0,NA,NA,NA,NA,dead
2018,5,192,drought,NA,9,5.5,1,1,1,0,38.87720909,15.31526419,3.660408194,2.72884999,3,0,NA,NA,NA,F
2019,5,192,drought,NA,6.5,3,1,NA,0,NA,15.31526419,NA,2.72884999,NA,0,0,NA,NA,NA,V
2020,5,192,drought,NA,NA,NA,NA,0,NA,0,NA,NA,NA,NA,0,0,NA,NA,NA,NA
2021,5,192,drought,NA,NA,NA,0,0,0,NA,NA,NA,NA,NA,0,0,NA,NA,NA,dead
2022,5,192,drought,NA,NA,NA,0,0,NA,0,NA,NA,NA,NA,0,0,NA,NA,NA,dead
2023,5,192,drought,NA,NA,NA,0,NA,0,NA,NA,NA,NA,NA,0,NA,NA,NA,NA,dead
2021,5,1922,drought,NA,3,1,1,1,0,0,2.35619449,6.283185307,0.857047813,1.837877066,0,0,NA,NA,NA,V
2022,5,1922,drought,NA,4,2,1,1,0,0,6.283185307,11.78097245,1.837877066,2.466485726,0,0,NA,NA,NA,V
2023,5,1922,drought,NA,6,2.5,1,NA,0,NA,11.78097245,NA,2.466485726,NA,0,NA,NA,NA,NA,V
2018,6,1924,irrigated,NA,12,6,1,1,1,0,56.54866776,122.5221135,4.035101644,4.808291532,4,0,NA,NA,NA,F
2019,6,1924,irrigated,NA,13,12,1,1,0,0,122.5221135,17.67145868,4.808291532,2.871950834,0,0,NA,NA,NA,V
2020,6,1924,irrigated,NA,9,2.5,1,1,0,0,17.67145868,56.54866776,2.871950834,4.035101644,0,0,NA,NA,NA,V
2021,6,1924,irrigated,NA,8,9,1,1,0,0,56.54866776,113.0973355,4.035101644,4.728248824,0,0,NA,NA,NA,V
2022,6,1924,irrigated,NA,16,9,1,1,0,1,113.0973355,204.2035225,4.728248824,5.319117156,0,3,NA,30,NA,V
2023,6,1924,irrigated,NA,20,13,1,NA,1,NA,204.2035225,NA,5.319117156,NA,3,NA,30,NA,10,F
2018,15,1929,drought,NA,9,3,1,1,0,1,21.20575041,37.11006322,3.054272391,3.613888179,0,2,NA,NA,NA,V
2019,15,1929,drought,NA,10.5,4.5,1,1,1,0,37.11006322,19.43860454,3.613888179,2.967261014,2,0,NA,NA,NA,F
2020,15,1929,drought,NA,5.5,4.5,1,NA,0,NA,19.43860454,NA,2.967261014,NA,0,0,NA,NA,NA,V
2021,15,1929,drought,NA,NA,NA,NA,NA,NA,NA,NA,NA,NA,NA,0,0,NA,NA,NA,NA
2022,15,1929,drought,NA,NA,NA,NA,1,NA,0,NA,14.13716694,NA,2.648807283,0,0,NA,NA,NA,NA
2023,15,1929,drought,NA,9,2,1,NA,0,NA,14.13716694,NA,2.648807283,NA,0,NA,NA,NA,NA,V
2018,13,1934,control,NA,4,4,1,1,0,0,12.56637061,10.99557429,2.531024247,2.397492854,0,0,NA,NA,NA,V
2019,13,1934,control,NA,4,3.5,1,0,0,0,10.99557429,NA,2.397492854,NA,0,0,NA,NA,NA,V
2020,13,1934,control,NA,NA,NA,0,0,0,0,NA,NA,NA,NA,0,0,NA,NA,NA,dead
2021,13,1934,control,NA,NA,NA,0,0,0,0,NA,NA,NA,NA,0,0,NA,NA,NA,dead
2022,13,1934,control,NA,NA,NA,0,NA,0,NA,NA,NA,NA,NA,0,NA,NA,NA,NA,dead
2018,7,1935,drought,NA,7,4,1,1,0,0,21.99114858,11.78097245,3.090640035,2.466485726,0,0,NA,NA,NA,V
2019,7,1935,drought,NA,6,2.5,1,0,0,0,11.78097245,NA,2.466485726,NA,0,0,NA,NA,NA,V
2020,7,1935,drought,NA,NA,NA,0,0,0,0,NA,NA,NA,NA,0,0,NA,NA,NA,dead
2021,7,1935,drought,NA,NA,NA,0,0,0,NA,NA,NA,NA,NA,0,0,NA,NA,NA,dead
2022,7,1935,drought,NA,NA,NA,0,0,NA,0,NA,NA,NA,NA,0,0,NA,NA,NA,dead
2023,7,1935,drought,NA,NA,NA,0,NA,0,NA,NA,NA,NA,NA,0,NA,NA,NA,NA,dead
2018,2,1936,control,NA,9,3,1,1,0,0,21.20575041,35.34291735,3.054272391,3.565098014,0,0,NA,NA,NA,V
2019,2,1936,control,NA,9,5,1,NA,0,NA,35.34291735,NA,3.565098014,NA,0,0,NA,NA,NA,V
2020,2,1936,control,NA,NA,NA,NA,0,NA,0,NA,NA,NA,NA,0,0,NA,NA,NA,NA
2021,2,1936,control,NA,NA,NA,0,0,0,0,NA,NA,NA,NA,0,0,NA,NA,NA,dead
2022,2,1936,control,NA,NA,NA,0,NA,0,NA,NA,NA,NA,NA,0,NA,NA,NA,NA,dead
2018,15,1938,drought,NA,5,3,1,1,0,0,11.78097245,25.13274123,2.466485726,3.224171428,0,0,NA,NA,NA,V
2019,15,1938,drought,NA,8,4,1,1,0,0,25.13274123,8.835729338,3.224171428,2.178803653,0,0,NA,NA,NA,V
2020,15,1938,drought,NA,4.5,2.5,1,1,0,0,8.835729338,9.424777961,2.178803653,2.243342175,0,0,NA,NA,NA,V
2021,15,1938,drought,NA,4,3,1,1,0,0,9.424777961,23.5619449,2.243342175,3.159632906,0,0,NA,NA,NA,V
2022,15,1938,drought,NA,5,6,1,1,0,0,23.5619449,69.11503838,3.159632906,4.235772339,0,0,NA,NA,NA,V
2023,15,1938,drought,NA,11,8,1,NA,0,NA,69.11503838,NA,4.235772339,NA,0,NA,NA,NA,NA,V
2018,5,1939,drought,NA,7.5,7,1,1,1,0,41.23340358,109.9557429,3.719248694,4.700077947,5,0,NA,NA,NA,F
2019,5,1939,drought,NA,14,10,1,NA,0,NA,109.9557429,NA,4.700077947,NA,0,0,NA,NA,NA,V
2020,5,1939,drought,NA,NA,NA,NA,NA,NA,NA,NA,NA,NA,NA,0,0,NA,NA,NA,NA
2021,5,1939,drought,NA,NA,NA,NA,1,NA,0,NA,71.47123287,NA,4.269295031,0,0,NA,NA,NA,NA
2022,5,1939,drought,NA,13,7,1,1,0,0,71.47123287,68.7223393,4.269295031,4.230074318,0,0,NA,NA,NA,V
2023,5,1939,drought,NA,12.5,7,1,NA,0,NA,68.7223393,NA,4.230074318,NA,0,NA,NA,NA,NA,V
2022,11,1942,control,NA,5,3,1,1,0,0,11.78097245,12.56637061,2.466485726,2.531024247,0,0,NA,NA,NA,V
2023,11,1942,control,NA,8,2,1,NA,0,NA,12.56637061,NA,2.531024247,NA,0,NA,NA,NA,NA,V
2018,3,1943,control,NA,3,2,1,1,0,0,4.71238898,6.283185307,1.550194994,1.837877066,0,0,NA,NA,NA,V
2019,3,1943,control,NA,4,2,1,NA,0,NA,6.283185307,NA,1.837877066,NA,0,0,NA,NA,NA,V
2020,3,1943,control,NA,NA,NA,NA,NA,NA,NA,NA,NA,NA,NA,0,0,NA,NA,NA,NA
2021,3,1943,control,NA,NA,NA,NA,NA,NA,NA,NA,NA,NA,NA,0,0,NA,NA,NA,NA
2022,3,1943,control,NA,NA,NA,NA,1,NA,0,NA,25.91813939,NA,3.254943086,0,0,NA,NA,NA,NA
2023,3,1943,control,NA,11,3,1,NA,0,NA,25.91813939,NA,3.254943086,NA,0,NA,NA,NA,NA,V
2018,6,1944,irrigated,NA,7,3,1,1,0,0,16.49336143,23.5619449,2.802957962,3.159632906,0,0,NA,NA,NA,V
2019,6,1944,irrigated,NA,7.5,4,1,1,0,0,23.5619449,39.26990817,3.159632906,3.67045853,0,0,NA,NA,NA,V
2020,6,1944,irrigated,NA,10,5,1,1,0,0,39.26990817,34.55751919,3.67045853,3.542625159,0,0,NA,NA,NA,V
2021,6,1944,irrigated,NA,11,4,1,1,0,0,34.55751919,173.5729941,3.542625159,5.156598226,0,0,NA,NA,NA,V
2022,6,1944,irrigated,NA,17,13,1,1,0,1,173.5729941,197.9203372,5.156598226,5.287864612,0,5,NA,84,NA,V
2023,6,1944,irrigated,NA,18,14,1,NA,1,NA,197.9203372,NA,5.287864612,NA,5,NA,84,NA,16,F
2018,11,1946,control,NA,8,5,1,1,0,0,31.41592654,NA,3.447314979,NA,0,0,NA,NA,NA,V
2019,11,1946,control,NA,NA,NA,1,1,0,0,NA,4.123340358,NA,1.416663601,0,0,NA,NA,NA,dormant
2020,11,1946,control,NA,3.5,1.5,1,NA,0,NA,4.123340358,NA,1.416663601,NA,0,0,NA,NA,NA,V
2021,11,1946,control,NA,NA,NA,NA,1,NA,0,NA,8.246680716,NA,2.109810782,0,0,NA,NA,NA,NA
2022,11,1946,control,NA,7,1.5,1,1,0,0,8.246680716,21.20575041,2.109810782,3.054272391,0,0,NA,NA,NA,V
2023,11,1946,control,NA,9,3,1,NA,0,NA,21.20575041,NA,3.054272391,NA,0,NA,NA,NA,NA,V
2018,9,1947,irrigated,NA,4,5,1,1,0,1,15.70796327,12.76272016,2.754167798,2.546528434,0,3,NA,NA,NA,V
2019,9,1947,irrigated,NA,6.5,2.5,1,1,1,1,12.76272016,57.72676501,2.546528434,4.055720931,3,7,NA,NA,NA,F
2020,9,1947,irrigated,NA,10.5,7,1,0,1,NA,57.72676501,NA,4.055720931,NA,7,0,NA,NA,NA,F
2021,9,1947,irrigated,NA,NA,NA,0,0,NA,NA,NA,NA,NA,NA,0,0,NA,NA,NA,dead
2022,9,1947,irrigated,NA,NA,NA,0,0,NA,NA,NA,NA,NA,NA,0,0,NA,NA,NA,dead
2023,9,1947,irrigated,NA,NA,NA,0,NA,NA,NA,NA,NA,NA,NA,0,NA,NA,NA,NA,dead
2017,7,195,drought,NA,7,5,1,1,1,0,27.48893572,38.48451001,3.313783586,3.650255823,3,0,NA,NA,NA,F
2018,7,195,drought,NA,7,7,1,1,0,0,38.48451001,87.9645943,3.650255823,4.476934396,0,0,NA,NA,NA,V
2019,7,195,drought,NA,14,8,1,NA,0,NA,87.9645943,NA,4.476934396,NA,0,0,NA,NA,NA,V
2020,7,195,drought,NA,NA,NA,NA,1,NA,0,NA,18.84955592,NA,2.936489355,0,0,NA,NA,NA,NA
2021,7,195,drought,NA,8,3,1,1,0,0,18.84955592,69.11503838,2.936489355,4.235772339,0,0,NA,NA,NA,V
2022,7,195,drought,NA,11,8,1,1,0,0,69.11503838,56.54866776,4.235772339,4.035101644,0,0,NA,NA,NA,V
2023,7,195,drought,NA,12,6,1,NA,0,NA,56.54866776,NA,4.035101644,NA,0,NA,NA,NA,NA,V
2022,11,1956,control,NA,4,4,1,0,0,0,12.56637061,NA,2.531024247,NA,0,0,NA,NA,NA,V
2023,11,1956,control,NA,NA,NA,0,NA,0,NA,NA,NA,NA,NA,0,NA,NA,NA,NA,U
2017,2,196,control,NA,7,2.5,1,1,0,0,13.74446786,70.68583471,2.620636406,4.258245195,0,0,NA,NA,NA,V
2018,2,196,control,NA,9,10,1,1,0,1,70.68583471,77.75441818,4.258245195,4.353555375,0,0,NA,NA,NA,V
2019,2,196,control,NA,11,9,1,1,1,0,77.75441818,11.78097245,4.353555375,2.466485726,0,0,NA,NA,NA,F
2020,2,196,control,NA,5,3,1,1,0,0,11.78097245,22.97289628,2.466485726,3.134315098,0,0,NA,NA,NA,V
2021,2,196,control,NA,6.5,4.5,1,1,0,0,22.97289628,56.54866776,3.134315098,4.035101644,0,0,NA,NA,NA,V
2022,2,196,control,NA,9,8,1,1,0,0,56.54866776,29.45243113,4.035101644,3.382776458,0,0,NA,NA,NA,V
2023,2,196,control,NA,7.5,5,1,NA,0,NA,29.45243113,NA,3.382776458,NA,0,NA,NA,NA,NA,V
2018,15,1961,drought,NA,6,6,1,1,0,0,28.27433388,15.70796327,3.341954463,2.754167798,0,0,NA,NA,NA,V
2019,15,1961,drought,NA,8,2.5,1,NA,0,NA,15.70796327,NA,2.754167798,NA,0,0,NA,NA,NA,V
2020,15,1961,drought,NA,NA,NA,NA,NA,NA,NA,NA,NA,NA,NA,0,0,NA,NA,NA,NA
2021,15,1961,drought,NA,NA,NA,NA,NA,NA,NA,NA,NA,NA,NA,0,0,NA,NA,NA,NA
2022,15,1961,drought,NA,NA,NA,NA,1,NA,0,NA,62.83185307,NA,4.140462159,0,0,NA,NA,NA,NA
2023,15,1961,drought,NA,10,8,1,NA,0,NA,62.83185307,NA,4.140462159,NA,0,NA,NA,NA,NA,V
2018,9,1964,irrigated,NA,9,5,1,1,0,0,35.34291735,54.97787144,3.565098014,4.006930767,0,0,NA,NA,NA,V
2019,9,1964,irrigated,NA,10,7,1,1,0,0,54.97787144,9.424777961,4.006930767,2.243342175,0,0,NA,NA,NA,V
2020,9,1964,irrigated,NA,6,2,1,1,0,0,9.424777961,60.47565858,2.243342175,4.102240947,0,0,NA,NA,NA,V
2021,9,1964,irrigated,NA,11,7,1,1,0,0,60.47565858,43.19689899,4.102240947,3.76576871,0,0,NA,NA,NA,V
2022,9,1964,irrigated,NA,11,5,1,1,0,0,43.19689899,54.97787144,3.76576871,4.006930767,0,0,NA,NA,NA,V
2023,9,1964,irrigated,NA,7,10,1,NA,0,NA,54.97787144,NA,4.006930767,NA,0,NA,NA,NA,NA,V
2018,5,1965,drought,NA,7,2.5,1,1,0,0,13.74446786,15.31526419,2.620636406,2.72884999,0,0,NA,NA,NA,V
2019,5,1965,drought,NA,6.5,3,1,0,0,0,15.31526419,NA,2.72884999,NA,0,0,NA,NA,NA,V
2020,5,1965,drought,NA,NA,NA,0,0,0,0,NA,NA,NA,NA,0,0,NA,NA,NA,dead
2021,5,1965,drought,NA,NA,NA,0,0,0,NA,NA,NA,NA,NA,0,0,NA,NA,NA,dead
2022,5,1965,drought,NA,NA,NA,0,NA,NA,NA,NA,NA,NA,NA,0,NA,NA,NA,NA,dead
2023,5,1965.new,drought,NA,12,4,1,NA,0,NA,37.69911184,NA,3.629636536,NA,0,NA,NA,NA,NA,V
2018,9,1966,irrigated,NA,10,6,1,1,0,0,47.1238898,16.49336143,3.852780087,2.802957962,0,0,NA,NA,NA,V
2019,9,1966,irrigated,NA,7,3,1,0,0,0,16.49336143,NA,2.802957962,NA,0,0,NA,NA,NA,V
2020,9,1966,irrigated,NA,NA,NA,0,0,0,0,NA,NA,NA,NA,0,0,NA,NA,NA,dead
2021,9,1966,irrigated,NA,NA,NA,0,0,0,0,NA,NA,NA,NA,0,0,NA,NA,NA,dead
2022,9,1966,irrigated,NA,NA,NA,0,NA,0,NA,NA,NA,NA,NA,0,NA,NA,NA,NA,dead
2018,5,1968,drought,NA,3.5,2,1,1,0,0,5.497787144,6.283185307,1.704345674,1.837877066,0,0,NA,NA,NA,V
2019,5,1968,drought,NA,4,2,1,1,0,0,6.283185307,7.853981634,1.837877066,2.061020618,0,0,NA,NA,NA,V
2020,5,1968,drought,NA,5,2,1,1,0,0,7.853981634,6.283185307,2.061020618,1.837877066,0,0,NA,NA,NA,V
2021,5,1968,drought,NA,4,2,1,1,0,0,6.283185307,23.5619449,1.837877066,3.159632906,0,0,NA,NA,NA,V
2022,5,1968,drought,NA,6,5,1,1,0,0,23.5619449,74.22012644,3.159632906,4.307035359,0,0,NA,NA,NA,V
2023,5,1968,drought,NA,13.5,7,1,NA,0,NA,74.22012644,NA,4.307035359,NA,0,NA,NA,NA,NA,V
2017,11,197,control,NA,10,6.5,1,1,1,0,51.05088062,NA,3.932822795,NA,7,0,NA,NA,NA,F
2018,11,197,control,NA,NA,NA,1,1,0,0,NA,10.99557429,NA,2.397492854,0,0,NA,NA,NA,dormant
2019,11,197,control,NA,7,2,1,1,0,0,10.99557429,3.534291735,2.397492854,1.262512922,0,0,NA,NA,NA,V
2020,11,197,control,NA,3,1.5,1,0,0,NA,3.534291735,NA,1.262512922,NA,0,0,NA,NA,NA,V
2021,11,197,control,NA,NA,NA,0,0,NA,0,NA,NA,NA,NA,0,0,NA,NA,NA,dead
2022,11,197,control,NA,NA,NA,0,NA,0,NA,NA,NA,NA,NA,0,NA,NA,NA,NA,dead
2018,6,1971,irrigated,NA,10,11,1,1,1,1,86.39379797,95.03317777,4.458915891,4.55422607,5,3,NA,NA,NA,F
2019,6,1971,irrigated,NA,11,11,1,NA,1,NA,95.03317777,NA,4.55422607,NA,3,0,NA,NA,NA,F
2020,6,1971,irrigated,NA,NA,NA,NA,1,NA,0,NA,25.13274123,NA,3.224171428,0,0,NA,NA,NA,NA
2021,6,1971,irrigated,NA,8,4,1,1,0,0,25.13274123,56.54866776,3.224171428,4.035101644,0,0,NA,NA,NA,V
2022,6,1971,irrigated,NA,9,8,1,1,0,0,56.54866776,29.45243113,4.035101644,3.382776458,0,0,NA,NA,NA,V
2023,6,1971,irrigated,NA,15,2.5,1,NA,0,NA,29.45243113,NA,3.382776458,NA,0,NA,NA,NA,NA,V
2018,7,1975,drought,NA,12,7,1,1,0,0,65.97344573,43.98229715,4.189252324,3.783787215,0,0,NA,NA,NA,V
2019,7,1975,drought,NA,8,7,1,0,0,NA,43.98229715,NA,3.783787215,NA,0,0,NA,NA,NA,V
2020,7,1975,drought,NA,NA,NA,0,0,NA,NA,NA,NA,NA,NA,0,0,NA,NA,NA,dead
2021,7,1975,drought,NA,NA,NA,0,0,NA,NA,NA,NA,NA,NA,0,0,NA,NA,NA,dead
2022,7,1975,drought,NA,NA,NA,0,0,NA,NA,NA,NA,NA,NA,0,0,NA,NA,NA,dead
2023,7,1975,drought,NA,NA,NA,0,NA,NA,NA,NA,NA,NA,NA,0,NA,NA,NA,NA,dead
2018,6,1976,irrigated,NA,9,3.5,1,1,0,0,24.74004215,38.28816047,3.208423071,3.645140722,0,0,NA,NA,NA,V
2019,6,1976,irrigated,NA,7.5,6.5,1,NA,0,NA,38.28816047,NA,3.645140722,NA,0,0,NA,NA,NA,V
2020,6,1976,irrigated,NA,NA,NA,NA,0,NA,0,NA,NA,NA,NA,0,0,NA,NA,NA,NA
2021,6,1976,irrigated,NA,NA,NA,0,0,0,0,NA,NA,NA,NA,0,0,NA,NA,NA,dead
2022,6,1976,irrigated,NA,NA,NA,0,NA,0,NA,NA,NA,NA,NA,0,NA,NA,NA,NA,dead
2018,11,1978,control,NA,9,4,1,1,0,0,28.27433388,70.88218425,3.341954463,4.261019122,0,0,NA,NA,NA,V
2019,11,1978,control,NA,9.5,9.5,1,1,0,0,70.88218425,28.27433388,4.261019122,3.341954463,0,0,NA,NA,NA,V
2020,11,1978,control,NA,9,4,1,1,0,0,28.27433388,25.13274123,3.341954463,3.224171428,0,0,NA,NA,NA,V
2021,11,1978,control,NA,8,4,1,0,0,0,25.13274123,NA,3.224171428,NA,0,0,NA,NA,NA,V
2022,11,1978,control,NA,NA,NA,0,0,0,0,NA,NA,NA,NA,0,0,NA,NA,NA,dead
2023,11,1978,control,NA,NA,NA,0,NA,0,NA,NA,NA,NA,NA,0,NA,NA,NA,NA,dead
2018,14,1980,drought,NA,4,4,1,1,0,0,12.56637061,7.853981634,2.531024247,2.061020618,0,0,NA,NA,NA,V
2019,14,1980,drought,NA,5,2,1,1,0,0,7.853981634,6.87223393,2.061020618,1.927489225,0,0,NA,NA,NA,V
2020,14,1980,drought,NA,3.5,2.5,1,1,0,0,6.87223393,9.424777961,1.927489225,2.243342175,0,0,NA,NA,NA,V
2021,14,1980,drought,NA,6,2,1,1,0,0,9.424777961,3.926990817,2.243342175,1.367873437,0,0,NA,NA,NA,V
2022,14,1980,drought,NA,5,1,1,1,0,0,3.926990817,1.767145868,1.367873437,0.569365741,0,0,NA,NA,NA,V
2023,14,1980,drought,NA,1.5,1.5,1,NA,0,NA,1.767145868,NA,0.569365741,NA,0,NA,NA,NA,NA,V
2018,7,1981,drought,NA,7,4,1,1,1,0,21.99114858,38.48451001,3.090640035,3.650255823,3,0,NA,NA,NA,F
2019,7,1981,drought,NA,7,7,1,0,0,0,38.48451001,NA,3.650255823,NA,0,0,NA,NA,NA,V
2020,7,1981,drought,NA,NA,NA,0,0,0,NA,NA,NA,NA,NA,0,0,NA,NA,NA,dead
2021,7,1981,drought,NA,NA,NA,0,0,NA,0,NA,NA,NA,NA,0,0,NA,NA,NA,dead
2022,7,1981,drought,NA,NA,NA,0,NA,0,NA,NA,NA,NA,NA,0,NA,NA,NA,NA,dead
2018,6,1984,irrigated,NA,14,10,1,1,1,0,109.9557429,61.26105675,4.700077947,4.115144351,4,0,NA,NA,NA,F
2019,6,1984,irrigated,NA,12,6.5,1,NA,0,NA,61.26105675,NA,4.115144351,NA,0,0,NA,NA,NA,V
2020,6,1984,irrigated,NA,NA,NA,NA,1,NA,0,NA,53.01437603,NA,3.970563123,0,0,NA,NA,NA,NA
2021,6,1984,irrigated,NA,15,4.5,1,1,0,0,53.01437603,164.9336143,3.970563123,5.105543055,0,0,NA,NA,NA,V
2022,6,1984,irrigated,NA,15,14,1,1,0,1,164.9336143,142.9424657,5.105543055,4.962442212,0,5,NA,0,NA,V
2023,6,1984,irrigated,NA,14,13,1,NA,1,NA,142.9424657,NA,4.962442212,NA,5,NA,0,NA,0,F
2018,9,1985,irrigated,NA,10,9,1,0,0,NA,70.68583471,NA,4.258245195,NA,0,0,NA,NA,NA,V
2019,9,1985,irrigated,NA,NA,NA,0,0,NA,NA,NA,NA,NA,NA,0,0,NA,NA,NA,dead
2020,9,1985,irrigated,NA,NA,NA,0,0,NA,NA,NA,NA,NA,NA,0,0,NA,NA,NA,dead
2021,9,1985,irrigated,NA,NA,NA,0,0,NA,NA,NA,NA,NA,NA,0,0,NA,NA,NA,dead
2022,9,1985,irrigated,NA,NA,NA,0,0,NA,NA,NA,NA,NA,NA,0,0,NA,NA,NA,dead
2023,9,1985,irrigated,NA,NA,NA,0,NA,NA,NA,NA,NA,NA,NA,0,NA,NA,NA,NA,dead
2018,6,1988,irrigated,NA,10,7,1,1,1,1,54.97787144,96.99667318,4.006930767,4.574676681,3,3,NA,NA,NA,F
2019,6,1988,irrigated,NA,13,9.5,1,NA,1,NA,96.99667318,NA,4.574676681,NA,3,0,NA,NA,NA,F
2020,6,1988,irrigated,NA,NA,NA,NA,1,NA,1,NA,37.69911184,NA,3.629636536,0,3,NA,58,NA,NA
2021,6,1988,irrigated,NA,8,6,1,1,1,0,37.69911184,122.5221135,3.629636536,4.808291532,3,0,58,NA,19,F
2022,6,1988,irrigated,NA,13,12,1,1,0,1,122.5221135,106.0287521,4.808291532,4.663710303,0,3,NA,0,NA,V
2023,6,1988,irrigated,NA,15,9,1,NA,1,NA,106.0287521,NA,4.663710303,NA,3,NA,0,NA,0,F
2016,6,199,irrigated,NA,NA,NA,1,1,1,0,NA,53.99612373,NA,3.988912261,4,0,NA,NA,NA,F
2017,6,199,irrigated,NA,12.5,5.5,1,1,0,0,53.99612373,19.63495408,3.988912261,2.97731135,0,0,NA,NA,NA,V
2018,6,199,irrigated,NA,5,5,1,1,0,0,19.63495408,32.39767424,2.97731135,3.478086638,0,0,NA,NA,NA,V
2019,6,199,irrigated,NA,7.5,5.5,1,NA,0,NA,32.39767424,NA,3.478086638,NA,0,0,NA,NA,NA,V
2020,6,199,irrigated,NA,NA,NA,NA,1,NA,0,NA,21.59844949,NA,3.072621529,0,0,NA,NA,NA,NA
2021,6,199,irrigated,NA,11,2.5,1,0,0,NA,21.59844949,NA,3.072621529,NA,0,0,NA,NA,NA,V
2022,6,199,irrigated,NA,NA,NA,0,0,NA,NA,NA,NA,NA,NA,0,0,NA,NA,NA,dead
2023,6,199,irrigated,NA,NA,NA,0,NA,NA,NA,NA,NA,NA,NA,0,NA,NA,NA,NA,dead
2018,6,1994,irrigated,NA,16,13,1,1,1,0,163.362818,103.6725576,5.095973604,4.641237447,6,0,NA,NA,NA,F
2019,6,1994,irrigated,NA,12,11,1,NA,0,NA,103.6725576,NA,4.641237447,NA,0,0,NA,NA,NA,V
2020,6,1994,irrigated,NA,NA,NA,NA,1,NA,0,NA,21.99114858,NA,3.090640035,0,0,NA,NA,NA,NA
2021,6,1994,irrigated,NA,7,4,1,1,0,0,21.99114858,NA,3.090640035,NA,0,0,NA,NA,NA,V
2022,6,1994,irrigated,NA,NA,NA,1,1,0,0,NA,31.41592654,NA,3.447314979,0,0,NA,NA,NA,dormant
2023,6,1994,irrigated,NA,10,4,1,NA,0,NA,31.41592654,NA,3.447314979,NA,0,NA,NA,NA,NA,V
2018,15,1996,drought,NA,5,5,1,1,0,0,19.63495408,15.70796327,2.97731135,2.754167798,0,0,NA,NA,NA,V
2019,15,1996,drought,NA,5,4,1,1,0,0,15.70796327,17.67145868,2.754167798,2.871950834,0,0,NA,NA,NA,V
2020,15,1996,drought,NA,7.5,3,1,1,0,0,17.67145868,9.817477042,2.871950834,2.284164169,0,0,NA,NA,NA,V
2021,15,1996,drought,NA,5,2.5,1,1,0,0,9.817477042,53.01437603,2.284164169,3.970563123,0,0,NA,NA,NA,V
2022,15,1996,drought,NA,7.5,9,1,1,0,0,53.01437603,132.7322896,3.970563123,4.88833424,0,0,NA,NA,NA,V
2023,15,1996,drought,NA,13,13,1,NA,0,NA,132.7322896,NA,4.88833424,NA,0,NA,NA,NA,NA,V
2018,6,1997,irrigated,NA,9,5.5,1,1,0,0,38.87720909,49.67643383,3.660408194,3.905530652,0,0,NA,NA,NA,V
2019,6,1997,irrigated,NA,11.5,5.5,1,1,0,0,49.67643383,78.53981634,3.905530652,4.363605711,0,0,NA,NA,NA,V
2020,6,1997,irrigated,NA,10,10,1,1,0,0,78.53981634,84.82300165,4.363605711,4.440566752,0,0,NA,NA,NA,V
2021,6,1997,irrigated,NA,12,9,1,1,0,0,84.82300165,200.2765317,4.440566752,5.29969907,0,0,NA,NA,NA,V
2022,6,1997,irrigated,NA,17,15,1,1,0,1,200.2765317,204.2035225,5.29969907,5.319117156,0,3,NA,NA,NA,V
2023,6,1997,irrigated,NA,20,13,1,NA,1,NA,204.2035225,NA,5.319117156,NA,3,NA,NA,NA,NA,F
2018,6,1998,irrigated,NA,6,4,1,1,0,0,18.84955592,47.1238898,2.936489355,3.852780087,0,0,NA,NA,NA,V
2019,6,1998,irrigated,NA,10,6,1,NA,0,NA,47.1238898,NA,3.852780087,NA,0,0,NA,NA,NA,V
2020,6,1998,irrigated,NA,NA,NA,NA,1,NA,1,NA,23.5619449,NA,3.159632906,0,3,NA,NA,NA,NA
2021,6,1998,irrigated,NA,6,5,1,1,1,0,23.5619449,82.07410808,3.159632906,4.407622596,3,0,NA,NA,NA,F
2022,6,1998,irrigated,NA,11,9.5,1,1,0,0,82.07410808,173.5729941,4.407622596,5.156598226,0,0,NA,NA,NA,V
2023,6,1998,irrigated,NA,17,13,1,NA,0,NA,173.5729941,NA,5.156598226,NA,0,NA,NA,NA,NA,V
2018,9,1999,irrigated,NA,8,11,1,0,0,0,69.11503838,NA,4.235772339,NA,0,0,NA,NA,NA,V
2019,9,1999,irrigated,NA,NA,NA,0,0,0,NA,NA,NA,NA,NA,0,0,NA,NA,NA,dead
2020,9,1999,irrigated,NA,NA,NA,0,0,NA,NA,NA,NA,NA,NA,0,0,NA,NA,NA,dead
2021,9,1999,irrigated,NA,NA,NA,0,0,NA,NA,NA,NA,NA,NA,0,0,NA,NA,NA,dead
2022,9,1999,irrigated,NA,NA,NA,0,0,NA,NA,NA,NA,NA,NA,0,0,NA,NA,NA,dead
2023,9,1999,irrigated,NA,NA,NA,0,NA,NA,NA,NA,NA,NA,NA,0,NA,NA,NA,NA,dead
2017,11,2,control,NA,12,10,1,1,0,1,94.24777961,71.47123287,4.545927268,4.269295031,0,6,NA,NA,NA,V
2018,11,2,control,NA,13,7,1,1,1,0,71.47123287,18.84955592,4.269295031,2.936489355,6,0,NA,NA,NA,F
2019,11,2,control,NA,8,3,1,NA,0,NA,18.84955592,NA,2.936489355,NA,0,0,NA,NA,NA,V
2020,11,2,control,NA,NA,NA,NA,1,NA,0,NA,39.26990817,NA,3.67045853,0,0,NA,NA,NA,NA
2021,11,2,control,NA,10,5,1,1,0,0,39.26990817,13.74446786,3.67045853,2.620636406,0,0,NA,NA,NA,V
2022,11,2,control,NA,7,2.5,1,1,0,0,13.74446786,65.97344573,2.620636406,4.189252324,0,0,NA,NA,NA,V
2023,11,2,control,NA,12,7,1,NA,0,NA,65.97344573,NA,4.189252324,NA,0,NA,NA,NA,NA,V
2018,2,200,control,NA,11.5,2.5,1,1,0,0,22.5801972,53.40707511,3.117073292,3.97794323,0,0,NA,NA,NA,V
2019,2,200,control,NA,8.5,8,1,1,0,0,53.40707511,12.9590697,3.97794323,2.561795906,0,0,NA,NA,NA,V
2020,2,200,control,NA,5.5,3,1,1,0,0,12.9590697,19.242255,2.561795906,2.957108642,0,0,NA,NA,NA,V
2021,2,200,control,NA,7,3.5,1,1,0,0,19.242255,28.27433388,2.957108642,3.341954463,0,0,NA,NA,NA,V
2022,2,200,control,NA,6,6,1,1,0,0,28.27433388,31.41592654,3.341954463,3.447314979,0,0,NA,NA,NA,V
2023,2,200,control,NA,10,4,1,NA,0,NA,31.41592654,NA,3.447314979,NA,0,NA,NA,NA,NA,V
2022,15,2010,drought,NA,7,6,1,1,0,0,32.98672286,21.99114858,3.496105143,3.090640035,0,0,NA,NA,NA,V
2023,15,2010,drought,NA,7,4,1,NA,0,NA,21.99114858,NA,3.090640035,NA,0,NA,NA,NA,NA,V
2016,2,202,control,NA,NA,NA,1,1,1,1,NA,51.83627878,NA,3.948090267,5,2,NA,NA,NA,F
2017,2,202,control,NA,11,6,1,1,1,0,51.83627878,24.74004215,3.948090267,3.208423071,2,0,NA,NA,NA,F
2018,2,202,control,NA,10.5,3,1,NA,0,NA,24.74004215,NA,3.208423071,NA,0,0,NA,NA,NA,V
2019,2,202,control,NA,NA,NA,NA,NA,NA,NA,NA,NA,NA,NA,0,NA,NA,NA,NA,NA
2022,14,2029,drought,NA,8.5,3,1,1,0,0,20.02765317,27.48893572,2.997113977,3.313783586,0,0,NA,NA,NA,V
2023,14,2029,drought,NA,7,5,1,NA,0,NA,27.48893572,NA,3.313783586,NA,0,NA,NA,NA,NA,V
2023,15,2033,drought,NA,7,4,1,NA,0,NA,21.99114858,NA,3.090640035,NA,0,NA,NA,NA,NA,V
2023,5,2038,drought,NA,8.5,4,1,NA,0,NA,26.70353756,NA,3.284796049,NA,0,NA,NA,NA,NA,V
2018,1,204,irrigated,NA,5.5,3.5,1,1,0,0,15.11891465,15.70796327,2.715946585,2.754167798,0,0,NA,NA,NA,V
2019,1,204,irrigated,NA,5,4,1,1,0,0,15.70796327,9.817477042,2.754167798,2.284164169,0,0,NA,NA,NA,V
2020,1,204,irrigated,NA,5,2.5,1,1,0,0,9.817477042,23.5619449,2.284164169,3.159632906,0,0,NA,NA,NA,V
2021,1,204,irrigated,NA,10,3,1,0,0,0,23.5619449,NA,3.159632906,NA,0,0,NA,NA,NA,V
2022,1,204,irrigated,NA,NA,NA,0,1,0,0,NA,9.424777961,NA,2.243342175,0,0,NA,NA,NA,U
2023,1,204,irrigated,NA,6,2,1,NA,0,NA,9.424777961,NA,2.243342175,NA,0,NA,NA,NA,NA,V
2023,15,2040,drought,NA,7,6,1,NA,0,NA,32.98672286,NA,3.496105143,NA,0,NA,NA,NA,NA,V
2022,6,2044,irrigated,NA,11,7.5,1,1,1,1,64.79534848,106.8141502,4.171233818,4.67109041,1,5,0,22,0,F
2023,6,2044,irrigated,NA,17,8,1,NA,1,NA,106.8141502,NA,4.67109041,NA,5,NA,22,NA,4,F
2022,14,2061,drought,NA,7,2,1,0,0,0,10.99557429,NA,2.397492854,NA,0,0,NA,NA,NA,V
2023,14,2061,drought,NA,NA,NA,0,NA,0,NA,NA,NA,NA,NA,0,NA,NA,NA,NA,U
2023,11,2066,control,NA,14,7,1,NA,0,NA,76.96902001,NA,4.343403003,NA,0,NA,NA,NA,NA,V
2017,11,207,control,NA,8,4.5,1,1,0,0,28.27433388,38.48451001,3.341954463,3.650255823,0,0,NA,NA,NA,V
2018,11,207,control,NA,7,7,1,1,0,0,38.48451001,28.27433388,3.650255823,3.341954463,0,0,NA,NA,NA,V
2019,11,207,control,NA,9,4,1,1,0,0,28.27433388,30.23782929,3.341954463,3.409093766,0,0,NA,NA,NA,V
2020,11,207,control,NA,11,3.5,1,1,0,1,30.23782929,28.27433388,3.409093766,3.341954463,0,3,NA,36,NA,V
2021,11,207,control,1,9,4,1,1,1,1,28.27433388,45.94579256,3.341954463,3.827462279,3,4,36,36,12,F
2022,11,207,control,NA,9,6.5,1,1,1,1,45.94579256,87.9645943,3.827462279,4.476934396,4,2,36,27,9,F
2023,11,207,control,NA,14,8,1,NA,1,NA,87.9645943,NA,4.476934396,NA,2,NA,27,NA,13,F
2022,9,2077,irrigated,NA,9,3.5,1,1,0,0,24.74004215,42.41150082,3.208423071,3.747419571,0,0,NA,NA,NA,V
2023,9,2077,irrigated,NA,9,6,1,NA,0,NA,42.41150082,NA,3.747419571,NA,0,NA,NA,NA,NA,V
2023,3,2091,control,NA,9,2.5,1,NA,0,NA,17.67145868,NA,2.871950834,NA,0,NA,NA,NA,NA,V
2023,1,2097,irrigated,NA,2,1.5,1,NA,0,NA,2.35619449,NA,0.857047813,NA,0,NA,NA,NA,NA,V
2022,14,2098,drought,NA,7,4,1,NA,0,NA,21.99114858,NA,3.090640035,NA,0,0,NA,NA,NA,V
2023,14,2098,drought,NA,NA,NA,NA,NA,NA,NA,NA,NA,NA,NA,0,NA,NA,NA,NA,NA
2017,3,21,control,NA,8,5,1,1,0,1,31.41592654,112.3119374,3.447314979,4.721280155,0,2,NA,NA,NA,V
2018,3,21,control,NA,11,13,1,1,1,1,112.3119374,99.35286767,4.721280155,4.598677833,2,5,NA,NA,NA,F
2019,3,21,control,NA,11.5,11,1,1,1,1,99.35286767,99.35286767,4.598677833,4.598677833,5,0,NA,NA,NA,F
2020,3,21,control,NA,11,11.5,1,1,1,0,99.35286767,16.49336143,4.598677833,2.802957962,0,0,NA,NA,NA,F
2021,3,21,control,NA,7,3,1,1,0,0,16.49336143,NA,2.802957962,NA,0,0,NA,0,NA,V
2022,3,21,control,NA,NA,NA,1,1,0,1,NA,229.7289628,NA,5.436900191,0,4,0,0,NA,dormant
2023,3,21,control,NA,19.5,15,1,NA,1,NA,229.7289628,NA,5.436900191,NA,4,NA,0,NA,0,F
2017,9,210,irrigated,NA,8.5,6,1,1,0,1,40.05530633,63.22455215,3.690261157,4.146692709,0,0,NA,NA,NA,V
2018,9,210,irrigated,NA,11.5,7,1,0,1,0,63.22455215,NA,4.146692709,NA,0,0,NA,NA,NA,F
2019,9,210,irrigated,NA,NA,NA,0,0,0,NA,NA,NA,NA,NA,0,0,NA,NA,NA,dead
2020,9,210,irrigated,NA,NA,NA,0,0,NA,NA,NA,NA,NA,NA,0,0,NA,NA,NA,dead
2021,9,210,irrigated,NA,NA,NA,0,0,NA,NA,NA,NA,NA,NA,0,0,NA,NA,NA,dead
2022,9,210,irrigated,NA,NA,NA,0,0,NA,NA,NA,NA,NA,NA,0,0,NA,NA,NA,dead
2023,9,210,irrigated,NA,NA,NA,0,NA,NA,NA,NA,NA,NA,NA,0,NA,NA,NA,NA,dead
2022,6,2104,irrigated,NA,8,6,1,1,1,0,37.69911184,95.42587685,3.629636536,4.558349788,4,0,74,NA,18,F
2023,6,2104,irrigated,NA,13.5,9,1,NA,0,NA,95.42587685,NA,4.558349788,NA,0,NA,NA,NA,NA,V
2022,6,2106,irrigated,NA,11,8,1,1,1,0,69.11503838,117.8097245,4.235772339,4.769070819,5,0,0,NA,0,F
2023,6,2106,irrigated,NA,15,10,1,NA,0,NA,117.8097245,NA,4.769070819,NA,0,NA,NA,NA,NA,V
2023,11,2107,control,NA,6,2.5,1,NA,0,NA,11.78097245,NA,2.466485726,NA,0,NA,NA,NA,NA,V
2023,5,2108,drought,NA,7,7,1,NA,0,NA,38.48451001,NA,3.650255823,NA,0,NA,NA,NA,NA,V
2023,9,2111,irrigated,NA,9,2.5,1,NA,0,NA,17.67145868,NA,2.871950834,NA,0,NA,NA,NA,NA,V
2023,15,2113,drought,NA,10,3,1,NA,0,NA,23.5619449,NA,3.159632906,NA,0,NA,NA,NA,NA,V
2022,14,2121,drought,NA,10,4,1,1,0,0,31.41592654,28.8633825,3.447314979,3.36257375,0,0,NA,NA,NA,V
2023,14,2121,drought,NA,10.5,3.5,1,NA,0,NA,28.8633825,NA,3.36257375,NA,0,NA,NA,NA,NA,V
2022,8,2122,control,NA,7,6,1,1,0,0,32.98672286,61.26105675,3.496105143,4.115144351,0,0,NA,NA,NA,V
2023,8,2122,control,NA,13,6,1,NA,0,NA,61.26105675,NA,4.115144351,NA,0,NA,NA,NA,NA,V
2023,13,2123,control,NA,6,2,1,NA,0,NA,9.424777961,NA,2.243342175,NA,0,NA,NA,NA,NA,V
2023,5,2124,drought,NA,14.5,4,1,NA,0,NA,45.55309348,NA,3.818878535,NA,0,NA,NA,NA,NA,V
2022,9,2127,irrigated,NA,14,6,1,1,0,0,65.97344573,28.27433388,4.189252324,3.341954463,0,0,NA,NA,NA,V
2023,9,2127,irrigated,NA,9,4,1,NA,0,NA,28.27433388,NA,3.341954463,NA,0,NA,NA,NA,NA,V
2022,6,2129,irrigated,NA,16,5,1,1,1,0,62.83185307,86.39379797,4.140462159,4.458915891,3,0,0,NA,0,F
2023,6,2129,irrigated,NA,11,10,1,NA,0,NA,86.39379797,NA,4.458915891,NA,0,NA,NA,NA,NA,V
2018,1,213,irrigated,NA,9,8,1,1,0,0,56.54866776,30.04147975,4.035101644,3.402579085,0,0,NA,NA,NA,V
2019,1,213,irrigated,NA,8.5,4.5,1,1,0,0,30.04147975,24.74004215,3.402579085,3.208423071,0,0,NA,NA,NA,V
2020,1,213,irrigated,NA,7,4.5,1,1,0,0,24.74004215,9.424777961,3.208423071,2.243342175,0,0,NA,NA,NA,V
2021,1,213,irrigated,NA,6,2,1,1,0,0,9.424777961,NA,2.243342175,NA,0,0,NA,NA,NA,V
2022,1,213,irrigated,NA,NA,NA,1,1,0,0,NA,2.35619449,NA,0.857047813,0,0,NA,NA,NA,dormant
2023,1,213,irrigated,NA,2,1.5,1,NA,0,NA,2.35619449,NA,0.857047813,NA,0,NA,NA,NA,NA,V
2023,12,2131,irrigated,NA,3,2,1,NA,0,NA,4.71238898,NA,1.550194994,NA,0,NA,NA,NA,NA,V
2022,14,2133,drought,NA,11,5,1,1,0,0,43.19689899,14.9225651,3.76576871,2.702874504,0,0,NA,NA,NA,V
2023,14,2133,drought,NA,9.5,2,1,NA,0,NA,14.9225651,NA,2.702874504,NA,0,NA,NA,NA,NA,V
2022,6,2136,irrigated,NA,7,5,1,1,1,1,27.48893572,70.68583471,3.313783586,4.258245195,2,4,NA,0,NA,F
2023,6,2136,irrigated,NA,10,9,1,NA,1,NA,70.68583471,NA,4.258245195,NA,4,NA,0,NA,0,F
2017,1,216,irrigated,NA,8,4,1,1,0,0,25.13274123,35.34291735,3.224171428,3.565098014,0,0,NA,NA,NA,V
2018,1,216,irrigated,NA,9,5,1,1,0,0,35.34291735,NA,3.565098014,NA,0,0,NA,NA,NA,V
2019,1,216,irrigated,NA,NA,NA,1,1,0,0,NA,18.84955592,NA,2.936489355,0,0,NA,NA,NA,dormant
2020,1,216,irrigated,NA,8,3,1,0,0,NA,18.84955592,NA,2.936489355,NA,0,0,NA,NA,NA,V
2021,1,216,irrigated,NA,NA,NA,0,0,NA,0,NA,NA,NA,NA,0,0,NA,NA,NA,dead
2022,1,216,irrigated,NA,NA,NA,0,NA,0,NA,NA,NA,NA,NA,0,NA,NA,NA,NA,dead
2017,8,218,control,NA,13,4.5,1,1,0,0,45.94579256,33.37942194,3.827462279,3.507939601,0,0,NA,NA,NA,V
2018,8,218,control,NA,8.5,5,1,1,0,0,33.37942194,14.13716694,3.507939601,2.648807283,0,0,NA,NA,NA,V
2019,8,218,control,NA,6,3,1,1,0,0,14.13716694,14.13716694,2.648807283,2.648807283,0,0,NA,NA,NA,V
2020,8,218,control,NA,6,3,1,1,0,0,14.13716694,25.13274123,2.648807283,3.224171428,0,0,NA,NA,NA,V
2021,8,218,control,NA,8,4,1,1,0,0,25.13274123,80.11061267,3.224171428,4.383408338,0,0,NA,NA,NA,V
2022,8,218,control,NA,17,6,1,1,0,0,80.11061267,112.3119374,4.383408338,4.721280155,0,0,NA,NA,NA,V
2023,8,218,control,NA,11,13,1,NA,0,NA,112.3119374,NA,4.721280155,NA,0,NA,NA,NA,NA,V
2018,1,219,irrigated,NA,9,4,1,1,1,0,28.27433388,31.41592654,3.341954463,3.447314979,3,0,NA,NA,NA,F
2019,1,219,irrigated,NA,8,5,1,NA,0,NA,31.41592654,NA,3.447314979,NA,0,0,NA,NA,NA,V
2020,1,219,irrigated,NA,NA,NA,NA,0,NA,0,NA,NA,NA,NA,0,0,NA,NA,NA,NA
2021,1,219,irrigated,NA,NA,NA,0,0,0,NA,NA,NA,NA,NA,0,0,NA,NA,NA,dead
2022,1,219,irrigated,NA,NA,NA,0,0,NA,0,NA,NA,NA,NA,0,0,NA,NA,NA,dead
2023,1,219,irrigated,NA,NA,NA,0,NA,0,NA,NA,NA,NA,NA,0,NA,NA,NA,NA,dead
2023,1,2202,irrigated,NA,6.5,2,1,NA,0,NA,10.21017612,NA,2.323384882,NA,0,NA,NA,NA,NA,V
2023,1,2208,irrigated,NA,4,3,1,NA,0,NA,9.424777961,NA,2.243342175,NA,0,NA,NA,NA,NA,V
2023,8,2211,control,NA,16,12,1,NA,1,NA,150.7964474,NA,5.015930897,NA,2,NA,NA,NA,NA,F
2023,1,2213,irrigated,NA,6.5,2.5,1,NA,0,NA,12.76272016,NA,2.546528434,NA,0,NA,NA,NA,NA,V
2023,8,2214,control,NA,12,2.5,1,NA,0,NA,23.5619449,NA,3.159632906,NA,0,NA,NA,NA,NA,V
2023,2,2216,control,NA,6.5,3.5,1,NA,0,NA,17.86780822,NA,2.88300067,NA,0,NA,NA,NA,NA,V
2023,9,2220,irrigated,NA,9,4,1,NA,0,NA,28.27433388,NA,3.341954463,NA,0,NA,NA,NA,NA,V
2023,5,2221,drought,NA,8,4,1,NA,0,NA,25.13274123,NA,3.224171428,NA,0,NA,NA,NA,NA,V
2022,9,2223,irrigated,NA,10,2,1,0,0,0,15.70796327,NA,2.754167798,NA,0,0,NA,NA,NA,V
2023,9,2223,irrigated,NA,NA,NA,0,NA,0,NA,NA,NA,NA,NA,0,NA,NA,NA,NA,U
2023,9,2224,irrigated,NA,14,2.5,1,NA,0,NA,27.48893572,NA,3.313783586,NA,0,NA,NA,NA,NA,V
2023,1,2303,irrigated,NA,10,3.5,1,NA,0,NA,27.48893572,NA,3.313783586,NA,0,NA,NA,NA,NA,V
2023,3,2305,control,NA,6,3.5,1,NA,0,NA,16.49336143,NA,2.802957962,NA,0,NA,NA,NA,NA,V
2023,9,2307,irrigated,NA,6.5,2,1,NA,0,NA,10.21017612,NA,2.323384882,NA,0,NA,NA,NA,NA,V
2023,2,2309,control,NA,6,3,1,NA,0,NA,14.13716694,NA,2.648807283,NA,0,NA,NA,NA,NA,V
2016,5,231,drought,NA,NA,NA,1,1,1,0,NA,11.78097245,NA,2.466485726,4,0,NA,NA,NA,F
2017,5,231,drought,NA,6,2.5,1,1,0,0,11.78097245,28.27433388,2.466485726,3.341954463,0,0,NA,NA,NA,V
2018,5,231,drought,NA,6,6,1,1,0,0,28.27433388,4.71238898,3.341954463,1.550194994,0,0,NA,NA,NA,V
2019,5,231,drought,NA,6,1,1,NA,0,NA,4.71238898,NA,1.550194994,NA,0,0,NA,NA,NA,V
2020,5,231,drought,NA,NA,NA,NA,0,NA,0,NA,NA,NA,NA,0,0,NA,NA,NA,NA
2021,5,231,drought,NA,NA,NA,0,0,0,NA,NA,NA,NA,NA,0,0,NA,NA,NA,dead
2022,5,231,drought,NA,NA,NA,0,0,NA,NA,NA,NA,NA,NA,0,0,NA,NA,NA,dead
2023,5,231,drought,NA,NA,NA,0,NA,NA,NA,NA,NA,NA,NA,0,NA,NA,NA,NA,dead
2023,15,2310,drought,NA,11,8,1,NA,1,NA,69.11503838,NA,4.235772339,NA,1,NA,8,NA,8,F
2022,6,2311,irrigated,NA,14,6,1,1,1,0,65.97344573,131.9468915,4.189252324,4.882399504,5,0,0,NA,0,F
2023,6,2311,irrigated,NA,14,12,1,NA,0,NA,131.9468915,NA,4.882399504,NA,0,NA,NA,NA,NA,V
2023,5,2312,drought,NA,4,2,1,NA,0,NA,6.283185307,NA,1.837877066,NA,0,NA,NA,NA,NA,V
2023,9,2313,irrigated,NA,4,2,1,NA,0,NA,6.283185307,NA,1.837877066,NA,0,NA,NA,NA,NA,V
2023,15,2315,drought,NA,7,2,1,NA,0,NA,10.99557429,NA,2.397492854,NA,0,NA,NA,NA,NA,V
2023,3,2316,control,NA,18,9,1,NA,1,NA,127.2345025,NA,4.84603186,NA,4,NA,0,NA,0,F
2022,6,2318,irrigated,NA,16,9,1,1,1,1,113.0973355,230.90706,4.728248824,5.442015292,2,3,0,0,0,F
2023,6,2318,irrigated,NA,21,14,1,NA,1,NA,230.90706,NA,5.442015292,NA,3,NA,0,NA,0,F
2023,3,2319,control,NA,5,1.5,1,NA,0,NA,5.890486225,NA,1.773338545,NA,0,NA,NA,NA,NA,V
2022,9,2322,irrigated,NA,10,8,1,1,0,0,62.83185307,61.26105675,4.140462159,4.115144351,0,0,NA,NA,NA,V
2023,9,2322,irrigated,NA,13,6,1,NA,0,NA,61.26105675,NA,4.115144351,NA,0,NA,NA,NA,NA,V
2023,1,2323,irrigated,NA,5,2,1,NA,0,NA,7.853981634,NA,2.061020618,NA,0,NA,NA,NA,NA,V
2022,6,2324,irrigated,NA,14.5,8,1,1,1,1,91.10618695,164.9336143,4.512025716,5.105543055,3,4,0,0,0,F
2023,6,2324,irrigated,NA,15,14,1,NA,1,NA,164.9336143,NA,5.105543055,NA,4,NA,0,NA,0,F
2023,12,2325,irrigated,NA,10,3.5,1,NA,1,NA,27.48893572,NA,3.313783586,NA,2,NA,0,NA,0,F
2023,2,2329,control,NA,3.5,2,1,NA,0,NA,5.497787144,NA,1.704345674,NA,0,NA,NA,NA,NA,V
2023,11,2330,control,NA,10,3,1,NA,0,NA,23.5619449,NA,3.159632906,NA,0,NA,NA,NA,NA,V
2022,6,2331,irrigated,NA,14.5,10.5,1,1,1,0,119.5768704,131.9468915,4.783959431,4.882399504,3,0,58,NA,19,F
2023,6,2331,irrigated,NA,14,12,1,NA,0,NA,131.9468915,NA,4.882399504,NA,0,NA,NA,NA,NA,V
2023,1,2334,irrigated,NA,12,4,1,NA,0,NA,37.69911184,NA,3.629636536,NA,0,NA,NA,NA,NA,V
2023,15,2339,drought,NA,9,3.5,1,NA,0,NA,24.74004215,NA,3.208423071,NA,0,NA,NA,NA,NA,V
2023,14,2340,drought,NA,14,8,1,NA,1,NA,87.9645943,NA,4.476934396,NA,3,NA,22,NA,7,F
2022,6,2341,irrigated,NA,13,10,1,1,1,1,102.1017612,204.2035225,4.625969975,5.319117156,3,6,0,35,0,F
2023,6,2341,irrigated,NA,20,13,1,NA,1,NA,204.2035225,NA,5.319117156,NA,6,NA,35,NA,5,F
2022,13,2342,control,NA,5.5,2.5,1,1,0,1,10.79922475,43.19689899,2.379474349,3.76576871,0,5,NA,41,NA,V
2023,13,2342,control,NA,10,5.5,1,NA,1,NA,43.19689899,NA,3.76576871,NA,5,NA,41,NA,8,F
2023,1,2343,irrigated,NA,5,3.5,1,NA,0,NA,13.74446786,NA,2.620636406,NA,0,NA,NA,NA,NA,V
2023,1,2344,irrigated,NA,10,7,1,NA,0,NA,54.97787144,NA,4.006930767,NA,0,NA,NA,NA,NA,V
2023,5,2345,drought,NA,9.5,3,1,NA,0,NA,22.38384766,NA,3.108339612,NA,0,NA,NA,NA,NA,V
2022,6,2346,irrigated,NA,11,9,1,1,1,1,77.75441818,115.45353,4.353555375,4.748868112,5,6,115,0,23,F
2023,6,2346,irrigated,NA,21,7,1,NA,1,NA,115.45353,NA,4.748868112,NA,6,NA,0,NA,0,F
2022,13,2347,control,NA,8,2.5,1,1,0,0,15.70796327,23.36559536,2.754167798,3.151264657,0,0,NA,NA,NA,V
2023,13,2347,control,NA,8.5,3.5,1,NA,0,NA,23.36559536,NA,3.151264657,NA,0,NA,NA,NA,NA,V
2022,6,2350,irrigated,NA,10.5,9,1,1,1,1,74.22012644,59.69026042,4.307035359,4.089168865,5,6,105,0,21,F
2023,6,2350,irrigated,NA,9.5,8,1,NA,1,NA,59.69026042,NA,4.089168865,NA,6,NA,0,NA,0,F
2022,14,2352,drought,NA,9,3.5,1,1,0,0,24.74004215,22.38384766,3.208423071,3.108339612,0,0,NA,NA,NA,V
2023,14,2352,drought,NA,9.5,3,1,NA,0,NA,22.38384766,NA,3.108339612,NA,0,NA,NA,NA,NA,V
2023,3,2355,control,NA,5,2,1,NA,0,NA,7.853981634,NA,2.061020618,NA,0,NA,NA,NA,NA,V
2023,13,2357,control,NA,2,1,1,NA,0,NA,1.570796327,NA,0.451582705,NA,0,NA,NA,NA,NA,V
2023,9,2358,irrigated,NA,13,4,1,NA,0,NA,40.8407045,NA,3.709679243,NA,0,NA,NA,NA,NA,V
2022,14,2359,drought,NA,12,5,1,1,0,0,47.1238898,24.74004215,3.852780087,3.208423071,0,0,NA,NA,NA,V
2023,14,2359,drought,NA,7,4.5,1,NA,0,NA,24.74004215,NA,3.208423071,NA,0,NA,NA,NA,NA,V
2023,5,2360,drought,NA,9,3,1,NA,1,NA,21.20575041,NA,3.054272391,NA,3,NA,15,NA,5,F
2023,1,2361,irrigated,NA,4.5,3.5,1,NA,0,NA,12.37002107,NA,2.51527589,NA,0,NA,NA,NA,NA,V
2022,6,2362,irrigated,NA,10,9,1,1,1,0,70.68583471,100.5309649,4.258245195,4.610465789,2,0,0,NA,0,F
2023,6,2362,irrigated,NA,16,8,1,NA,0,NA,100.5309649,NA,4.610465789,NA,0,NA,NA,NA,NA,V
2023,9,2367,irrigated,NA,5,2,1,NA,0,NA,7.853981634,NA,2.061020618,NA,0,NA,NA,NA,NA,V
2022,14,2368,drought,NA,7.5,5,1,1,0,0,29.45243113,27.48893572,3.382776458,3.313783586,0,0,NA,NA,NA,V
2023,14,2368,drought,NA,7,5,1,NA,0,NA,27.48893572,NA,3.313783586,NA,0,NA,NA,NA,NA,V
2016,5,238,drought,NA,NA,NA,1,1,1,1,NA,31.41592654,NA,3.447314979,1,5,NA,NA,NA,F
2017,5,238,drought,NA,8,5,1,0,1,NA,31.41592654,NA,3.447314979,NA,5,0,NA,NA,NA,F
2018,5,238,drought,NA,NA,NA,0,0,NA,NA,NA,NA,NA,NA,0,0,NA,NA,NA,dead
2019,5,238,drought,NA,NA,NA,0,0,NA,NA,NA,NA,NA,NA,0,0,NA,NA,NA,dead
2020,5,238,drought,NA,NA,NA,0,0,NA,NA,NA,NA,NA,NA,0,0,NA,NA,NA,dead
2021,5,238,drought,NA,NA,NA,0,0,NA,NA,NA,NA,NA,NA,0,0,NA,NA,NA,dead
2022,5,238,drought,NA,NA,NA,0,0,NA,0,NA,NA,NA,NA,0,0,NA,NA,NA,dead
2023,5,238,drought,NA,NA,NA,0,NA,0,NA,NA,NA,NA,NA,0,NA,NA,NA,NA,dead
2016,1,239,irrigated,NA,NA,NA,1,1,1,1,NA,25.91813939,NA,3.254943086,6,3,NA,NA,NA,F
2017,1,239,irrigated,NA,11,3,1,1,1,0,25.91813939,71.47123287,3.254943086,4.269295031,3,0,NA,NA,NA,F
2018,1,239,irrigated,NA,13,7,1,1,0,1,71.47123287,46.73119072,4.269295031,3.844411837,0,5,NA,NA,NA,V
2019,1,239,irrigated,NA,8.5,7,1,0,1,0,46.73119072,NA,3.844411837,NA,5,0,NA,NA,NA,F
2020,1,239,irrigated,NA,NA,NA,0,0,0,NA,NA,NA,NA,NA,0,0,NA,NA,NA,dead
2021,1,239,irrigated,NA,NA,NA,0,0,NA,NA,NA,NA,NA,NA,0,0,NA,NA,NA,dead
2022,1,239,irrigated,NA,NA,NA,0,0,NA,0,NA,NA,NA,NA,0,0,NA,NA,NA,dead
2023,1,239,irrigated,NA,NA,NA,0,NA,0,NA,NA,NA,NA,NA,0,NA,NA,NA,NA,dead
2017,11,240,control,NA,9.5,5,1,1,0,0,37.30641276,22.5801972,3.619165236,3.117073292,0,0,NA,NA,NA,V
2018,11,240,control,NA,11.5,2.5,1,1,0,0,22.5801972,13.74446786,3.117073292,2.620636406,0,0,NA,NA,NA,V
2019,11,240,control,NA,7,2.5,1,NA,0,NA,13.74446786,NA,2.620636406,NA,0,0,NA,NA,NA,V
2020,11,240,control,NA,NA,NA,NA,1,NA,0,NA,9.424777961,NA,2.243342175,0,0,NA,NA,NA,NA
2021,11,240,control,NA,6,2,1,1,0,0,9.424777961,23.5619449,2.243342175,3.159632906,0,0,NA,NA,NA,V
2022,11,240,control,NA,6,5,1,1,0,0,23.5619449,70.68583471,3.159632906,4.258245195,0,0,NA,NA,NA,V
2023,11,240,control,NA,10,9,1,NA,0,NA,70.68583471,NA,4.258245195,NA,0,NA,NA,NA,NA,V
2017,2,242,control,NA,14,10,1,1,0,0,109.9557429,190.8517537,4.700077947,5.251496968,0,0,NA,NA,NA,V
2018,2,242,control,NA,13.5,18,1,1,0,0,190.8517537,93.2660319,5.251496968,4.535455968,0,0,NA,NA,NA,V
2019,2,242,control,NA,12.5,9.5,1,NA,0,NA,93.2660319,NA,4.535455968,NA,0,0,NA,NA,NA,V
2020,2,242,control,NA,NA,NA,NA,1,NA,0,NA,19.242255,NA,2.957108642,0,0,NA,NA,NA,NA
2021,2,242,control,NA,7,3.5,1,1,0,0,19.242255,NA,2.957108642,NA,0,0,NA,NA,NA,V
2022,2,242,control,NA,NA,NA,1,1,0,0,NA,13.35176878,NA,2.591648869,0,0,NA,NA,NA,dormant
2023,2,242,control,NA,8.5,2,1,NA,0,NA,13.35176878,NA,2.591648869,NA,0,NA,NA,NA,NA,V
2018,2,246,control,NA,6.5,5,1,1,0,0,25.52544031,6.283185307,3.239675614,1.837877066,0,0,NA,NA,NA,V
2019,2,246,control,NA,4,2,1,NA,0,NA,6.283185307,NA,1.837877066,NA,0,0,NA,NA,NA,V
2020,2,246,control,NA,NA,NA,NA,0,NA,0,NA,NA,NA,NA,0,0,NA,NA,NA,NA
2021,2,246,control,NA,NA,NA,0,0,0,0,NA,NA,NA,NA,0,0,NA,NA,NA,dead
2022,2,246,control,NA,NA,NA,0,NA,0,NA,NA,NA,NA,NA,0,NA,NA,NA,NA,dead
2018,5,25,drought,NA,7,4,1,1,0,0,21.99114858,4.123340358,3.090640035,1.416663601,0,0,NA,NA,NA,V
2019,5,25,drought,NA,3.5,1.5,1,1,0,0,4.123340358,7.068583471,1.416663601,1.955660102,0,0,NA,NA,NA,V
2020,5,25,drought,NA,3,3,1,1,0,0,7.068583471,14.13716694,1.955660102,2.648807283,0,0,NA,NA,NA,V
2021,5,25,drought,NA,3,6,1,1,0,0,14.13716694,27.48893572,2.648807283,3.313783586,0,0,NA,NA,NA,V
2022,5,25,drought,NA,7,5,1,1,0,0,27.48893572,38.87720909,3.313783586,3.660408194,0,0,NA,NA,NA,V
2023,5,25,drought,NA,11,4.5,1,NA,0,NA,38.87720909,NA,3.660408194,NA,0,NA,NA,NA,NA,V
2017,2,250,control,NA,8.5,3,1,1,0,1,20.02765317,61.85010537,2.997113977,4.124713802,0,3,NA,NA,NA,V
2018,2,250,control,NA,10.5,7.5,1,1,1,0,61.85010537,60.47565858,4.124713802,4.102240947,3,0,NA,NA,NA,F
2019,2,250,control,NA,11,7,1,0,0,0,60.47565858,NA,4.102240947,NA,0,0,NA,NA,NA,V
2020,2,250,control,NA,NA,NA,0,0,0,0,NA,NA,NA,NA,0,0,NA,NA,NA,dead
2021,2,250,control,NA,NA,NA,0,0,0,0,NA,NA,NA,NA,0,0,NA,NA,NA,dead
2022,2,250,control,NA,NA,NA,0,NA,0,NA,NA,NA,NA,NA,0,NA,NA,NA,NA,dead
2017,2,253,control,NA,10,6,1,1,1,0,47.1238898,61.26105675,3.852780087,4.115144351,1,0,NA,NA,NA,F
2018,2,253,control,NA,12,6.5,1,1,0,0,61.26105675,46.73119072,4.115144351,3.844411837,0,0,NA,NA,NA,V
2019,2,253,control,NA,8.5,7,1,NA,0,NA,46.73119072,NA,3.844411837,NA,0,0,NA,NA,NA,V
2020,2,253,control,NA,NA,NA,NA,1,NA,1,NA,37.69911184,NA,3.629636536,0,2,NA,NA,NA,NA
2021,2,253,control,1,8,6,1,1,1,0,37.69911184,67.15154297,3.629636536,4.206951901,2,0,NA,NA,NA,F
2022,2,253,control,NA,9.5,9,1,1,0,0,67.15154297,94.24777961,4.206951901,4.545927268,0,0,NA,NA,NA,V
2023,2,253,control,NA,10,12,1,NA,0,NA,94.24777961,NA,4.545927268,NA,0,NA,NA,NA,NA,V
2016,7,255,drought,NA,NA,NA,1,1,1,0,NA,44.76769531,NA,3.801486793,4,0,NA,NA,NA,F
2017,7,255,drought,NA,9.5,6,1,1,0,0,44.76769531,5.497787144,3.801486793,1.704345674,0,0,NA,NA,NA,V
2018,7,255,drought,NA,3.5,2,1,0,0,0,5.497787144,NA,1.704345674,NA,0,0,NA,NA,NA,V
2019,7,255,drought,NA,NA,NA,0,0,0,NA,NA,NA,NA,NA,0,0,NA,NA,NA,dead
2020,7,255,drought,NA,NA,NA,0,0,NA,NA,NA,NA,NA,NA,0,0,NA,NA,NA,dead
2021,7,255,drought,NA,NA,NA,0,0,NA,NA,NA,NA,NA,NA,0,0,NA,NA,NA,dead
2022,7,255,drought,NA,NA,NA,0,0,NA,NA,NA,NA,NA,NA,0,0,NA,NA,NA,dead
2023,7,255,drought,NA,NA,NA,0,NA,NA,NA,NA,NA,NA,NA,0,NA,NA,NA,NA,dead
2017,11,259,control,NA,8.5,5,1,1,0,0,33.37942194,16.49336143,3.507939601,2.802957962,0,0,NA,NA,NA,V
2018,11,259,control,NA,7,3,1,0,0,0,16.49336143,NA,2.802957962,NA,0,0,NA,NA,NA,V
2019,11,259,control,NA,NA,NA,0,0,0,NA,NA,NA,NA,NA,0,0,NA,NA,NA,dead
2020,11,259,control,NA,NA,NA,0,0,NA,NA,NA,NA,NA,NA,0,0,NA,NA,NA,dead
2021,11,259,control,NA,NA,NA,0,0,NA,0,NA,NA,NA,NA,0,0,NA,NA,NA,dead
2022,11,259,control,NA,NA,NA,0,NA,0,NA,NA,NA,NA,NA,0,NA,NA,NA,NA,dead
2023,3,2591,control,NA,17.5,5,1,NA,1,NA,68.7223393,NA,4.230074318,NA,4,NA,17,NA,4,F
2023,2,2592,control,NA,5.5,2.5,1,NA,0,NA,10.79922475,NA,2.379474349,NA,0,NA,NA,NA,NA,V
2023,13,2594,control,NA,10,3,1,NA,0,NA,23.5619449,NA,3.159632906,NA,0,NA,NA,NA,NA,V
2023,5,2596,drought,NA,5,2,1,NA,0,NA,7.853981634,NA,2.061020618,NA,0,NA,NA,NA,NA,V
2023,3,2597,control,NA,5,1.5,1,NA,0,NA,5.890486225,NA,1.773338545,NA,0,NA,NA,NA,NA,V
2022,6,2598,irrigated,NA,17,8,1,1,1,0,106.8141502,173.5729941,4.67109041,5.156598226,5,0,84,NA,16,F
2023,6,2598,irrigated,NA,17,13,1,NA,0,NA,173.5729941,NA,5.156598226,NA,0,NA,NA,NA,NA,V
2022,6,2599,irrigated,NA,13,10,1,1,1,1,102.1017612,91.10618695,4.625969975,4.512025716,3,3,108,47,36,F
2023,6,2599,irrigated,NA,14.5,8,1,NA,1,NA,91.10618695,NA,4.512025716,NA,3,NA,47,NA,15,F
2016,7,26,drought,NA,NA,NA,1,0,1,0,NA,NA,NA,NA,2,0,NA,NA,NA,F
2017,7,26,drought,NA,NA,NA,0,0,0,0,NA,NA,NA,NA,0,0,NA,NA,NA,dead
2018,7,26,drought,NA,NA,NA,0,0,0,0,NA,NA,NA,NA,0,0,NA,NA,NA,dead
2019,7,26,drought,NA,NA,NA,0,0,0,NA,NA,NA,NA,NA,0,0,NA,NA,NA,dead
2020,7,26,drought,NA,NA,NA,0,0,NA,NA,NA,NA,NA,NA,0,0,NA,NA,NA,dead
2021,7,26,drought,NA,NA,NA,0,0,NA,NA,NA,NA,NA,NA,0,0,NA,NA,NA,dead
2022,7,26,drought,NA,NA,NA,0,0,NA,NA,NA,NA,NA,NA,0,0,NA,NA,NA,dead
2023,7,26,drought,NA,NA,NA,0,NA,NA,NA,NA,NA,NA,NA,0,NA,NA,NA,NA,dead
2017,2,260,control,NA,9,3.5,1,1,1,0,24.74004215,35.34291735,3.208423071,3.565098014,2,0,NA,NA,NA,F
2018,2,260,control,NA,7.5,6,1,1,0,1,35.34291735,27.48893572,3.565098014,3.313783586,0,0,NA,NA,NA,V
2019,2,260,control,NA,7,5,1,NA,1,NA,27.48893572,NA,3.313783586,NA,0,0,NA,NA,NA,F
2020,2,260,control,NA,NA,NA,NA,NA,NA,NA,NA,NA,NA,NA,0,0,NA,NA,NA,NA
2021,2,260,control,NA,NA,NA,NA,1,NA,0,NA,57.72676501,NA,4.055720931,0,0,NA,NA,NA,NA
2022,2,260,control,NA,10.5,7,1,0,0,0,57.72676501,NA,4.055720931,NA,0,0,NA,NA,NA,V
2023,2,260,control,NA,NA,NA,0,NA,0,NA,NA,NA,NA,NA,0,NA,NA,NA,NA,U
2022,8,2600,control,NA,10,8,1,1,0,0,62.83185307,27.48893572,4.140462159,3.313783586,0,0,NA,NA,NA,V
2023,8,2600,control,NA,10,3.5,1,NA,0,NA,27.48893572,NA,3.313783586,NA,0,NA,NA,NA,NA,V
2023,8,2601,control,NA,15,5,1,NA,0,NA,58.90486225,NA,4.075923638,NA,0,NA,NA,NA,NA,V
2023,5,2603,drought,NA,8,3.5,1,NA,0,NA,21.99114858,NA,3.090640035,NA,0,NA,NA,NA,NA,V
2022,15,2605,drought,NA,10,2.5,1,1,0,0,19.63495408,14.13716694,2.97731135,2.648807283,0,0,NA,NA,NA,V
2023,15,2605,drought,NA,6,3,1,NA,0,NA,14.13716694,NA,2.648807283,NA,0,NA,NA,NA,NA,V
2018,1,264,irrigated,NA,4,3,1,1,0,0,9.424777961,25.91813939,2.243342175,3.254943086,0,0,NA,NA,NA,V
2019,1,264,irrigated,NA,11,3,1,NA,0,NA,25.91813939,NA,3.254943086,NA,0,0,NA,NA,NA,V
2020,1,264,irrigated,NA,NA,NA,NA,1,NA,0,NA,42.41150082,NA,3.747419571,0,0,NA,NA,NA,NA
2021,1,264,irrigated,NA,9,6,1,1,0,1,42.41150082,73.43472828,3.747419571,4.296396961,0,4,NA,47,NA,V
2022,1,264,irrigated,NA,11,8.5,1,0,1,0,73.43472828,NA,4.296396961,NA,4,0,47,NA,11,F
2023,1,264,irrigated,NA,NA,NA,0,NA,0,NA,NA,NA,NA,NA,0,NA,NA,NA,NA,U
2018,5,265,drought,NA,5,3,1,1,0,0,11.78097245,19.43860454,2.466485726,2.967261014,0,0,NA,NA,NA,V
2019,5,265,drought,NA,5.5,4.5,1,1,0,0,19.43860454,3.534291735,2.967261014,1.262512922,0,0,NA,NA,NA,V
2020,5,265,drought,NA,3,1.5,1,1,0,0,3.534291735,9.424777961,1.262512922,2.243342175,0,0,NA,NA,NA,V
2021,5,265,drought,NA,4,3,1,1,0,0,9.424777961,62.83185307,2.243342175,4.140462159,0,0,NA,NA,NA,V
2022,5,265,drought,NA,10,8,1,1,0,0,62.83185307,28.27433388,4.140462159,3.341954463,0,0,NA,NA,NA,V
2023,5,265,drought,NA,9,4,1,NA,0,NA,28.27433388,NA,3.341954463,NA,0,NA,NA,NA,NA,V
2017,11,266,control,NA,10,9,1,0,0,0,70.68583471,NA,4.258245195,NA,0,0,NA,NA,NA,V
2018,11,266,control,NA,NA,NA,0,0,0,0,NA,NA,NA,NA,0,0,NA,NA,NA,dead
2019,11,266,control,NA,NA,NA,0,0,0,NA,NA,NA,NA,NA,0,0,NA,NA,NA,dead
2020,11,266,control,NA,NA,NA,0,0,NA,0,NA,NA,NA,NA,0,0,NA,NA,NA,dead
2021,11,266,control,NA,NA,NA,0,0,0,0,NA,NA,NA,NA,0,0,NA,NA,NA,dead
2022,11,266,control,NA,NA,NA,0,NA,0,NA,NA,NA,NA,NA,0,NA,NA,NA,NA,dead
2017,1,267,irrigated,NA,9.2,3,1,1,0,0,21.67698931,70.88218425,3.076251297,4.261019122,0,0,NA,NA,NA,V
2018,1,267,irrigated,NA,9.5,9.5,1,1,0,1,70.88218425,32.98672286,4.261019122,3.496105143,0,5,NA,NA,NA,V
2019,1,267,irrigated,NA,7,6,1,1,1,0,32.98672286,24.74004215,3.496105143,3.208423071,5,0,NA,NA,NA,F
2020,1,267,irrigated,NA,7,4.5,1,1,0,0,24.74004215,73.43472828,3.208423071,4.296396961,0,0,NA,NA,NA,V
2021,1,267,irrigated,NA,11,8.5,1,1,0,1,73.43472828,71.47123287,4.296396961,4.269295031,0,6,NA,129,NA,V
2022,1,267,irrigated,NA,13,7,1,1,1,1,71.47123287,50.06913292,4.269295031,3.913404709,6,3,129,36,21,F
2023,1,267,irrigated,NA,8.5,7.5,1,NA,1,NA,50.06913292,NA,3.913404709,NA,3,NA,36,NA,12,F
2017,2,269,control,NA,11,8,1,0,1,0,69.11503838,NA,4.235772339,NA,3,0,NA,NA,NA,F
2018,2,269,control,NA,NA,NA,0,0,0,0,NA,NA,NA,NA,0,0,NA,NA,NA,dead
2019,2,269,control,NA,NA,NA,0,0,0,NA,NA,NA,NA,NA,0,0,NA,NA,NA,dead
2020,2,269,control,NA,NA,NA,0,0,NA,NA,NA,NA,NA,NA,0,0,NA,NA,NA,dead
2021,2,269,control,NA,NA,NA,0,0,NA,NA,NA,NA,NA,NA,0,0,NA,NA,NA,dead
2022,2,269,control,NA,NA,NA,0,0,NA,0,NA,NA,NA,NA,0,0,NA,NA,NA,dead
2023,2,269,control,NA,NA,NA,0,NA,0,NA,NA,NA,NA,NA,0,NA,NA,NA,NA,dead
2018,2,28,control,NA,9.5,7,1,1,0,1,52.22897787,38.87720909,3.955637472,3.660408194,0,6,NA,NA,NA,V
2019,2,28,control,NA,11,4.5,1,1,1,0,38.87720909,35.73561643,3.660408194,3.576147851,6,0,NA,NA,NA,F
2020,2,28,control,NA,7,6.5,1,1,0,1,35.73561643,26.70353756,3.576147851,3.284796049,0,3,NA,NA,NA,V
2021,2,28,control,1,8.5,4,1,1,1,0,26.70353756,21.20575041,3.284796049,3.054272391,3,0,NA,NA,NA,F
2022,2,28,control,NA,9,3,1,1,0,0,21.20575041,11.78097245,3.054272391,2.466485726,0,0,NA,NA,NA,V
2023,2,28,control,NA,5,3,1,NA,0,NA,11.78097245,NA,2.466485726,NA,0,NA,NA,NA,NA,V
2017,11,280,control,NA,7,3,1,1,0,0,16.49336143,172.7875959,2.802957962,5.152063071,0,0,NA,NA,NA,V
2018,11,280,control,NA,22,10,1,1,0,0,172.7875959,49.48008429,5.152063071,3.901570251,0,0,NA,NA,NA,V
2019,11,280,control,NA,9,7,1,1,0,0,49.48008429,35.34291735,3.901570251,3.565098014,0,0,NA,NA,NA,V
2020,11,280,control,NA,9,5,1,1,0,1,35.34291735,69.11503838,3.565098014,4.235772339,0,6,NA,NA,NA,V
2021,11,280,control,1,11,8,1,1,1,1,69.11503838,50.26548246,4.235772339,3.917318608,6,8,NA,78,NA,F
2022,11,280,control,NA,8,8,1,1,1,0,50.26548246,42.41150082,3.917318608,3.747419571,8,0,78,NA,9,F
2023,11,280,control,NA,9,6,1,NA,0,NA,42.41150082,NA,3.747419571,NA,0,NA,NA,NA,NA,V
2017,13,282,control,NA,11,10,1,1,0,0,86.39379797,84.82300165,4.458915891,4.440566752,0,0,NA,NA,NA,V
2018,13,282,control,NA,12,9,1,1,0,1,84.82300165,113.0973355,4.440566752,4.728248824,0,10,NA,NA,NA,V
2019,13,282,control,NA,12,12,1,1,1,1,113.0973355,52.22897787,4.728248824,3.955637472,10,0,NA,NA,NA,F
2020,13,282,control,NA,9.5,7,1,1,1,1,52.22897787,75.39822369,3.955637472,4.322783716,0,3,NA,50,NA,F
2021,13,282,control,1,12,8,1,1,1,0,75.39822369,91.89158512,4.322783716,4.52060946,3,0,50,NA,16,F
2022,13,282,control,NA,13,9,1,1,0,1,91.89158512,106.0287521,4.52060946,4.663710303,0,8,NA,91,NA,V
2023,13,282,control,NA,15,9,1,NA,1,NA,106.0287521,NA,4.663710303,NA,8,NA,91,NA,11,F
2022,9,288,irrigated,NA,11,4,1,1,0,0,34.55751919,40.05530633,3.542625159,3.690261157,0,0,NA,NA,NA,V
2023,9,288,irrigated,NA,8.5,6,1,NA,0,NA,40.05530633,NA,3.690261157,NA,0,NA,NA,NA,NA,V
2016,11,29,control,NA,NA,NA,1,1,1,0,NA,96.99667318,NA,4.574676681,3,0,NA,NA,NA,F
2017,11,29,control,NA,13,9.5,1,1,0,0,96.99667318,25.13274123,4.574676681,3.224171428,0,0,NA,NA,NA,V
2018,11,29,control,NA,8,4,1,1,0,0,25.13274123,14.13716694,3.224171428,2.648807283,0,0,NA,NA,NA,V
2019,11,29,control,NA,6,3,1,0,0,0,14.13716694,NA,2.648807283,NA,0,0,NA,NA,NA,V
2020,11,29,control,NA,NA,NA,0,0,0,0,NA,NA,NA,NA,0,0,NA,NA,NA,dead
2021,11,29,control,NA,NA,NA,0,0,0,0,NA,NA,NA,NA,0,0,NA,NA,NA,dead
2022,11,29,control,NA,NA,NA,0,NA,0,NA,NA,NA,NA,NA,0,NA,NA,NA,NA,dead
2018,1,290,irrigated,NA,7,12,1,1,0,0,65.97344573,14.9225651,4.189252324,2.702874504,0,0,NA,NA,NA,V
2019,1,290,irrigated,NA,9.5,2,1,1,0,0,14.9225651,13.74446786,2.702874504,2.620636406,0,0,NA,NA,NA,V
2020,1,290,irrigated,NA,7,2.5,1,0,0,0,13.74446786,NA,2.620636406,NA,0,0,NA,NA,NA,V
2021,1,290,irrigated,NA,NA,NA,0,0,0,NA,NA,NA,NA,NA,0,0,NA,NA,NA,dead
2022,1,290,irrigated,NA,NA,NA,0,0,NA,0,NA,NA,NA,NA,0,0,NA,NA,NA,dead
2023,1,290,irrigated,NA,NA,NA,0,NA,0,NA,NA,NA,NA,NA,0,NA,NA,NA,NA,dead
2017,5,293,drought,NA,10,8,1,1,1,1,62.83185307,77.75441818,4.140462159,4.353555375,5,4,NA,NA,NA,F
2018,5,293,drought,NA,11,9,1,1,1,1,77.75441818,76.96902001,4.353555375,4.343403003,4,2,NA,NA,NA,F
2019,5,293,drought,NA,14,7,1,0,1,0,76.96902001,NA,4.343403003,NA,2,0,NA,NA,NA,F
2020,5,293,drought,NA,NA,NA,0,0,0,NA,NA,NA,NA,NA,0,0,NA,NA,NA,dead
2021,5,293,drought,NA,NA,NA,0,0,NA,NA,NA,NA,NA,NA,0,0,NA,NA,NA,dead
2022,5,293,drought,NA,NA,NA,0,0,NA,NA,NA,NA,NA,NA,0,0,NA,NA,NA,dead
2023,5,293,drought,NA,NA,NA,0,NA,NA,NA,NA,NA,NA,NA,0,NA,NA,NA,NA,dead
2022,9,294,irrigated,NA,11,4,1,1,0,1,34.55751919,63.22455215,3.542625159,4.146692709,0,2,NA,18,NA,V
2023,9,294,irrigated,NA,11.5,7,1,NA,1,NA,63.22455215,NA,4.146692709,NA,2,NA,18,NA,9,F
2017,1,295,irrigated,NA,6,5,1,1,0,0,23.5619449,20.02765317,3.159632906,2.997113977,0,0,NA,NA,NA,V
2018,1,295,irrigated,NA,8.5,3,1,1,0,0,20.02765317,26.70353756,2.997113977,3.284796049,0,0,NA,NA,NA,V
2019,1,295,irrigated,NA,8.5,4,1,1,0,0,26.70353756,21.99114858,3.284796049,3.090640035,0,0,NA,NA,NA,V
2020,1,295,irrigated,NA,8,3.5,1,0,0,0,21.99114858,NA,3.090640035,NA,0,0,NA,NA,NA,V
2021,1,295,irrigated,NA,NA,NA,0,0,0,NA,NA,NA,NA,NA,0,0,NA,NA,NA,dead
2022,1,295,irrigated,NA,NA,NA,0,0,NA,0,NA,NA,NA,NA,0,0,NA,NA,NA,dead
2023,1,295,irrigated,NA,NA,NA,0,NA,0,NA,NA,NA,NA,NA,0,NA,NA,NA,NA,dead
2017,13,296,control,NA,5,2,1,1,0,0,7.853981634,3.141592654,2.061020618,1.144729886,0,0,NA,NA,NA,V
2018,13,296,control,NA,4,1,1,1,0,0,3.141592654,21.99114858,1.144729886,3.090640035,0,0,NA,NA,NA,V
2019,13,296,control,NA,7,4,1,1,0,0,21.99114858,12.9590697,3.090640035,2.561795906,0,0,NA,NA,NA,V
2020,13,296,control,NA,5.5,3,1,1,0,0,12.9590697,16.49336143,2.561795906,2.802957962,0,0,NA,NA,NA,V
2021,13,296,control,NA,6,3.5,1,1,0,0,16.49336143,65.97344573,2.802957962,4.189252324,0,0,NA,NA,NA,V
2022,13,296,control,NA,12,7,1,1,0,1,65.97344573,89.53539063,4.189252324,4.494633973,0,7,NA,0,NA,V
2023,13,296,control,NA,12,9.5,1,NA,1,NA,89.53539063,NA,4.494633973,NA,7,NA,0,NA,0,F
2016,6,297,irrigated,NA,NA,NA,1,1,1,0,NA,42.41150082,NA,3.747419571,3,0,NA,NA,NA,F
2017,6,297,irrigated,NA,9,6,1,0,0,NA,42.41150082,NA,3.747419571,NA,0,0,NA,NA,NA,V
2018,6,297,irrigated,NA,NA,NA,0,0,NA,NA,NA,NA,NA,NA,0,0,NA,NA,NA,dead
2019,6,297,irrigated,NA,NA,NA,0,0,NA,NA,NA,NA,NA,NA,0,0,NA,NA,NA,dead
2020,6,297,irrigated,NA,NA,NA,0,0,NA,NA,NA,NA,NA,NA,0,0,NA,NA,NA,dead
2021,6,297,irrigated,NA,NA,NA,0,0,NA,0,NA,NA,NA,NA,0,0,NA,NA,NA,dead
2022,6,297,irrigated,NA,NA,NA,0,NA,0,NA,NA,NA,NA,NA,0,NA,NA,NA,NA,dead
2017,1,303,irrigated,NA,9,2.5,1,1,0,0,17.67145868,12.37002107,2.871950834,2.51527589,0,0,NA,NA,NA,V
2018,1,303,irrigated,NA,4.5,3.5,1,1,0,0,12.37002107,8.835729338,2.51527589,2.178803653,0,0,NA,NA,NA,V
2019,1,303,irrigated,NA,4.5,2.5,1,0,0,0,8.835729338,NA,2.178803653,NA,0,0,NA,NA,NA,V
2020,1,303,irrigated,NA,NA,NA,0,0,0,0,NA,NA,NA,NA,0,0,NA,NA,NA,dead
2021,1,303,irrigated,NA,NA,NA,0,0,0,0,NA,NA,NA,NA,0,0,NA,NA,NA,dead
2022,1,303,irrigated,NA,NA,NA,0,NA,0,NA,NA,NA,NA,NA,0,NA,NA,NA,NA,dead
2018,1,304,irrigated,NA,6,3,1,1,0,0,14.13716694,7.068583471,2.648807283,1.955660102,0,0,NA,NA,NA,V
2019,1,304,irrigated,NA,3,3,1,NA,0,NA,7.068583471,NA,1.955660102,NA,0,0,NA,NA,NA,V
2020,1,304,irrigated,NA,NA,NA,NA,NA,NA,NA,NA,NA,NA,NA,0,0,NA,NA,NA,NA
2021,1,304,irrigated,NA,NA,NA,NA,0,NA,0,NA,NA,NA,NA,0,0,NA,NA,NA,NA
2022,1,304,irrigated,NA,NA,NA,0,NA,0,NA,NA,NA,NA,NA,0,NA,NA,NA,NA,dead
2018,1,308,irrigated,NA,6.5,5,1,1,1,0,25.52544031,22.97289628,3.239675614,3.134315098,4,0,NA,NA,NA,F
2019,1,308,irrigated,NA,6.5,4.5,1,NA,0,NA,22.97289628,NA,3.134315098,NA,0,0,NA,NA,NA,V
2020,1,308,irrigated,NA,NA,NA,NA,1,NA,0,NA,16.49336143,NA,2.802957962,0,0,NA,NA,NA,NA
2021,1,308,irrigated,NA,7,3,1,1,0,0,16.49336143,11.78097245,2.802957962,2.466485726,0,0,NA,NA,NA,V
2022,1,308,irrigated,NA,6,2.5,1,1,0,0,11.78097245,15.70796327,2.466485726,2.754167798,0,0,NA,NA,NA,V
2023,1,308,irrigated,NA,10,2,1,NA,0,NA,15.70796327,NA,2.754167798,NA,0,NA,NA,NA,NA,V
2016,7,309,drought,NA,NA,NA,1,1,1,1,NA,60.47565858,NA,4.102240947,4,6,NA,NA,NA,F
2017,7,309,drought,NA,14,5.5,1,1,1,0,60.47565858,11.78097245,4.102240947,2.466485726,6,0,NA,NA,NA,F
2018,7,309,drought,NA,5,3,1,1,0,0,11.78097245,19.63495408,2.466485726,2.97731135,0,0,NA,NA,NA,V
2019,7,309,drought,NA,5,5,1,1,0,0,19.63495408,NA,2.97731135,NA,0,0,NA,NA,NA,V
2020,7,309,drought,NA,NA,NA,1,1,0,0,NA,1.178097245,NA,0.163900633,0,0,NA,NA,NA,dormant
2021,7,309,drought,NA,3,0.5,1,NA,0,NA,1.178097245,NA,0.163900633,NA,0,0,NA,NA,NA,V
2022,7,309,drought,NA,NA,NA,NA,1,NA,0,NA,12.56637061,NA,2.531024247,0,0,NA,NA,NA,NA
2023,7,309,drought,NA,8,2,1,NA,0,NA,12.56637061,NA,2.531024247,NA,0,NA,NA,NA,NA,V
2017,3,31,control,NA,12,8,1,1,1,1,75.39822369,47.1238898,4.322783716,3.852780087,5,5,NA,NA,NA,F
2018,3,31,control,NA,10,6,1,1,1,0,47.1238898,123.7002107,3.852780087,4.817860983,5,0,NA,NA,NA,F
2019,3,31,control,NA,15,10.5,1,1,0,1,123.7002107,30.04147975,4.817860983,3.402579085,0,7,NA,NA,NA,V
2020,3,31,control,NA,8.5,4.5,1,1,1,1,30.04147975,32.98672286,3.402579085,3.496105143,7,2,NA,24,NA,F
2021,3,31,control,1,10.5,4,1,1,1,0,32.98672286,106.8141502,3.496105143,4.67109041,2,0,24,NA,12,F
2022,3,31,control,NA,17,8,1,1,0,1,106.8141502,141.3716694,4.67109041,4.951392376,0,4,NA,42,NA,V
2023,3,31,control,NA,18,10,1,NA,1,NA,141.3716694,NA,4.951392376,NA,4,NA,42,NA,10,F
2017,7,313,drought,NA,8,6,1,1,0,0,37.69911184,84.82300165,3.629636536,4.440566752,0,0,NA,NA,NA,V
2018,7,313,drought,NA,12,9,1,1,0,1,84.82300165,43.98229715,4.440566752,3.783787215,0,0,NA,NA,NA,V
2019,7,313,drought,NA,8,7,1,1,1,0,43.98229715,21.59844949,3.783787215,3.072621529,0,0,NA,NA,NA,F
2020,7,313,drought,NA,5,5.5,1,1,0,0,21.59844949,NA,3.072621529,NA,0,0,NA,NA,NA,V
2021,7,313,drought,NA,NA,NA,1,1,0,0,NA,25.91813939,NA,3.254943086,0,0,NA,NA,NA,dormant
2022,7,313,drought,NA,5.5,6,1,1,0,0,25.91813939,183.7831702,3.254943086,5.21375664,0,0,NA,NA,NA,V
2023,7,313,drought,NA,18,13,1,NA,0,NA,183.7831702,NA,5.21375664,NA,0,NA,NA,NA,NA,V
2017,1,314,irrigated,NA,9,2,1,0,0,0,14.13716694,NA,2.648807283,NA,0,0,NA,NA,NA,V
2018,1,314,irrigated,NA,NA,NA,0,0,0,0,NA,NA,NA,NA,0,0,NA,NA,NA,dead
2019,1,314,irrigated,NA,NA,NA,0,0,0,NA,NA,NA,NA,NA,0,0,NA,NA,NA,dead
2020,1,314,irrigated,NA,NA,NA,0,0,NA,0,NA,NA,NA,NA,0,0,NA,NA,NA,dead
2021,1,314,irrigated,NA,NA,NA,0,0,0,0,NA,NA,NA,NA,0,0,NA,NA,NA,dead
2022,1,314,irrigated,NA,NA,NA,0,NA,0,NA,NA,NA,NA,NA,0,NA,NA,NA,NA,dead
2017,2,319,control,NA,11,8,1,1,1,0,69.11503838,113.0973355,4.235772339,4.728248824,1,0,NA,NA,NA,F
2018,2,319,control,NA,12,12,1,1,0,1,113.0973355,58.90486225,4.728248824,4.075923638,0,2,NA,NA,NA,V
2019,2,319,control,NA,10,7.5,1,NA,1,NA,58.90486225,NA,4.075923638,NA,2,0,NA,NA,NA,F
2020,2,319,control,NA,NA,NA,NA,1,NA,0,NA,0.981747704,NA,-0.018420924,0,0,NA,NA,NA,NA
2021,2,319,control,NA,2.5,0.5,1,0,0,0,0.981747704,NA,-0.018420924,NA,0,0,NA,NA,NA,V
2022,2,319,control,NA,NA,NA,0,0,0,0,NA,NA,NA,NA,0,0,NA,NA,NA,dead
2023,2,319,control,NA,NA,NA,0,NA,0,NA,NA,NA,NA,NA,0,NA,NA,NA,NA,dead
2017,5,32,drought,NA,7.5,4,1,1,0,1,23.5619449,16.49336143,3.159632906,2.802957962,0,2,NA,NA,NA,V
2018,5,32,drought,NA,6,3.5,1,1,1,0,16.49336143,7.853981634,2.802957962,2.061020618,2,0,NA,NA,NA,F
2019,5,32,drought,NA,4,2.5,1,0,0,0,7.853981634,NA,2.061020618,NA,0,0,NA,NA,NA,V
2020,5,32,drought,NA,NA,NA,0,0,0,0,NA,NA,NA,NA,0,0,NA,NA,NA,dead
2021,5,32,drought,NA,NA,NA,0,0,0,0,NA,NA,NA,NA,0,0,NA,NA,NA,dead
2022,5,32,drought,NA,NA,NA,0,NA,0,NA,NA,NA,NA,NA,0,NA,NA,NA,NA,dead
2017,11,323,control,NA,13,5,1,1,0,0,51.05088062,21.99114858,3.932822795,3.090640035,0,0,NA,NA,NA,V
2018,11,323,control,NA,8,3.5,1,1,0,0,21.99114858,61.26105675,3.090640035,4.115144351,0,0,NA,NA,NA,V
2019,11,323,control,NA,12,6.5,1,1,0,0,61.26105675,21.99114858,4.115144351,3.090640035,0,0,NA,NA,NA,V
2020,11,323,control,NA,7,4,1,1,0,0,21.99114858,28.27433388,3.090640035,3.341954463,0,0,NA,NA,NA,V
2021,11,323,control,NA,9,4,1,1,0,0,28.27433388,12.56637061,3.341954463,2.531024247,0,0,NA,NA,NA,V
2022,11,323,control,NA,4,4,1,0,0,0,12.56637061,NA,2.531024247,NA,0,0,NA,NA,NA,V
2023,11,323,control,NA,NA,NA,0,NA,0,NA,NA,NA,NA,NA,0,NA,NA,NA,NA,U
2017,2,328,control,NA,10.5,4,1,1,0,0,32.98672286,33.57577149,3.496105143,3.51380472,0,0,NA,NA,NA,V
2018,2,328,control,NA,9.5,4.5,1,1,0,1,33.57577149,44.76769531,3.51380472,3.801486793,0,0,NA,NA,NA,V
2019,2,328,control,NA,9.5,6,1,NA,1,NA,44.76769531,NA,3.801486793,NA,0,0,NA,NA,NA,F
2020,2,328,control,NA,NA,NA,NA,0,NA,0,NA,NA,NA,NA,0,0,NA,NA,NA,NA
2021,2,328,control,NA,NA,NA,0,0,0,0,NA,NA,NA,NA,0,0,NA,NA,NA,dead
2022,2,328,control,NA,NA,NA,0,NA,0,NA,NA,NA,NA,NA,0,NA,NA,NA,NA,dead
2017,9,329,irrigated,NA,7.5,2.5,1,1,0,0,14.72621556,35.34291735,2.689629277,3.565098014,0,0,NA,NA,NA,V
2018,9,329,irrigated,NA,9,5,1,1,0,0,35.34291735,31.80862562,3.565098014,3.459737499,0,0,NA,NA,NA,V
2019,9,329,irrigated,NA,9,4.5,1,1,0,0,31.80862562,20.02765317,3.459737499,2.997113977,0,0,NA,NA,NA,V
2020,9,329,irrigated,NA,8.5,3,1,NA,0,NA,20.02765317,NA,2.997113977,NA,0,0,NA,NA,NA,V
2021,9,329,irrigated,NA,NA,NA,NA,1,NA,0,NA,133.5176878,NA,4.894233962,0,0,NA,NA,NA,NA
2022,9,329,irrigated,NA,17,10,1,1,0,0,133.5176878,78.53981634,4.894233962,4.363605711,0,0,NA,NA,NA,V
2023,9,329,irrigated,NA,20,5,1,NA,0,NA,78.53981634,NA,4.363605711,NA,0,NA,NA,NA,NA,V
2017,2,33,control,NA,12.5,8,1,1,0,1,78.53981634,103.6725576,4.363605711,4.641237447,0,5,NA,NA,NA,V
2018,2,33,control,NA,12,11,1,1,1,1,103.6725576,94.24777961,4.641237447,4.545927268,5,2,NA,NA,NA,F
2019,2,33,control,NA,12,10,1,1,1,0,94.24777961,12.9590697,4.545927268,2.561795906,2,0,NA,NA,NA,F
2020,2,33,control,NA,5.5,3,1,NA,0,NA,12.9590697,NA,2.561795906,NA,0,0,NA,NA,NA,V
2021,2,33,control,NA,NA,NA,NA,0,NA,0,NA,NA,NA,NA,0,0,NA,NA,NA,NA
2022,2,33,control,NA,NA,NA,0,NA,0,NA,NA,NA,NA,NA,0,NA,NA,NA,NA,dead
2017,14,334,drought,NA,10,5,1,1,0,0,39.26990817,95.03317777,3.67045853,4.55422607,0,0,NA,NA,NA,V
2018,14,334,drought,NA,11,11,1,1,0,0,95.03317777,21.99114858,4.55422607,3.090640035,0,0,NA,NA,NA,V
2019,14,334,drought,NA,7,4,1,1,0,0,21.99114858,42.41150082,3.090640035,3.747419571,0,0,NA,NA,NA,V
2020,14,334,drought,NA,9,6,1,1,0,0,42.41150082,60.47565858,3.747419571,4.102240947,0,0,NA,NA,NA,V
2021,14,334,drought,NA,11,7,1,1,0,0,60.47565858,106.0287521,4.102240947,4.663710303,0,0,NA,NA,NA,V
2022,14,334,drought,NA,15,9,1,1,0,1,106.0287521,64.79534848,4.663710303,4.171233818,0,6,NA,0,NA,V
2023,14,334,drought,NA,16.5,5,1,NA,1,NA,64.79534848,NA,4.171233818,NA,6,NA,0,NA,0,F
2017,2,339,control,NA,8,4.5,1,1,0,0,28.27433388,12.37002107,3.341954463,2.51527589,0,0,NA,NA,NA,V
2018,2,339,control,NA,3.5,4.5,1,1,0,0,12.37002107,11.78097245,2.51527589,2.466485726,0,0,NA,NA,NA,V
2019,2,339,control,NA,5,3,1,0,0,0,11.78097245,NA,2.466485726,NA,0,0,NA,NA,NA,V
2020,2,339,control,NA,NA,NA,0,0,0,0,NA,NA,NA,NA,0,0,NA,NA,NA,dead
2021,2,339,control,NA,NA,NA,0,0,0,0,NA,NA,NA,NA,0,0,NA,NA,NA,dead
2022,2,339,control,NA,NA,NA,0,NA,0,NA,NA,NA,NA,NA,0,NA,NA,NA,NA,dead
2017,13,34,control,NA,4,3,1,1,0,0,9.424777961,3.926990817,2.243342175,1.367873437,0,0,NA,NA,NA,V
2018,13,34,control,NA,5,1,1,1,0,0,3.926990817,6.283185307,1.367873437,1.837877066,0,0,NA,NA,NA,V
2019,13,34,control,NA,4,2,1,NA,0,NA,6.283185307,NA,1.837877066,NA,0,0,NA,NA,NA,V
2020,13,34,control,NA,NA,NA,NA,1,NA,0,NA,7.853981634,NA,2.061020618,0,0,NA,NA,NA,NA
2021,13,34,control,NA,5,2,1,1,0,0,7.853981634,21.20575041,2.061020618,3.054272391,0,0,NA,NA,NA,V
2022,13,34,control,NA,9,3,1,1,0,0,21.20575041,29.45243113,3.054272391,3.382776458,0,0,NA,NA,NA,V
2023,13,34,control,NA,7.5,5,1,NA,0,NA,29.45243113,NA,3.382776458,NA,0,NA,NA,NA,NA,V
2021,8,346,control,1,12,8,1,0,1,NA,75.39822369,NA,4.322783716,NA,4,0,NA,NA,NA,F
2022,8,346,control,NA,NA,NA,0,0,NA,NA,NA,NA,NA,NA,0,0,NA,NA,NA,dead
2023,8,346,control,NA,NA,NA,0,NA,NA,NA,NA,NA,NA,NA,0,NA,NA,NA,NA,dead
2017,14,347,drought,NA,7,4.5,1,1,0,0,24.74004215,78.53981634,3.208423071,4.363605711,0,0,NA,NA,NA,V
2018,14,347,drought,NA,10,10,1,1,0,0,78.53981634,16.49336143,4.363605711,2.802957962,0,0,NA,NA,NA,V
2019,14,347,drought,NA,7,3,1,1,0,0,16.49336143,49.48008429,2.802957962,3.901570251,0,0,NA,NA,NA,V
2020,14,347,drought,NA,9,7,1,1,0,0,49.48008429,44.76769531,3.901570251,3.801486793,0,0,NA,NA,NA,V
2021,14,347,drought,NA,9.5,6,1,1,0,0,44.76769531,34.55751919,3.801486793,3.542625159,0,0,NA,NA,NA,V
2022,14,347,drought,NA,11,4,1,1,0,0,34.55751919,49.48008429,3.542625159,3.901570251,0,0,NA,NA,NA,V
2023,14,347,drought,NA,9,7,1,NA,0,NA,49.48008429,NA,3.901570251,NA,0,NA,NA,NA,NA,V
2017,11,348,control,NA,10,4,1,1,0,0,31.41592654,19.242255,3.447314979,2.957108642,0,0,NA,NA,NA,V
2018,11,348,control,NA,7,3.5,1,0,0,0,19.242255,NA,2.957108642,NA,0,0,NA,NA,NA,V
2019,11,348,control,NA,NA,NA,0,0,0,NA,NA,NA,NA,NA,0,0,NA,NA,NA,dead
2020,11,348,control,NA,NA,NA,0,0,NA,NA,NA,NA,NA,NA,0,0,NA,NA,NA,dead
2021,11,348,control,NA,NA,NA,0,0,NA,0,NA,NA,NA,NA,0,0,NA,NA,NA,dead
2022,11,348,control,NA,NA,NA,0,NA,0,NA,NA,NA,NA,NA,0,NA,NA,NA,NA,dead
2017,11,35,control,NA,8,4,1,1,0,0,25.13274123,28.27433388,3.224171428,3.341954463,0,0,NA,NA,NA,V
2018,11,35,control,NA,9,4,1,1,0,1,28.27433388,14.13716694,3.341954463,2.648807283,0,4,NA,NA,NA,V
2020,11,35,control,NA,6,3,1,1,1,0,14.13716694,27.48893572,2.648807283,3.313783586,4,0,NA,NA,NA,F
2021,11,35,control,B,7,5,1,1,0,1,27.48893572,56.54866776,3.313783586,4.035101644,0,3,NA,0,NA,V
2022,11,35,control,NA,9,8,1,1,1,1,56.54866776,60.47565858,4.035101644,4.102240947,3,2,0,15,0,F
2023,11,35,control,NA,11,7,1,NA,1,NA,60.47565858,NA,4.102240947,NA,2,NA,15,NA,7,F
2017,2,351,control,NA,9,3.3,1,1,1,0,23.32632545,4.71238898,3.149582571,1.550194994,3,0,NA,NA,NA,F
2018,2,351,control,NA,4,1.5,1,1,0,1,4.71238898,41.03705404,1.550194994,3.714475416,0,6,NA,NA,NA,V
2019,2,351,control,NA,9.5,5.5,1,NA,1,NA,41.03705404,NA,3.714475416,NA,6,0,NA,NA,NA,F
2020,2,351,control,NA,NA,NA,NA,NA,NA,NA,NA,NA,NA,NA,0,0,NA,NA,NA,NA
2021,2,351,control,NA,NA,NA,NA,NA,NA,NA,NA,NA,NA,NA,0,0,NA,NA,NA,NA
2022,2,351,control,NA,NA,NA,NA,1,NA,1,NA,46.73119072,NA,3.844411837,0,2,NA,0,NA,NA
2023,2,351,control,NA,8.5,7,1,NA,1,NA,46.73119072,NA,3.844411837,NA,2,NA,0,NA,0,F
2017,1,352,irrigated,NA,4,2,1,1,0,0,6.283185307,7.853981634,1.837877066,2.061020618,0,0,NA,NA,NA,V
2018,1,352,irrigated,NA,5,2,1,1,0,0,7.853981634,8.168140899,2.061020618,2.100241331,0,0,NA,NA,NA,V
2019,1,352,irrigated,NA,5.2,2,1,1,0,0,8.168140899,NA,2.100241331,NA,0,0,NA,NA,NA,V
2020,1,352,irrigated,NA,NA,NA,1,1,0,0,NA,21.20575041,NA,3.054272391,0,0,NA,NA,NA,dormant
2021,1,352,irrigated,NA,9,3,1,1,0,0,21.20575041,15.70796327,3.054272391,2.754167798,0,0,NA,NA,NA,V
2022,1,352,irrigated,NA,8,2.5,1,0,0,0,15.70796327,NA,2.754167798,NA,0,0,NA,NA,NA,V
2023,1,352,irrigated,NA,NA,NA,0,NA,0,NA,NA,NA,NA,NA,0,NA,NA,NA,NA,U
2017,8,355,control,NA,6,3,1,1,0,0,14.13716694,42.41150082,2.648807283,3.747419571,0,0,NA,NA,NA,V
2018,8,355,control,NA,9,6,1,1,0,0,42.41150082,25.13274123,3.747419571,3.224171428,0,0,NA,NA,NA,V
2019,8,355,control,NA,8,4,1,1,0,0,25.13274123,18.84955592,3.224171428,2.936489355,0,0,NA,NA,NA,V
2020,8,355,control,NA,8,3,1,1,0,1,18.84955592,25.13274123,2.936489355,3.224171428,0,1,NA,NA,NA,V
2021,8,355,control,NA,8,4,1,1,1,0,25.13274123,51.83627878,3.224171428,3.948090267,1,0,NA,NA,NA,F
2022,8,355,control,NA,11,6,1,1,0,0,51.83627878,61.26105675,3.948090267,4.115144351,0,0,NA,NA,NA,V
2023,8,355,control,NA,13,6,1,NA,0,NA,61.26105675,NA,4.115144351,NA,0,NA,NA,NA,NA,V
2017,11,358,control,NA,9,3.5,1,1,0,0,24.74004215,60.47565858,3.208423071,4.102240947,0,0,NA,NA,NA,V
2018,11,358,control,NA,7,11,1,1,0,1,60.47565858,60.47565858,4.102240947,4.102240947,0,4,NA,NA,NA,V
2019,11,358,control,NA,11,7,1,1,1,0,60.47565858,58.90486225,4.102240947,4.075923638,4,0,NA,NA,NA,F
2020,11,358,control,NA,10,7.5,1,1,0,1,58.90486225,86.39379797,4.075923638,4.458915891,0,4,NA,NA,NA,V
2021,11,358,control,1,11,10,1,1,1,0,86.39379797,15.31526419,4.458915891,2.72884999,4,0,NA,NA,NA,F
2022,11,358,control,NA,6.5,3,1,1,0,0,15.31526419,18.84955592,2.72884999,2.936489355,0,0,NA,NA,NA,V
2023,11,358,control,NA,8,3,1,NA,0,NA,18.84955592,NA,2.936489355,NA,0,NA,NA,NA,NA,V
2017,11,36,control,NA,10,6,1,1,0,0,47.1238898,21.59844949,3.852780087,3.072621529,0,0,NA,NA,NA,V
2018,11,36,control,NA,11,2.5,1,1,0,0,21.59844949,39.26990817,3.072621529,3.67045853,0,0,NA,NA,NA,V
2019,11,36,control,NA,10,5,1,NA,0,NA,39.26990817,NA,3.67045853,NA,0,0,NA,NA,NA,V
2020,11,36,control,NA,NA,NA,NA,1,NA,0,NA,14.13716694,NA,2.648807283,0,0,NA,NA,NA,NA
2021,11,36,control,NA,6,3,1,1,0,0,14.13716694,54.97787144,2.648807283,4.006930767,0,0,NA,NA,NA,V
2022,11,36,control,NA,10,7,1,1,0,0,54.97787144,62.83185307,4.006930767,4.140462159,0,0,NA,NA,NA,V
2023,11,36,control,NA,10,8,1,NA,0,NA,62.83185307,NA,4.140462159,NA,0,NA,NA,NA,NA,V
2017,13,361,control,NA,10.5,7,1,1,1,0,57.72676501,77.75441818,4.055720931,4.353555375,2,0,NA,NA,NA,F
2018,13,361,control,NA,11,9,1,1,0,0,77.75441818,82.07410808,4.353555375,4.407622596,0,0,NA,NA,NA,V
2019,13,361,control,NA,11,9.5,1,1,0,0,82.07410808,25.13274123,4.407622596,3.224171428,0,0,NA,NA,NA,V
2020,13,361,control,NA,8,4,1,1,0,0,25.13274123,30.23782929,3.224171428,3.409093766,0,0,NA,NA,NA,V
2021,13,361,control,NA,7,5.5,1,1,0,0,30.23782929,25.13274123,3.409093766,3.224171428,0,0,NA,NA,NA,V
2022,13,361,control,NA,8,4,1,1,0,0,25.13274123,94.83682823,3.224171428,4.552157817,0,0,NA,NA,NA,V
2023,13,361,control,NA,11.5,10.5,1,NA,0,NA,94.83682823,NA,4.552157817,NA,0,NA,NA,NA,NA,V
2017,2,362,control,NA,12,3.5,1,1,0,1,32.98672286,43.19689899,3.496105143,3.76576871,0,4,NA,NA,NA,V
2018,2,362,control,NA,5,11,1,1,1,1,43.19689899,35.34291735,3.76576871,3.565098014,4,0,NA,NA,NA,F
2019,2,362,control,NA,7.5,6,1,1,1,1,35.34291735,49.48008429,3.565098014,3.901570251,0,0,NA,NA,NA,F
2020,2,362,control,NA,9,7,1,1,1,0,49.48008429,91.10618695,3.901570251,4.512025716,0,0,NA,NA,NA,F
2021,2,362,control,NA,14.5,8,1,1,0,1,91.10618695,109.9557429,4.512025716,4.700077947,0,6,NA,73,NA,V
2022,2,362,control,NA,14,10,1,1,1,0,109.9557429,71.47123287,4.700077947,4.269295031,6,0,73,NA,12,F
2023,2,362,control,NA,13,7,1,NA,0,NA,71.47123287,NA,4.269295031,NA,0,NA,NA,NA,NA,V
2018,1,365,irrigated,NA,8,4,1,1,0,0,25.13274123,24.74004215,3.224171428,3.208423071,0,0,NA,NA,NA,V
2019,1,365,irrigated,NA,7,4.5,1,1,0,0,24.74004215,7.068583471,3.208423071,1.955660102,0,0,NA,NA,NA,V
2020,1,365,irrigated,NA,3,3,1,1,0,0,7.068583471,18.84955592,1.955660102,2.936489355,0,0,NA,NA,NA,V
2021,1,365,irrigated,NA,8,3,1,1,0,0,18.84955592,43.98229715,2.936489355,3.783787215,0,0,NA,NA,NA,V
2022,1,365,irrigated,NA,7,8,1,1,0,0,43.98229715,69.11503838,3.783787215,4.235772339,0,0,NA,NA,NA,V
2023,1,365,irrigated,NA,11,8,1,NA,0,NA,69.11503838,NA,4.235772339,NA,0,NA,NA,NA,NA,V
2017,1,37,irrigated,NA,10,5.5,1,1,0,0,43.19689899,41.23340358,3.76576871,3.719248694,0,0,NA,NA,NA,V
2018,1,37,irrigated,NA,10.5,5,1,1,0,1,41.23340358,52.22897787,3.719248694,3.955637472,0,3,NA,NA,NA,V
2019,1,37,irrigated,NA,9.5,7,1,1,1,1,52.22897787,35.34291735,3.955637472,3.565098014,3,0,NA,NA,NA,F
2020,1,37,irrigated,NA,9,5,1,1,1,0,35.34291735,69.11503838,3.565098014,4.235772339,0,0,NA,NA,NA,F
2021,1,37,irrigated,NA,11,8,1,1,0,1,69.11503838,71.47123287,4.235772339,4.269295031,0,3,NA,58,NA,V
2022,1,37,irrigated,NA,13,7,1,1,1,0,71.47123287,87.9645943,4.269295031,4.476934396,3,0,58,NA,19,F
2023,1,37,irrigated,NA,14,8,1,NA,0,NA,87.9645943,NA,4.476934396,NA,0,NA,NA,NA,NA,V
2017,3,371,control,NA,5,5,1,1,0,1,19.63495408,71.47123287,2.97731135,4.269295031,0,4,NA,NA,NA,V
2018,3,371,control,NA,13,7,1,1,1,0,71.47123287,32.98672286,4.269295031,3.496105143,4,0,NA,NA,NA,F
2019,3,371,control,NA,7,6,1,1,0,0,32.98672286,31.41592654,3.496105143,3.447314979,0,0,NA,NA,NA,V
2020,3,371,control,NA,10,4,1,1,0,0,31.41592654,28.27433388,3.447314979,3.341954463,0,0,NA,NA,NA,V
2021,3,371,control,NA,6,6,1,1,0,0,28.27433388,76.96902001,3.341954463,4.343403003,0,0,NA,NA,NA,V
2022,3,371,control,NA,14,7,1,1,0,1,76.96902001,76.96902001,4.343403003,4.343403003,0,7,NA,83,NA,V
2023,3,371,control,NA,14,7,1,NA,1,NA,76.96902001,NA,4.343403003,NA,7,NA,83,NA,11,F
2016,6,372,irrigated,NA,NA,NA,1,0,1,0,NA,NA,NA,NA,3,0,NA,NA,NA,F
2017,6,372,irrigated,NA,NA,NA,0,1,0,1,NA,35.34291735,NA,3.565098014,0,3,NA,NA,NA,U
2018,6,372,irrigated,NA,9,5,1,1,1,0,35.34291735,69.11503838,3.565098014,4.235772339,3,0,NA,NA,NA,F
2019,6,372,irrigated,NA,11,8,1,NA,0,NA,69.11503838,NA,4.235772339,NA,0,0,NA,NA,NA,V
2020,6,372,irrigated,NA,NA,NA,NA,1,NA,0,NA,16.49336143,NA,2.802957962,0,0,NA,NA,NA,NA
2021,6,372,irrigated,NA,7,3,1,1,0,0,16.49336143,70.68583471,2.802957962,4.258245195,0,0,NA,NA,NA,V
2022,6,372,irrigated,NA,9,10,1,1,0,0,70.68583471,65.97344573,4.258245195,4.189252324,0,0,NA,NA,NA,V
2023,6,372,irrigated,NA,12,7,1,NA,0,NA,65.97344573,NA,4.189252324,NA,0,NA,NA,NA,NA,V
2017,11,379,control,NA,15,11,1,1,1,1,129.590697,175.9291886,4.864380999,5.170081577,4,4,NA,NA,NA,F
2018,11,379,control,NA,14,16,1,1,1,1,175.9291886,127.8235511,5.170081577,4.850650806,4,0,NA,NA,NA,F
2019,11,379,control,NA,15.5,10.5,1,1,1,0,127.8235511,78.53981634,4.850650806,4.363605711,0,0,NA,NA,NA,F
2020,11,379,control,NA,10,10,1,1,0,1,78.53981634,113.0973355,4.363605711,4.728248824,0,3,NA,NA,NA,V
2021,11,379,control,1,12,12,1,1,1,1,113.0973355,156.6869336,4.728248824,5.054249761,3,3,NA,38,NA,F
2022,11,379,control,NA,21,9.5,1,1,1,1,156.6869336,138.2300768,5.054249761,4.92891952,3,3,38,NA,12,F
2023,11,379,control,NA,16,11,1,NA,1,NA,138.2300768,NA,4.92891952,NA,3,NA,NA,NA,NA,F
2018,6,38,irrigated,NA,10,10,1,1,1,0,78.53981634,47.1238898,4.363605711,3.852780087,4,0,NA,NA,NA,F
2019,6,38,irrigated,NA,10,6,1,1,0,1,47.1238898,39.26990817,3.852780087,3.67045853,0,7,NA,NA,NA,V
2020,6,38,irrigated,NA,10,5,1,1,1,0,39.26990817,43.19689899,3.67045853,3.76576871,7,0,NA,NA,NA,F
2021,6,38,irrigated,NA,11,5,1,1,0,1,43.19689899,63.42090169,3.76576871,4.149793487,0,4,NA,120,NA,V
2022,6,38,irrigated,NA,9.5,8.5,1,1,1,1,63.42090169,91.89158512,4.149793487,4.52060946,4,4,120,67,30,F
2023,6,38,irrigated,NA,13,9,1,NA,1,NA,91.89158512,NA,4.52060946,NA,4,NA,67,NA,16,F
2017,1,380,irrigated,NA,12,4,1,1,0,0,37.69911184,99.35286767,3.629636536,4.598677833,0,0,NA,NA,NA,V
2018,1,380,irrigated,NA,11.5,11,1,1,0,0,99.35286767,71.47123287,4.598677833,4.269295031,0,0,NA,NA,NA,V
2019,1,380,irrigated,NA,13,7,1,NA,0,NA,71.47123287,NA,4.269295031,NA,0,0,NA,NA,NA,V
2020,1,380,irrigated,NA,NA,NA,NA,0,NA,0,NA,NA,NA,NA,0,0,NA,NA,NA,NA
2021,1,380,irrigated,NA,NA,NA,0,0,0,NA,NA,NA,NA,NA,0,0,NA,NA,NA,dead
2022,1,380,irrigated,NA,NA,NA,0,0,NA,0,NA,NA,NA,NA,0,0,NA,NA,NA,dead
2023,1,380,irrigated,NA,NA,NA,0,NA,0,NA,NA,NA,NA,NA,0,NA,NA,NA,NA,dead
2017,2,381,control,NA,11,9.5,1,1,1,1,82.07410808,51.05088062,4.407622596,3.932822795,4,3,NA,NA,NA,F
2018,2,381,control,NA,10,6.5,1,1,1,1,51.05088062,52.22897787,3.932822795,3.955637472,3,0,NA,NA,NA,F
2019,2,381,control,NA,9.5,7,1,NA,1,NA,52.22897787,NA,3.955637472,NA,0,0,NA,NA,NA,F
2020,2,381,control,NA,NA,NA,NA,0,NA,0,NA,NA,NA,NA,0,0,NA,NA,NA,NA
2021,2,381,control,NA,NA,NA,0,0,0,0,NA,NA,NA,NA,0,0,NA,NA,NA,dead
2022,2,381,control,NA,NA,NA,0,NA,0,NA,NA,NA,NA,NA,0,NA,NA,NA,NA,dead
2017,9,382,irrigated,NA,3.5,2,1,1,0,0,5.497787144,16.49336143,1.704345674,2.802957962,0,0,NA,NA,NA,V
2018,9,382,irrigated,NA,7,3,1,1,0,0,16.49336143,NA,2.802957962,NA,0,0,NA,NA,NA,V
2019,9,382,irrigated,NA,NA,NA,1,NA,0,NA,NA,NA,NA,NA,0,0,NA,NA,NA,dormant
2020,9,382,irrigated,NA,NA,NA,NA,NA,NA,NA,NA,NA,NA,NA,0,0,NA,NA,NA,NA
2021,9,382,irrigated,NA,NA,NA,NA,1,NA,0,NA,11.78097245,NA,2.466485726,0,0,NA,NA,NA,NA
2022,9,382,irrigated,NA,6,2.5,1,1,0,0,11.78097245,11.78097245,2.466485726,2.466485726,0,0,NA,NA,NA,V
2023,9,382,irrigated,NA,6,2.5,1,NA,0,NA,11.78097245,NA,2.466485726,NA,0,NA,NA,NA,NA,V
2016,7,384,drought,NA,NA,NA,1,1,1,0,NA,29.45243113,NA,3.382776458,5,0,NA,NA,NA,F
2017,7,384,drought,NA,7.5,5,1,0,0,0,29.45243113,NA,3.382776458,NA,0,0,NA,NA,NA,V
2018,7,384,drought,NA,NA,NA,0,0,0,NA,NA,NA,NA,NA,0,0,NA,NA,NA,dead
2019,7,384,drought,NA,NA,NA,0,0,NA,NA,NA,NA,NA,NA,0,0,NA,NA,NA,dead
2020,7,384,drought,NA,NA,NA,0,0,NA,NA,NA,NA,NA,NA,0,0,NA,NA,NA,dead
2021,7,384,drought,NA,NA,NA,0,0,NA,NA,NA,NA,NA,NA,0,0,NA,NA,NA,dead
2022,7,384,drought,NA,NA,NA,0,0,NA,NA,NA,NA,NA,NA,0,0,NA,NA,NA,dead
2023,7,384,drought,NA,NA,NA,0,NA,NA,NA,NA,NA,NA,NA,0,NA,NA,NA,NA,dead
2017,1,389,irrigated,NA,12,7,1,1,0,1,65.97344573,28.07798434,4.189252324,3.334985794,0,3,NA,NA,NA,V
2018,1,389,irrigated,NA,5.5,6.5,1,1,1,0,28.07798434,16.49336143,3.334985794,2.802957962,3,0,NA,NA,NA,F
2019,1,389,irrigated,NA,6,3.5,1,1,0,0,16.49336143,56.54866776,2.802957962,4.035101644,0,0,NA,NA,NA,V
2020,1,389,irrigated,NA,12,6,1,1,0,1,56.54866776,43.19689899,4.035101644,3.76576871,0,4,NA,NA,NA,V
2021,1,389,irrigated,1,11,5,1,1,1,0,43.19689899,77.75441818,3.76576871,4.353555375,4,0,NA,NA,NA,F
2022,1,389,irrigated,NA,11,9,1,1,0,1,77.75441818,51.83627878,4.353555375,3.948090267,0,5,NA,95,NA,V
2023,1,389,irrigated,NA,11,6,1,NA,1,NA,51.83627878,NA,3.948090267,NA,5,NA,95,NA,19,F
2018,3,396,control,NA,16,17.5,1,1,1,0,219.9114858,74.22012644,5.393225128,4.307035359,5,0,NA,NA,NA,F
2019,3,396,control,NA,10.5,9,1,1,0,1,74.22012644,25.52544031,4.307035359,3.239675614,0,0,NA,NA,NA,V
2020,3,396,control,NA,6.5,5,1,1,1,0,25.52544031,94.24777961,3.239675614,4.545927268,0,0,NA,NA,NA,F
2021,3,396,control,NA,15,8,1,1,0,1,94.24777961,159.4358272,4.545927268,5.071641504,0,0,NA,0,NA,V
2022,3,396,control,NA,14.5,14,1,1,1,1,159.4358272,113.0973355,5.071641504,4.728248824,0,4,0,27,NA,F
2023,3,396,control,NA,16,9,1,NA,1,NA,113.0973355,NA,4.728248824,NA,4,NA,27,NA,6,F
2017,1,398,irrigated,NA,11,10,1,1,1,1,86.39379797,57.72676501,4.458915891,4.055720931,5,5,NA,NA,NA,F
2018,1,398,irrigated,NA,10.5,7,1,1,1,1,57.72676501,84.82300165,4.055720931,4.440566752,5,4,NA,NA,NA,F
2019,1,398,irrigated,NA,12,9,1,1,1,0,84.82300165,21.99114858,4.440566752,3.090640035,4,0,NA,NA,NA,F
2020,1,398,irrigated,NA,7,4,1,1,0,0,21.99114858,43.19689899,3.090640035,3.76576871,0,0,NA,NA,NA,V
2021,1,398,irrigated,NA,11,5,1,0,0,0,43.19689899,54.97787144,3.76576871,4.006930767,0,0,NA,NA,NA,V
2022,1,398,irrigated,NA,10,7,0,0,0,1,54.97787144,115.45353,4.006930767,4.748868112,0,4,NA,NA,NA,dead
2023,1,398,irrigated,NA,14,10.5,0,NA,1,NA,115.45353,NA,4.748868112,NA,4,NA,NA,NA,NA,dead
2017,2,399,control,NA,11,9.5,1,1,1,0,82.07410808,64.79534848,4.407622596,4.171233818,6,0,NA,NA,NA,F
2018,2,399,control,NA,11,7.5,1,1,0,1,64.79534848,59.69026042,4.171233818,4.089168865,0,5,NA,NA,NA,V
2019,2,399,control,NA,9.5,8,1,NA,1,NA,59.69026042,NA,4.089168865,NA,5,0,NA,NA,NA,F
2020,2,399,control,NA,NA,NA,NA,1,NA,0,NA,40.05530633,NA,3.690261157,0,0,NA,NA,NA,NA
2021,2,399,control,NA,8.5,6,1,1,0,0,40.05530633,30.23782929,3.690261157,3.409093766,0,0,NA,NA,NA,V
2022,2,399,control,NA,7,5.5,1,1,0,0,30.23782929,14.13716694,3.409093766,2.648807283,0,0,NA,NA,NA,V
2023,2,399,control,NA,6,3,1,NA,0,NA,14.13716694,NA,2.648807283,NA,0,NA,NA,NA,NA,V
2018,5,40,drought,NA,5.5,5,1,1,0,0,21.59844949,31.41592654,3.072621529,3.447314979,0,0,NA,NA,NA,V
2019,5,40,drought,NA,8,5,1,NA,0,NA,31.41592654,NA,3.447314979,NA,0,0,NA,NA,NA,V
2020,5,40,drought,NA,NA,NA,NA,0,NA,0,NA,NA,NA,NA,0,0,NA,NA,NA,NA
2021,5,40,drought,NA,NA,NA,0,0,0,0,NA,NA,NA,NA,0,0,NA,NA,NA,dead
2022,5,40,drought,NA,NA,NA,0,NA,0,NA,NA,NA,NA,NA,0,NA,NA,NA,NA,dead
2018,3,401,control,NA,14,9,1,1,1,1,98.96016859,51.05088062,4.594717432,3.932822795,5,0,NA,NA,NA,F
2019,3,401,control,NA,13,5,1,1,1,0,51.05088062,24.74004215,3.932822795,3.208423071,0,0,NA,NA,NA,F
2020,3,401,control,NA,9,3.5,1,1,0,1,24.74004215,32.98672286,3.208423071,3.496105143,0,7,NA,NA,NA,V
2021,3,401,control,NA,10.5,4,1,1,1,0,32.98672286,60.47565858,3.496105143,4.102240947,7,0,NA,NA,NA,F
2022,3,401,control,NA,11,7,1,1,0,0,60.47565858,109.9557429,4.102240947,4.700077947,0,0,NA,NA,NA,V
2023,3,401,control,NA,14,10,1,NA,0,NA,109.9557429,NA,4.700077947,NA,0,NA,NA,NA,NA,V
2017,7,403,drought,NA,10,3.5,1,1,0,0,27.48893572,28.27433388,3.313783586,3.341954463,0,0,NA,NA,NA,V
2018,7,403,drought,NA,9,4,1,1,0,0,28.27433388,49.48008429,3.341954463,3.901570251,0,0,NA,NA,NA,V
2019,7,403,drought,NA,9,7,1,1,0,0,49.48008429,21.99114858,3.901570251,3.090640035,0,0,NA,NA,NA,V
2020,7,403,drought,NA,7,4,1,1,0,0,21.99114858,15.70796327,3.090640035,2.754167798,0,0,NA,NA,NA,V
2021,7,403,drought,NA,8,2.5,1,1,0,0,15.70796327,98.96016859,2.754167798,4.594717432,0,0,NA,NA,NA,V
2022,7,403,drought,NA,14,9,1,1,0,0,98.96016859,84.82300165,4.594717432,4.440566752,0,0,NA,NA,NA,V
2023,7,403,drought,NA,12,9,1,NA,0,NA,84.82300165,NA,4.440566752,NA,0,NA,NA,NA,NA,V
2018,2,406,control,NA,14,13,1,1,0,1,142.9424657,51.05088062,4.962442212,3.932822795,0,0,NA,NA,NA,V
2019,2,406,control,NA,13,5,1,0,1,0,51.05088062,NA,3.932822795,NA,0,0,NA,NA,NA,F
2020,2,406,control,NA,NA,NA,0,0,0,0,NA,NA,NA,NA,0,0,NA,NA,NA,dead
2021,2,406,control,NA,NA,NA,0,0,0,0,NA,NA,NA,NA,0,0,NA,NA,NA,dead
2022,2,406,control,NA,NA,NA,0,NA,0,NA,NA,NA,NA,NA,0,NA,NA,NA,NA,dead
2017,13,407,control,NA,5.5,4.5,1,1,0,0,19.43860454,17.67145868,2.967261014,2.871950834,0,0,NA,NA,NA,V
2018,13,407,control,NA,5,4.5,1,1,0,0,17.67145868,17.27875959,2.871950834,2.849477978,0,0,NA,NA,NA,V
2019,13,407,control,NA,5.5,4,1,1,0,0,17.27875959,5.890486225,2.849477978,1.773338545,0,0,NA,NA,NA,V
2020,13,407,control,NA,3,2.5,1,1,0,0,5.890486225,7.853981634,1.773338545,2.061020618,0,0,NA,NA,NA,V
2021,13,407,control,NA,4,2.5,1,1,0,0,7.853981634,12.76272016,2.061020618,2.546528434,0,0,NA,NA,NA,V
2022,13,407,control,NA,6.5,2.5,1,1,0,0,12.76272016,11.78097245,2.546528434,2.466485726,0,0,NA,NA,NA,V
2023,13,407,control,NA,5,3,1,NA,0,NA,11.78097245,NA,2.466485726,NA,0,NA,NA,NA,NA,V
2017,2,41,control,NA,12,9,1,1,1,0,84.82300165,153.1526419,4.440566752,5.031435083,5,0,NA,NA,NA,F
2018,2,41,control,NA,15,13,1,1,0,1,153.1526419,78.53981634,5.031435083,4.363605711,0,3,NA,NA,NA,V
2019,2,41,control,NA,10,10,1,NA,1,NA,78.53981634,NA,4.363605711,NA,3,0,NA,NA,NA,F
2020,2,41,control,NA,NA,NA,NA,0,NA,0,NA,NA,NA,NA,0,0,NA,NA,NA,NA
2021,2,41,control,NA,NA,NA,0,0,0,0,NA,NA,NA,NA,0,0,NA,NA,NA,dead
2022,2,41,control,NA,NA,NA,0,NA,0,NA,NA,NA,NA,NA,0,NA,NA,NA,NA,dead
2016,6,43,irrigated,NA,NA,NA,1,1,1,1,NA,125.6637061,NA,4.83360934,4,2,NA,NA,NA,F
2017,6,43,irrigated,NA,16,10,1,1,1,0,125.6637061,NA,4.83360934,NA,2,0,NA,NA,NA,F
2018,6,43,irrigated,NA,NA,NA,1,1,0,0,NA,194.3860454,NA,5.269846107,0,0,NA,NA,NA,dormant
2019,6,43,irrigated,NA,16.5,15,1,NA,0,NA,194.3860454,NA,5.269846107,NA,0,0,NA,NA,NA,V
2020,6,43,irrigated,NA,NA,NA,NA,1,NA,0,NA,24.74004215,NA,3.208423071,0,0,NA,NA,NA,NA
2021,6,43,irrigated,NA,9,3.5,1,1,0,0,24.74004215,43.98229715,3.208423071,3.783787215,0,0,NA,NA,NA,V
2022,6,43,irrigated,NA,8,7,1,1,0,0,43.98229715,70.68583471,3.783787215,4.258245195,0,0,NA,NA,NA,V
2023,6,43,irrigated,NA,10,9,1,NA,0,NA,70.68583471,NA,4.258245195,NA,0,NA,NA,NA,NA,V
2017,5,44,drought,NA,10.5,4,1,1,1,1,32.98672286,53.40707511,3.496105143,3.97794323,3,5,NA,NA,NA,F
2018,5,44,drought,NA,8,8.5,1,0,1,0,53.40707511,NA,3.97794323,NA,5,0,NA,NA,NA,F
2019,5,44,drought,NA,NA,NA,0,0,0,NA,NA,NA,NA,NA,0,0,NA,NA,NA,dead
2020,5,44,drought,NA,NA,NA,0,0,NA,NA,NA,NA,NA,NA,0,0,NA,NA,NA,dead
2021,5,44,drought,NA,NA,NA,0,0,NA,0,NA,NA,NA,NA,0,0,NA,NA,NA,dead
2022,5,44,drought,NA,NA,NA,0,NA,0,NA,NA,NA,NA,NA,0,NA,NA,NA,NA,dead
2018,6,45,irrigated,NA,8,9,1,1,1,0,56.54866776,16.49336143,4.035101644,2.802957962,4,0,NA,NA,NA,F
2019,6,45,irrigated,NA,7,3,1,NA,0,NA,16.49336143,NA,2.802957962,NA,0,0,NA,NA,NA,V
2020,6,45,irrigated,NA,NA,NA,NA,1,NA,0,NA,42.41150082,NA,3.747419571,0,0,NA,NA,NA,NA
2021,6,45,irrigated,NA,12,4.5,1,NA,0,NA,42.41150082,NA,3.747419571,NA,0,0,NA,NA,NA,V
2022,6,45,irrigated,NA,NA,NA,NA,1,NA,1,NA,69.11503838,NA,4.235772339,0,2,NA,0,NA,NA
2023,6,45,irrigated,NA,11,8,1,NA,1,NA,69.11503838,NA,4.235772339,NA,2,NA,0,NA,0,F
2017,1,46,irrigated,NA,11,3,1,1,0,0,25.91813939,50.06913292,3.254943086,3.913404709,0,0,NA,NA,NA,V
2018,1,46,irrigated,NA,8.5,7.5,1,1,0,1,50.06913292,37.69911184,3.913404709,3.629636536,0,5,NA,NA,NA,V
2019,1,46,irrigated,NA,8,6,1,1,1,0,37.69911184,11.78097245,3.629636536,2.466485726,5,0,NA,NA,NA,F
2020,1,46,irrigated,NA,5,3,1,0,0,0,11.78097245,NA,2.466485726,NA,0,0,NA,NA,NA,V
2021,1,46,irrigated,NA,NA,NA,0,0,0,0,NA,NA,NA,NA,0,0,NA,NA,NA,dead
2022,1,46,irrigated,NA,NA,NA,0,NA,0,NA,NA,NA,NA,NA,0,NA,NA,NA,NA,dead
2018,14,465,drought,NA,4,3,1,1,0,0,9.424777961,13.74446786,2.243342175,2.620636406,0,0,NA,NA,NA,V
2019,14,465,drought,NA,7,2.5,1,0,0,NA,13.74446786,NA,2.620636406,NA,0,0,NA,NA,NA,V
2020,14,465,drought,NA,NA,NA,0,0,NA,NA,NA,NA,NA,NA,0,0,NA,NA,NA,dead
2021,14,465,drought,NA,NA,NA,0,0,NA,NA,NA,NA,NA,NA,0,0,NA,NA,NA,dead
2022,14,465,drought,NA,NA,NA,0,0,NA,NA,NA,NA,NA,NA,0,0,NA,NA,NA,dead
2023,14,465,drought,NA,NA,NA,0,NA,NA,NA,NA,NA,NA,NA,0,NA,NA,NA,NA,dead
2023,3,47,control,NA,8,6,1,NA,0,NA,37.69911184,NA,3.629636536,NA,0,NA,NA,NA,NA,V
2018,2,476,control,NA,9.5,6,1,1,0,1,44.76769531,50.26548246,3.801486793,3.917318608,0,2,NA,NA,NA,V
2019,2,476,control,NA,8,8,1,0,1,0,50.26548246,NA,3.917318608,NA,2,0,NA,NA,NA,F
2020,2,476,control,NA,NA,NA,0,0,0,0,NA,NA,NA,NA,0,0,NA,NA,NA,dead
2021,2,476,control,NA,NA,NA,0,0,0,NA,NA,NA,NA,NA,0,0,NA,NA,NA,dead
2022,2,476,control,NA,NA,NA,0,0,NA,0,NA,NA,NA,NA,0,0,NA,NA,NA,dead
2023,2,476,control,NA,NA,NA,0,NA,0,NA,NA,NA,NA,NA,0,NA,NA,NA,NA,dead
2018,2,477,control,NA,6,7,1,1,0,0,32.98672286,17.86780822,3.496105143,2.88300067,0,0,NA,NA,NA,V
2019,2,477,control,NA,6.5,3.5,1,1,0,0,17.86780822,12.9590697,2.88300067,2.561795906,0,0,NA,NA,NA,V
2020,2,477,control,NA,5.5,3,1,1,0,0,12.9590697,12.37002107,2.561795906,2.51527589,0,0,NA,NA,NA,V
2021,2,477,control,NA,4.5,3.5,1,1,0,0,12.37002107,28.27433388,2.51527589,3.341954463,0,0,NA,NA,NA,V
2022,2,477,control,NA,12,3,1,1,0,0,28.27433388,71.47123287,3.341954463,4.269295031,0,0,NA,NA,NA,V
2023,2,477,control,NA,13,7,1,NA,0,NA,71.47123287,NA,4.269295031,NA,0,NA,NA,NA,NA,V
2018,2,478,control,NA,10,5,1,1,0,0,39.26990817,17.27875959,3.67045853,2.849477978,0,0,NA,NA,NA,V
2019,2,478,control,NA,5.5,4,1,NA,0,NA,17.27875959,NA,2.849477978,NA,0,0,NA,NA,NA,V
2020,2,478,control,NA,NA,NA,NA,0,NA,0,NA,NA,NA,NA,0,0,NA,NA,NA,NA
2021,2,478,control,NA,NA,NA,0,0,0,0,NA,NA,NA,NA,0,0,NA,NA,NA,dead
2022,2,478,control,NA,NA,NA,0,NA,0,NA,NA,NA,NA,NA,0,NA,NA,NA,NA,dead
2018,2,479,control,NA,8,8,1,1,0,1,50.26548246,41.03705404,3.917318608,3.714475416,0,2,NA,NA,NA,V
2019,2,479,control,NA,9.5,5.5,1,1,1,0,41.03705404,29.45243113,3.714475416,3.382776458,2,0,NA,NA,NA,F
2020,2,479,control,NA,7.5,5,1,1,0,1,29.45243113,15.70796327,3.382776458,2.754167798,0,5,NA,NA,NA,V
2021,2,479,control,1,5,4,1,0,1,0,15.70796327,NA,2.754167798,NA,5,0,NA,NA,NA,F
2022,2,479,control,NA,NA,NA,0,0,0,0,NA,NA,NA,NA,0,0,NA,NA,NA,dead
2023,2,479,control,NA,NA,NA,0,NA,0,NA,NA,NA,NA,NA,0,NA,NA,NA,NA,dead
2017,1,48,irrigated,NA,6,4.5,1,1,0,0,21.20575041,7.068583471,3.054272391,1.955660102,0,0,NA,NA,NA,V
2018,1,48,irrigated,NA,4.5,2,1,1,0,0,7.068583471,NA,1.955660102,NA,0,0,NA,NA,NA,V
2019,1,48,irrigated,NA,NA,NA,1,NA,0,NA,NA,NA,NA,NA,0,0,NA,NA,NA,dormant
2020,1,48,irrigated,NA,NA,NA,NA,NA,NA,NA,NA,NA,NA,NA,0,0,NA,NA,NA,NA
2021,1,48,irrigated,NA,NA,NA,NA,1,NA,0,NA,NA,NA,NA,0,0,NA,NA,NA,NA
2022,1,48,irrigated,NA,0,NA,1,NA,0,NA,NA,NA,NA,NA,0,0,NA,NA,NA,V
2023,1,48,irrigated,NA,NA,NA,NA,NA,NA,NA,NA,NA,NA,NA,0,NA,NA,NA,NA,NA
2018,2,480,control,NA,5.5,4,1,1,0,0,17.27875959,17.67145868,2.849477978,2.871950834,0,0,NA,NA,NA,V
2019,2,480,control,NA,5,4.5,1,1,0,0,17.67145868,12.9590697,2.871950834,2.561795906,0,0,NA,NA,NA,V
2020,2,480,control,NA,5.5,3,1,1,0,0,12.9590697,37.69911184,2.561795906,3.629636536,0,0,NA,NA,NA,V
2021,2,480,control,NA,8,6,1,1,0,0,37.69911184,87.9645943,3.629636536,4.476934396,0,0,NA,NA,NA,V
2022,2,480,control,NA,16,7,1,1,0,1,87.9645943,86.78649706,4.476934396,4.463451046,0,5,NA,26,NA,V
2023,2,480,control,NA,13,8.5,1,NA,1,NA,86.78649706,NA,4.463451046,NA,5,NA,26,NA,5,F
2018,2,481,control,NA,7,4.5,1,1,1,1,24.74004215,34.55751919,3.208423071,3.542625159,2,3,NA,NA,NA,F
2019,2,481,control,NA,11,4,1,1,1,1,34.55751919,34.55751919,3.542625159,3.542625159,3,4,NA,NA,NA,F
2020,2,481,control,NA,8,5.5,1,1,1,0,34.55751919,74.61282552,3.542625159,4.312312416,4,0,NA,NA,NA,F
2021,2,481,control,NA,10,9.5,1,1,0,1,74.61282552,45.94579256,4.312312416,3.827462279,0,0,NA,NA,NA,V
2022,2,481,control,NA,13,4.5,1,1,1,1,45.94579256,33.1830724,3.827462279,3.502039879,0,5,NA,13,NA,F
2023,2,481,control,NA,6.5,6.5,1,NA,1,NA,33.1830724,NA,3.502039879,NA,5,NA,13,NA,2,F
2018,2,482,control,NA,8,7,1,1,1,0,43.98229715,14.13716694,3.783787215,2.648807283,3,0,NA,NA,NA,F
2019,2,482,control,NA,4.5,4,1,0,0,NA,14.13716694,NA,2.648807283,NA,0,0,NA,NA,NA,V
2020,2,482,control,NA,NA,NA,0,0,NA,0,NA,NA,NA,NA,0,0,NA,NA,NA,dead
2021,2,482,control,NA,NA,NA,0,0,0,0,NA,NA,NA,NA,0,0,NA,NA,NA,dead
2022,2,482,control,NA,NA,NA,0,NA,0,NA,NA,NA,NA,NA,0,NA,NA,NA,NA,dead
2018,2,483,control,NA,11.5,8,1,1,1,0,72.25663103,23.5619449,4.280224102,3.159632906,4,0,NA,NA,NA,F
2019,2,483,control,NA,6,5,1,1,0,0,23.5619449,14.13716694,3.159632906,2.648807283,0,0,NA,NA,NA,V
2020,2,483,control,NA,6,3,1,1,0,0,14.13716694,41.03705404,2.648807283,3.714475416,0,0,NA,NA,NA,V
2021,2,483,control,NA,9.5,5.5,1,1,0,0,41.03705404,102.1017612,3.714475416,4.625969975,0,0,NA,NA,NA,V
2022,2,483,control,NA,13,10,1,1,0,0,102.1017612,6.479534848,4.625969975,1.868648725,0,0,NA,NA,NA,V
2023,2,483,control,NA,5.5,1.5,1,NA,0,NA,6.479534848,NA,1.868648725,NA,0,NA,NA,NA,NA,V
2018,2,484,control,NA,7.5,3,1,1,0,0,17.67145868,27.48893572,2.871950834,3.313783586,0,0,NA,NA,NA,V
2019,2,484,control,NA,7,5,1,0,0,NA,27.48893572,NA,3.313783586,NA,0,0,NA,NA,NA,V
2020,2,484,control,NA,NA,NA,0,0,NA,NA,NA,NA,NA,NA,0,0,NA,NA,NA,dead
2021,2,484,control,NA,NA,NA,0,0,NA,0,NA,NA,NA,NA,0,0,NA,NA,NA,dead
2022,2,484,control,NA,NA,NA,0,NA,0,NA,NA,NA,NA,NA,0,NA,NA,NA,NA,dead
2018,3,485,control,NA,3,3,1,0,0,0,7.068583471,NA,1.955660102,NA,0,0,NA,NA,NA,V
2019,3,485,control,NA,NA,NA,0,0,0,NA,NA,NA,NA,NA,0,0,NA,NA,NA,dead
2020,3,485,control,NA,NA,NA,0,0,NA,NA,NA,NA,NA,NA,0,0,NA,NA,NA,dead
2021,3,485,control,NA,NA,NA,0,0,NA,0,NA,NA,NA,NA,0,0,NA,NA,NA,dead
2022,3,485,control,NA,NA,NA,0,NA,0,NA,NA,NA,NA,NA,0,NA,NA,NA,NA,dead
2018,2,486,control,NA,6.5,6.5,1,1,0,0,33.1830724,21.99114858,3.502039879,3.090640035,0,0,NA,NA,NA,V
2019,2,486,control,NA,7,4,1,1,0,0,21.99114858,NA,3.090640035,NA,0,0,NA,NA,NA,V
2020,2,486,control,NA,NA,NA,1,1,0,0,NA,11.78097245,NA,2.466485726,0,0,NA,NA,NA,dormant
2021,2,486,control,NA,5,3,1,1,0,0,11.78097245,34.55751919,2.466485726,3.542625159,0,0,NA,NA,NA,V
2022,2,486,control,NA,11,4,1,1,0,0,34.55751919,31.41592654,3.542625159,3.447314979,0,0,NA,NA,NA,V
2023,2,486,control,NA,10,4,1,NA,0,NA,31.41592654,NA,3.447314979,NA,0,NA,NA,NA,NA,V
2018,2,487,control,NA,9,4.5,1,1,0,0,31.80862562,67.15154297,3.459737499,4.206951901,0,0,NA,NA,NA,V
2019,2,487,control,NA,9.5,9,1,1,0,1,67.15154297,21.59844949,4.206951901,3.072621529,0,0,NA,NA,NA,V
2020,2,487,control,NA,5.5,5,1,1,1,0,21.59844949,31.41592654,3.072621529,3.447314979,0,0,NA,NA,NA,F
2021,2,487,control,NA,8,5,1,1,0,0,31.41592654,121.9330649,3.447314979,4.803472246,0,0,NA,NA,NA,V
2022,2,487,control,NA,13.5,11.5,1,1,0,1,121.9330649,63.22455215,4.803472246,4.146692709,0,4,NA,27,NA,V
2023,2,487,control,NA,11.5,7,1,NA,1,NA,63.22455215,NA,4.146692709,NA,4,NA,27,NA,6,F
2018,2,488,control,NA,7.5,8,1,0,0,0,47.1238898,NA,3.852780087,NA,0,0,NA,NA,NA,V
2019,2,488,control,NA,NA,NA,0,0,0,NA,NA,NA,NA,NA,0,0,NA,NA,NA,dead
2020,2,488,control,NA,NA,NA,0,0,NA,0,NA,NA,NA,NA,0,0,NA,NA,NA,dead
2021,2,488,control,NA,NA,NA,0,0,0,0,NA,NA,NA,NA,0,0,NA,NA,NA,dead
2022,2,488,control,NA,NA,NA,0,NA,0,NA,NA,NA,NA,NA,0,NA,NA,NA,NA,dead
2018,2,489,control,NA,7,4.5,1,1,0,0,24.74004215,37.69911184,3.208423071,3.629636536,0,0,NA,NA,NA,V
2019,2,489,control,NA,8,6,1,1,0,0,37.69911184,32.98672286,3.629636536,3.496105143,0,0,NA,NA,NA,V
2020,2,489,control,NA,7,6,1,1,0,1,32.98672286,27.48893572,3.496105143,3.313783586,0,2,NA,NA,NA,V
2021,2,489,control,1,7,5,1,0,1,0,27.48893572,NA,3.313783586,NA,2,0,NA,NA,NA,F
2022,2,489,control,NA,NA,NA,0,0,0,0,NA,NA,NA,NA,0,0,NA,NA,NA,dead
2023,2,489,control,NA,NA,NA,0,NA,0,NA,NA,NA,NA,NA,0,NA,NA,NA,NA,dead
2017,9,49,irrigated,NA,9,6.5,1,0,0,0,45.94579256,NA,3.827462279,NA,0,0,NA,NA,NA,V
2018,9,49,irrigated,NA,NA,NA,0,0,0,0,NA,NA,NA,NA,0,0,NA,NA,NA,dead
2019,9,49,irrigated,NA,NA,NA,0,0,0,0,NA,NA,NA,NA,0,0,NA,NA,NA,dead
2020,9,49,irrigated,NA,NA,NA,0,0,0,NA,NA,NA,NA,NA,0,0,NA,NA,NA,dead
2021,9,49,irrigated,NA,NA,NA,0,0,NA,0,NA,NA,NA,NA,0,0,NA,NA,NA,dead
2022,9,49,irrigated,NA,NA,NA,0,NA,0,NA,NA,NA,NA,NA,0,NA,NA,NA,NA,dead
2018,2,490,control,NA,8.5,6,1,1,0,1,40.05530633,90.71348787,3.690261157,4.507706055,0,2,NA,NA,NA,V
2019,2,490,control,NA,11,10.5,1,1,1,0,90.71348787,27.48893572,4.507706055,3.313783586,2,0,NA,NA,NA,F
2020,2,490,control,NA,7,5,1,1,0,0,27.48893572,50.26548246,3.313783586,3.917318608,0,0,NA,NA,NA,V
2021,2,490,control,NA,8,8,1,1,0,0,50.26548246,61.26105675,3.917318608,4.115144351,0,0,NA,NA,NA,V
2022,2,490,control,NA,13,6,1,1,0,0,61.26105675,98.17477042,4.115144351,4.586749262,0,0,NA,NA,NA,V
2023,2,490,control,NA,12.5,10,1,NA,0,NA,98.17477042,NA,4.586749262,NA,0,NA,NA,NA,NA,V
2018,2,491,control,NA,6,8,1,1,0,0,37.69911184,21.59844949,3.629636536,3.072621529,0,0,NA,NA,NA,V
2019,2,491,control,NA,5.5,5,1,1,0,1,21.59844949,30.63052837,3.072621529,3.421997171,0,4,NA,NA,NA,V
2020,2,491,control,NA,6.5,6,1,1,1,1,30.63052837,45.1603944,3.421997171,3.810220473,4,3,NA,9,NA,F
2021,2,491,control,1,11.5,5,1,1,1,0,45.1603944,76.57632093,3.810220473,4.338287903,3,0,9,NA,3,F
2022,2,491,control,NA,13,7.5,1,1,0,1,76.57632093,117.8097245,4.338287903,4.769070819,0,5,NA,43,NA,V
2023,2,491,control,NA,12.5,12,1,NA,1,NA,117.8097245,NA,4.769070819,NA,5,NA,43,NA,8,F
2018,2,492,control,NA,6,5,1,1,0,0,23.5619449,4.71238898,3.159632906,1.550194994,0,0,NA,NA,NA,V
2019,2,492,control,NA,3,2,1,1,0,0,4.71238898,1.570796327,1.550194994,0.451582705,0,0,NA,NA,NA,V
2020,2,492,control,NA,2,1,1,1,0,0,1.570796327,9.424777961,0.451582705,2.243342175,0,0,NA,NA,NA,V
2021,2,492,control,NA,4,3,1,1,0,0,9.424777961,21.99114858,2.243342175,3.090640035,0,0,NA,NA,NA,V
2022,2,492,control,NA,8,3.5,1,1,0,0,21.99114858,49.48008429,3.090640035,3.901570251,0,0,NA,NA,NA,V
2023,2,492,control,NA,9,7,1,NA,0,NA,49.48008429,NA,3.901570251,NA,0,NA,NA,NA,NA,V
2018,2,493,control,NA,11,6.5,1,1,0,0,56.15596868,20.02765317,4.028132974,2.997113977,0,0,NA,NA,NA,V
2019,2,493,control,NA,8.5,3,1,1,0,0,20.02765317,9.424777961,2.997113977,2.243342175,0,0,NA,NA,NA,V
2020,2,493,control,NA,4,3,1,1,0,0,9.424777961,17.67145868,2.243342175,2.871950834,0,0,NA,NA,NA,V
2021,2,493,control,NA,9,2.5,1,0,0,0,17.67145868,NA,2.871950834,NA,0,0,NA,NA,NA,V
2022,2,493,control,NA,NA,NA,0,0,0,0,NA,NA,NA,NA,0,0,NA,NA,NA,dead
2023,2,493,control,NA,NA,NA,0,NA,0,NA,NA,NA,NA,NA,0,NA,NA,NA,NA,dead
2018,2,494,control,NA,14,10.5,1,1,1,0,115.45353,NA,4.748868112,NA,6,0,NA,NA,NA,F
2019,2,494,control,NA,NA,NA,1,NA,0,NA,NA,NA,NA,NA,0,0,NA,NA,NA,dormant
2020,2,494,control,NA,NA,NA,NA,1,NA,1,NA,43.98229715,NA,3.783787215,0,5,NA,98,NA,NA
2021,2,494,control,NA,8,7,1,1,1,1,43.98229715,138.2300768,3.783787215,4.92891952,5,4,98,21,19,F
2022,2,494,control,NA,16,11,1,1,1,1,138.2300768,60.47565858,4.92891952,4.102240947,4,5,21,67,5,F
2023,2,494,control,NA,11,7,1,NA,1,NA,60.47565858,NA,4.102240947,NA,5,NA,67,NA,13,F
2018,2,495,control,NA,10,7.5,1,1,1,0,58.90486225,47.1238898,4.075923638,3.852780087,6,0,NA,NA,NA,F
2019,2,495,control,NA,8,7.5,1,NA,0,NA,47.1238898,NA,3.852780087,NA,0,0,NA,NA,NA,V
2020,2,495,control,NA,NA,NA,NA,1,NA,0,NA,4.71238898,NA,1.550194994,0,0,NA,NA,NA,NA
2021,2,495,control,NA,4,1.5,1,1,0,0,4.71238898,NA,1.550194994,NA,0,0,NA,NA,NA,V
2022,2,495,control,NA,NA,NA,1,1,0,0,NA,75.39822369,NA,4.322783716,0,0,NA,NA,NA,dormant
2023,2,495,control,NA,12,8,1,NA,0,NA,75.39822369,NA,4.322783716,NA,0,NA,NA,NA,NA,V
2018,2,496,control,NA,11,7,1,1,0,1,60.47565858,54.97787144,4.102240947,4.006930767,0,6,NA,NA,NA,V
2019,2,496,control,NA,10,7,1,1,1,1,54.97787144,15.90431281,4.006930767,2.766590318,6,0,NA,NA,NA,F
2020,2,496,control,NA,4.5,4.5,1,1,1,0,15.90431281,47.1238898,2.766590318,3.852780087,0,0,NA,NA,NA,F
2021,2,496,control,NA,10,6,1,1,0,1,47.1238898,23.5619449,3.852780087,3.159632906,0,3,NA,49,NA,V
2022,2,496,control,NA,6,5,1,1,1,0,23.5619449,28.27433388,3.159632906,3.341954463,3,0,49,NA,16,F
2023,2,496,control,NA,9,4,1,NA,0,NA,28.27433388,NA,3.341954463,NA,0,NA,NA,NA,NA,V
2018,2,497,control,NA,13,9.5,1,1,1,0,96.99667318,23.5619449,4.574676681,3.159632906,5,0,NA,NA,NA,F
2019,2,497,control,NA,6,5,1,NA,0,NA,23.5619449,NA,3.159632906,NA,0,0,NA,NA,NA,V
2020,2,497,control,NA,NA,NA,NA,1,NA,0,NA,5.890486225,NA,1.773338545,0,0,NA,NA,NA,NA
2021,2,497,control,NA,5,1.5,1,0,0,0,5.890486225,NA,1.773338545,NA,0,0,NA,NA,NA,V
2022,2,497,control,NA,NA,NA,0,0,0,NA,NA,NA,NA,NA,0,0,NA,NA,NA,dead
2023,2,497,control,NA,NA,NA,0,NA,NA,NA,NA,NA,NA,NA,0,NA,NA,NA,NA,dead
2018,6,498,irrigated,NA,11,4,1,1,1,0,34.55751919,21.20575041,3.542625159,3.054272391,3,0,NA,NA,NA,F
2019,6,498,irrigated,NA,9,3,1,NA,0,NA,21.20575041,NA,3.054272391,NA,0,0,NA,NA,NA,V
2020,6,498,irrigated,NA,NA,NA,NA,1,NA,0,NA,77.75441818,NA,4.353555375,0,0,NA,NA,NA,NA
2021,6,498,irrigated,NA,11,9,1,1,0,0,77.75441818,179.0707813,4.353555375,5.187781154,0,0,NA,NA,NA,V
2022,6,498,irrigated,NA,19,12,1,1,0,1,179.0707813,197.9203372,5.187781154,5.287864612,0,6,NA,33,NA,V
2023,6,498,irrigated,NA,21,12,1,NA,1,NA,197.9203372,NA,5.287864612,NA,6,NA,33,NA,5,F
2018,2,499,control,NA,11,7,1,1,0,0,60.47565858,12.37002107,4.102240947,2.51527589,0,0,NA,NA,NA,V
2019,2,499,control,NA,4.5,3.5,1,1,0,0,12.37002107,NA,2.51527589,NA,0,0,NA,NA,NA,V
2020,2,499,control,NA,NA,NA,1,1,0,0,NA,8.639379797,NA,2.156330798,0,0,NA,NA,NA,dormant
2021,2,499,control,NA,5.5,2,1,1,0,0,8.639379797,21.99114858,2.156330798,3.090640035,0,0,NA,NA,NA,V
2022,2,499,control,NA,7,4,1,1,0,0,21.99114858,17.86780822,3.090640035,2.88300067,0,0,NA,NA,NA,V
2023,2,499,control,NA,6.5,3.5,1,NA,0,NA,17.86780822,NA,2.88300067,NA,0,NA,NA,NA,NA,V
2018,2,5,control,NA,7.5,9,1,1,1,0,53.01437603,32.98672286,3.970563123,3.496105143,5,0,NA,NA,NA,F
2019,2,5,control,NA,7,6,1,1,0,0,32.98672286,10.99557429,3.496105143,2.397492854,0,0,NA,NA,NA,V
2020,2,5,control,NA,4,3.5,1,1,0,0,10.99557429,7.853981634,2.397492854,2.061020618,0,0,NA,NA,NA,V
2021,2,5,control,NA,5,2,1,1,0,0,7.853981634,18.84955592,2.061020618,2.936489355,0,0,NA,NA,NA,V
2022,2,5,control,NA,8,3,1,1,0,0,18.84955592,12.76272016,2.936489355,2.546528434,0,0,NA,NA,NA,V
2023,2,5,control,NA,6.5,2.5,1,NA,0,NA,12.76272016,NA,2.546528434,NA,0,NA,NA,NA,NA,V
2017,8,50,control,NA,12.5,7.5,1,1,0,1,73.63107782,122.5221135,4.29906719,4.808291532,0,6,NA,NA,NA,V
2018,8,50,control,NA,13,12,1,1,1,1,122.5221135,31.80862562,4.808291532,3.459737499,6,4,NA,NA,NA,F
2019,8,50,control,NA,9,4.5,1,1,1,0,31.80862562,30.63052837,3.459737499,3.421997171,4,0,NA,NA,NA,F
2020,8,50,control,NA,6.5,6,1,1,0,1,30.63052837,35.34291735,3.421997171,3.565098014,0,4,NA,NA,NA,V
2021,8,50,control,1,9,5,1,1,1,1,35.34291735,120.165919,3.565098014,4.788873446,4,4,NA,93,NA,F
2022,8,50,control,NA,17,9,1,1,1,0,120.165919,117.8097245,4.788873446,4.769070819,4,0,93,NA,23,F
2023,8,50,control,NA,15,10,1,NA,0,NA,117.8097245,NA,4.769070819,NA,0,NA,NA,NA,NA,V
2018,2,500,control,NA,4,7,1,1,0,0,21.99114858,20.42035225,3.090640035,3.016532063,0,0,NA,NA,NA,V
2019,2,500,control,NA,6.5,4,1,1,0,1,20.42035225,8.835729338,3.016532063,2.178803653,0,4,NA,NA,NA,V
2020,2,500,control,NA,4.5,2.5,1,0,1,0,8.835729338,NA,2.178803653,NA,4,0,NA,NA,NA,F
2021,2,500,control,NA,NA,NA,0,0,0,0,NA,NA,NA,NA,0,0,NA,NA,NA,dead
2022,2,500,control,NA,NA,NA,0,NA,0,NA,NA,NA,NA,NA,0,NA,NA,NA,NA,dead
2022,3,5001,control,NA,6,5,1,1,0,0,23.5619449,7.853981634,3.159632906,2.061020618,0,0,NA,NA,NA,V
2023,3,5001,control,NA,5,2,1,NA,0,NA,7.853981634,NA,2.061020618,NA,0,NA,NA,NA,NA,V
2022,1,5002,irrigated,NA,5,12,1,1,1,1,47.1238898,78.53981634,3.852780087,4.363605711,3,3,38,53,12,F
2023,1,5002,irrigated,NA,10,10,1,NA,1,NA,78.53981634,NA,4.363605711,NA,3,NA,53,NA,17,F
2022,1,5003,irrigated,NA,3.5,2,1,1,0,0,5.497787144,6.283185307,1.704345674,1.837877066,0,0,NA,NA,NA,V
2023,1,5003,irrigated,NA,4,2,1,NA,0,NA,6.283185307,NA,1.837877066,NA,0,NA,NA,NA,NA,V
2022,2,5004,control,NA,7,2.5,1,1,0,0,13.74446786,28.27433388,2.620636406,3.341954463,0,0,NA,NA,NA,V
2023,2,5004,control,NA,9,4,1,NA,0,NA,28.27433388,NA,3.341954463,NA,0,NA,NA,NA,NA,V
2022,2,5005,control,NA,8,3,1,1,0,0,18.84955592,57.72676501,2.936489355,4.055720931,0,0,NA,NA,NA,V
2023,2,5005,control,NA,10.5,7,1,NA,0,NA,57.72676501,NA,4.055720931,NA,0,NA,NA,NA,NA,V
2022,1,5006,irrigated,NA,8,7,1,1,1,1,43.98229715,65.97344573,3.783787215,4.189252324,2,4,0,35,0,F
2023,1,5006,irrigated,NA,10.5,8,1,NA,1,NA,65.97344573,NA,4.189252324,NA,4,NA,35,NA,8,F
2022,1,5007,irrigated,NA,12,5,1,NA,1,NA,47.1238898,NA,3.852780087,NA,6,0,126,NA,21,F
2023,1,5007,irrigated,NA,NA,NA,NA,NA,NA,NA,NA,NA,NA,NA,0,NA,NA,NA,NA,NA
2022,1,5008,irrigated,NA,4,2,1,1,0,0,6.283185307,17.67145868,1.837877066,2.871950834,0,0,NA,NA,NA,V
2023,1,5008,irrigated,NA,5,4.5,1,NA,0,NA,17.67145868,NA,2.871950834,NA,0,NA,NA,NA,NA,V
2022,1,5009,irrigated,NA,5,3,1,1,0,0,11.78097245,18.84955592,2.466485726,2.936489355,0,0,NA,NA,NA,V
2023,1,5009,irrigated,NA,6,4,1,NA,0,NA,18.84955592,NA,2.936489355,NA,0,NA,NA,NA,NA,V
2022,1,5010,irrigated,NA,8,8,1,1,0,0,50.26548246,44.17864669,3.917318608,3.788241566,0,0,NA,NA,NA,V
2023,1,5010,irrigated,NA,12.5,4.5,1,NA,0,NA,44.17864669,NA,3.788241566,NA,0,NA,NA,NA,NA,V
2022,2,5012,control,NA,12,8,1,1,1,1,75.39822369,98.96016859,4.322783716,4.594717432,3,4,42,13,14,F
2023,2,5012,control,NA,14,9,1,NA,1,NA,98.96016859,NA,4.594717432,NA,4,NA,13,NA,3,F
2022,2,5013,control,NA,8,4,1,1,0,0,25.13274123,21.99114858,3.224171428,3.090640035,0,0,NA,NA,NA,V
2023,2,5013,control,NA,7,4,1,NA,0,NA,21.99114858,NA,3.090640035,NA,0,NA,NA,NA,NA,V
2022,2,5014,control,NA,9.5,8,1,1,0,1,59.69026042,107.2068493,4.089168865,4.674760139,0,3,NA,44,NA,V
2023,2,5014,control,NA,13,10.5,1,NA,1,NA,107.2068493,NA,4.674760139,NA,3,NA,44,NA,14,F
2022,2,5015,control,NA,11,6,1,1,1,0,51.83627878,63.22455215,3.948090267,4.146692709,3,0,46,NA,15,F
2023,2,5015,control,NA,11.5,7,1,NA,0,NA,63.22455215,NA,4.146692709,NA,0,NA,NA,NA,NA,V
2022,2,5016,control,NA,10,9,1,1,1,1,70.68583471,49.48008429,4.258245195,3.901570251,4,4,0,0,0,F
2023,2,5016,control,NA,9,7,1,NA,1,NA,49.48008429,NA,3.901570251,NA,4,NA,0,NA,0,F
2022,2,5018,control,NA,6.5,2.5,1,1,0,0,12.76272016,25.13274123,2.546528434,3.224171428,0,0,NA,NA,NA,V
2023,2,5018,control,NA,8,4,1,NA,0,NA,25.13274123,NA,3.224171428,NA,0,NA,NA,NA,NA,V
2022,2,5019,control,NA,4,3,1,1,0,0,9.424777961,19.242255,2.243342175,2.957108642,0,0,NA,NA,NA,V
2023,2,5019,control,NA,7,3.5,1,NA,0,NA,19.242255,NA,2.957108642,NA,0,NA,NA,NA,NA,V
2016,1,502,irrigated,NA,NA,NA,1,1,1,0,NA,44.76769531,NA,3.801486793,5,0,NA,NA,NA,F
2017,1,502,irrigated,NA,9.5,6,1,1,0,0,44.76769531,51.83627878,3.801486793,3.948090267,0,0,NA,NA,NA,V
2018,1,502,irrigated,NA,11,6,1,1,0,0,51.83627878,53.40707511,3.948090267,3.97794323,0,0,NA,NA,NA,V
2019,1,502,irrigated,NA,8.5,8,1,1,0,0,53.40707511,31.41592654,3.97794323,3.447314979,0,0,NA,NA,NA,V
2020,1,502,irrigated,NA,8,5,1,1,0,0,31.41592654,35.34291735,3.447314979,3.565098014,0,0,NA,NA,NA,V
2021,1,502,irrigated,NA,9,5,1,1,0,0,35.34291735,1.570796327,3.565098014,0.451582705,0,0,NA,NA,NA,V
2022,1,502,irrigated,NA,2,1,1,0,0,0,1.570796327,NA,0.451582705,NA,0,0,NA,NA,NA,V
2023,1,502,irrigated,NA,NA,NA,0,NA,0,NA,NA,NA,NA,NA,0,NA,NA,NA,NA,U
2022,3,5024,control,NA,8,3,1,1,0,0,18.84955592,30.23782929,2.936489355,3.409093766,0,0,NA,NA,NA,V
2023,3,5024,control,NA,11,3.5,1,NA,0,NA,30.23782929,NA,3.409093766,NA,0,NA,NA,NA,NA,V
2022,3,5025,control,NA,2,1,1,1,0,0,1.570796327,11.78097245,0.451582705,2.466485726,0,0,NA,NA,NA,V
2023,3,5025,control,NA,5,3,1,NA,0,NA,11.78097245,NA,2.466485726,NA,0,NA,NA,NA,NA,V
2022,1,5028,irrigated,NA,11,4,1,1,1,0,34.55751919,62.83185307,3.542625159,4.140462159,4,0,32,NA,8,F
2023,1,5028,irrigated,NA,10,8,1,NA,0,NA,62.83185307,NA,4.140462159,NA,0,NA,NA,NA,NA,V
2022,1,5030,irrigated,NA,9,3,1,1,1,0,21.20575041,50.26548246,3.054272391,3.917318608,3,0,16,NA,5,F
2023,1,5030,irrigated,NA,8,8,1,NA,0,NA,50.26548246,NA,3.917318608,NA,0,NA,NA,NA,NA,V
2022,1,5031,irrigated,NA,15,5,1,1,1,1,58.90486225,41.03705404,4.075923638,3.714475416,3,3,35,0,11,F
2023,1,5031,irrigated,NA,9.5,5.5,1,NA,1,NA,41.03705404,NA,3.714475416,NA,3,NA,0,NA,0,F
2022,3,5039,control,NA,6,5,1,1,0,0,23.5619449,49.48008429,3.159632906,3.901570251,0,0,NA,NA,NA,V
2023,3,5039,control,NA,9,7,1,NA,0,NA,49.48008429,NA,3.901570251,NA,0,NA,NA,NA,NA,V
2022,2,5046,control,NA,4,1.5,1,0,0,0,4.71238898,NA,1.550194994,NA,0,0,NA,NA,NA,V
2023,2,5046,control,NA,NA,NA,0,NA,0,NA,NA,NA,NA,NA,0,NA,NA,NA,NA,U
2016,6,505,irrigated,NA,NA,NA,1,1,1,1,NA,137.8373777,NA,4.926074568,3,2,NA,NA,NA,F
2017,6,505,irrigated,NA,19.5,9,1,1,1,0,137.8373777,94.24777961,4.926074568,4.545927268,2,0,NA,NA,NA,F
2018,6,505,irrigated,NA,12,10,1,1,0,0,94.24777961,68.7223393,4.545927268,4.230074318,0,0,NA,NA,NA,V
2019,6,505,irrigated,NA,12.5,7,1,NA,0,NA,68.7223393,NA,4.230074318,NA,0,0,NA,NA,NA,V
2020,6,505,irrigated,NA,NA,NA,NA,1,NA,0,NA,11.78097245,NA,2.466485726,0,0,NA,NA,NA,NA
2021,6,505,irrigated,NA,7.5,2,1,NA,0,NA,11.78097245,NA,2.466485726,NA,0,0,NA,NA,NA,V
2022,6,505,irrigated,NA,NA,NA,NA,0,NA,0,NA,NA,NA,NA,0,0,NA,NA,NA,NA
2023,6,505,irrigated,NA,NA,NA,0,NA,0,NA,NA,NA,NA,NA,0,NA,NA,NA,NA,U
2017,11,506,control,NA,5,3.5,1,1,0,0,13.74446786,81.28870991,2.620636406,4.398007137,0,0,NA,NA,NA,V
2018,11,506,control,NA,11.5,9,1,1,0,0,81.28870991,94.24777961,4.398007137,4.545927268,0,0,NA,NA,NA,V
2019,11,506,control,NA,15,8,1,NA,0,NA,94.24777961,NA,4.545927268,NA,0,0,NA,NA,NA,V
2020,11,506,control,NA,NA,NA,NA,1,NA,0,NA,91.89158512,NA,4.52060946,0,0,NA,NA,NA,NA
2021,11,506,control,NA,13,9,1,1,0,0,91.89158512,120.9513172,4.52060946,4.795388127,0,0,NA,NA,NA,V
2022,11,506,control,NA,14,11,1,1,0,0,120.9513172,153.1526419,4.795388127,5.031435083,0,0,NA,NA,NA,V
2023,11,506,control,NA,15,13,1,NA,0,NA,153.1526419,NA,5.031435083,NA,0,NA,NA,NA,NA,V
2017,9,510,irrigated,NA,9,3.5,1,1,0,0,24.74004215,94.24777961,3.208423071,4.545927268,0,0,NA,NA,NA,V
2018,9,510,irrigated,NA,15,8,1,0,0,0,94.24777961,NA,4.545927268,NA,0,0,NA,NA,NA,V
2019,9,510,irrigated,NA,NA,NA,0,0,0,NA,NA,NA,NA,NA,0,0,NA,NA,NA,dead
2020,9,510,irrigated,NA,NA,NA,0,0,NA,NA,NA,NA,NA,NA,0,0,NA,NA,NA,dead
2021,9,510,irrigated,NA,NA,NA,0,0,NA,NA,NA,NA,NA,NA,0,0,NA,NA,NA,dead
2022,9,510,irrigated,NA,NA,NA,0,0,NA,NA,NA,NA,NA,NA,0,0,NA,NA,NA,dead
2023,9,510,irrigated,NA,NA,NA,0,NA,NA,NA,NA,NA,NA,NA,0,NA,NA,NA,NA,dead
2016,1,512,irrigated,NA,NA,NA,1,1,1,0,NA,213.6283004,NA,5.364237591,5,0,NA,NA,NA,F
2017,1,512,irrigated,NA,17,16,1,1,0,1,213.6283004,137.4446786,5.364237591,4.923221499,0,6,NA,NA,NA,V
2018,1,512,irrigated,NA,17.5,10,1,1,1,1,137.4446786,62.83185307,4.923221499,4.140462159,6,4,NA,NA,NA,F
2019,1,512,irrigated,NA,10,8,1,1,1,0,62.83185307,NA,4.140462159,NA,4,0,NA,NA,NA,F
2020,1,512,irrigated,NA,NA,NA,1,1,0,0,NA,18.84955592,NA,2.936489355,0,0,NA,NA,NA,dormant
2021,1,512,irrigated,NA,8,3,1,1,0,0,18.84955592,16.49336143,2.936489355,2.802957962,0,0,NA,NA,NA,V
2022,1,512,irrigated,NA,6,3.5,1,1,0,0,16.49336143,42.41150082,2.802957962,3.747419571,0,0,NA,NA,NA,V
2023,1,512,irrigated,NA,9,6,1,NA,0,NA,42.41150082,NA,3.747419571,NA,0,NA,NA,NA,NA,V
2016,3,514,control,NA,NA,NA,1,1,1,1,NA,78.3434668,NA,4.36110258,3,5,NA,NA,NA,F
2017,3,514,control,NA,10.5,9.5,1,1,1,1,78.3434668,87.9645943,4.36110258,4.476934396,5,5,NA,NA,NA,F
2018,3,514,control,NA,14,8,1,1,1,1,87.9645943,61.26105675,4.476934396,4.115144351,5,0,NA,NA,NA,F
2019,3,514,control,NA,13,6,1,1,1,1,61.26105675,31.41592654,4.115144351,3.447314979,0,0,NA,NA,NA,F
2020,3,514,control,NA,8,5,1,1,1,1,31.41592654,109.9557429,3.447314979,4.700077947,0,4,NA,NA,NA,F
2021,3,514,control,1,14,10,1,1,1,1,109.9557429,133.5176878,4.700077947,4.894233962,4,0,NA,0,NA,F
2022,3,514,control,NA,17,10,1,1,1,1,133.5176878,186.9247629,4.894233962,5.230706198,0,6,0,0,NA,F
2023,3,514,control,NA,17,14,1,NA,1,NA,186.9247629,NA,5.230706198,NA,6,NA,0,NA,0,F
2017,8,52,control,NA,6,3.5,1,1,0,0,16.49336143,28.27433388,2.802957962,3.341954463,0,0,NA,NA,NA,V
2018,8,52,control,NA,9,4,1,1,0,0,28.27433388,47.51658889,3.341954463,3.86107889,0,0,NA,NA,NA,V
2019,8,52,control,NA,11,5.5,1,1,0,0,47.51658889,31.41592654,3.86107889,3.447314979,0,0,NA,NA,NA,V
2020,8,52,control,NA,10,4,1,1,0,0,31.41592654,25.13274123,3.447314979,3.224171428,0,0,NA,NA,NA,V
2021,8,52,control,NA,8,4,1,1,0,0,25.13274123,153.1526419,3.224171428,5.031435083,0,0,NA,NA,NA,V
2022,8,52,control,NA,15,13,1,1,0,1,153.1526419,106.8141502,5.031435083,4.67109041,0,5,NA,67,NA,V
2023,8,52,control,NA,17,8,1,NA,1,NA,106.8141502,NA,4.67109041,NA,5,NA,67,NA,13,F
2016,1,520,irrigated,NA,NA,NA,1,1,1,0,NA,80.62897545,NA,4.389858082,5,0,NA,NA,NA,F
2017,1,520,irrigated,NA,11.8,8.7,1,1,0,0,80.62897545,NA,4.389858082,NA,0,0,NA,NA,NA,V
2018,1,520,irrigated,NA,NA,NA,1,1,0,0,NA,15.70796327,NA,2.754167798,0,0,NA,NA,NA,dormant
2019,1,520,irrigated,NA,10,2,1,NA,0,NA,15.70796327,NA,2.754167798,NA,0,0,NA,NA,NA,V
2020,1,520,irrigated,NA,NA,NA,NA,NA,NA,NA,NA,NA,NA,NA,0,0,NA,NA,NA,NA
2021,1,520,irrigated,NA,NA,NA,NA,NA,NA,NA,NA,NA,NA,NA,0,0,NA,NA,NA,NA
2022,1,520,irrigated,NA,NA,NA,NA,NA,NA,NA,NA,NA,NA,NA,0,0,NA,NA,NA,NA
2023,1,520,irrigated,NA,NA,NA,NA,NA,NA,NA,NA,NA,NA,NA,0,NA,NA,NA,NA,NA
2022,3,5203,control,NA,14,10,1,1,1,1,109.9557429,106.8141502,4.700077947,4.67109041,3,7,59,78,19,F
2023,3,5203,control,NA,17,8,1,NA,1,NA,106.8141502,NA,4.67109041,NA,7,NA,78,NA,11,F
2022,3,5204,control,NA,14,8,1,1,0,1,87.9645943,204.2035225,4.476934396,5.319117156,0,6,NA,33,NA,V
2023,3,5204,control,NA,20,13,1,NA,1,NA,204.2035225,NA,5.319117156,NA,6,NA,33,NA,5,F
2022,3,5205,control,NA,6,3,1,1,0,0,14.13716694,43.98229715,2.648807283,3.783787215,0,0,NA,NA,NA,V
2023,3,5205,control,NA,8,7,1,NA,0,NA,43.98229715,NA,3.783787215,NA,0,NA,NA,NA,NA,V
2022,3,5206,control,NA,7,4,1,1,0,0,21.99114858,102.1017612,3.090640035,4.625969975,0,0,NA,NA,NA,V
2023,3,5206,control,NA,10,13,1,NA,0,NA,102.1017612,NA,4.625969975,NA,0,NA,NA,NA,NA,V
2022,3,5207,control,NA,11,8,1,1,1,1,69.11503838,125.6637061,4.235772339,4.83360934,4,9,91,55,22,F
2023,3,5207,control,NA,16,10,1,NA,1,NA,125.6637061,NA,4.83360934,NA,9,NA,55,NA,6,F
2016,6,521,irrigated,NA,NA,NA,1,1,1,0,NA,98.96016859,NA,4.594717432,5,0,NA,NA,NA,F
2017,6,521,irrigated,NA,14,9,1,1,0,0,98.96016859,51.05088062,4.594717432,3.932822795,0,0,NA,NA,NA,V
2018,6,521,irrigated,NA,10,6.5,1,1,0,0,51.05088062,90.32078879,3.932822795,4.503367653,0,0,NA,NA,NA,V
2019,6,521,irrigated,NA,11.5,10,1,NA,0,NA,90.32078879,NA,4.503367653,NA,0,0,NA,NA,NA,V
2020,6,521,irrigated,NA,NA,NA,NA,1,NA,0,NA,95.42587685,NA,4.558349788,0,0,NA,NA,NA,NA
2021,6,521,irrigated,NA,13.5,9,1,1,0,1,95.42587685,267.0353756,4.558349788,5.587381142,0,6,NA,0,NA,V
2022,6,521,irrigated,NA,20,17,1,1,1,0,267.0353756,142.9424657,5.587381142,4.962442212,6,0,0,NA,0,F
2023,6,521,irrigated,NA,14,13,1,NA,0,NA,142.9424657,NA,4.962442212,NA,0,NA,NA,NA,NA,V
2016,1,522,irrigated,NA,NA,NA,1,1,1,1,NA,70.37167544,NA,4.253790845,6,3,NA,NA,NA,F
2017,1,522,irrigated,NA,12.8,7,1,1,1,1,70.37167544,70.68583471,4.253790845,4.258245195,3,3,NA,NA,NA,F
2018,1,522,irrigated,NA,12,7.5,1,1,1,0,70.68583471,71.47123287,4.258245195,4.269295031,3,0,NA,NA,NA,F
2019,1,522,irrigated,NA,13,7,1,NA,0,NA,71.47123287,NA,4.269295031,NA,0,0,NA,NA,NA,V
2020,1,522,irrigated,NA,NA,NA,NA,0,NA,NA,NA,NA,NA,NA,0,0,NA,NA,NA,NA
2021,1,522,irrigated,NA,NA,NA,0,0,NA,NA,NA,NA,NA,NA,0,0,NA,NA,NA,dead
2022,1,522,irrigated,NA,NA,NA,0,0,NA,NA,NA,NA,NA,NA,0,0,NA,NA,NA,dead
2023,1,522,irrigated,NA,NA,NA,0,NA,NA,NA,NA,NA,NA,NA,0,NA,NA,NA,NA,dead
2016,1,523,irrigated,NA,NA,NA,1,0,1,0,NA,NA,NA,NA,5,0,NA,NA,NA,F
2017,1,523,irrigated,NA,NA,NA,0,0,0,0,NA,NA,NA,NA,0,0,NA,NA,NA,dead
2018,1,523,irrigated,NA,NA,NA,0,0,0,NA,NA,NA,NA,NA,0,0,NA,NA,NA,dead
2019,1,523,irrigated,NA,NA,NA,0,0,NA,NA,NA,NA,NA,NA,0,0,NA,NA,NA,dead
2020,1,523,irrigated,NA,NA,NA,0,0,NA,NA,NA,NA,NA,NA,0,0,NA,NA,NA,dead
2021,1,523,irrigated,NA,NA,NA,0,0,NA,0,NA,NA,NA,NA,0,0,NA,NA,NA,dead
2022,1,523,irrigated,NA,NA,NA,0,NA,0,NA,NA,NA,NA,NA,0,NA,NA,NA,NA,dead
2016,7,524,drought,NA,NA,NA,1,1,1,0,NA,116.6316273,NA,4.759020483,4,0,NA,NA,NA,F
2017,7,524,drought,NA,13.5,11,1,0,0,0,116.6316273,NA,4.759020483,NA,0,0,NA,NA,NA,V
2018,7,524,drought,NA,NA,NA,0,0,0,0,NA,NA,NA,NA,0,0,NA,NA,NA,dead
2019,7,524,drought,NA,NA,NA,0,0,0,NA,NA,NA,NA,NA,0,0,NA,NA,NA,dead
2020,7,524,drought,NA,NA,NA,0,0,NA,NA,NA,NA,NA,NA,0,0,NA,NA,NA,dead
2021,7,524,drought,NA,NA,NA,0,0,NA,NA,NA,NA,NA,NA,0,0,NA,NA,NA,dead
2022,7,524,drought,NA,NA,NA,0,0,NA,NA,NA,NA,NA,NA,0,0,NA,NA,NA,dead
2023,7,524,drought,NA,NA,NA,0,NA,NA,NA,NA,NA,NA,NA,0,NA,NA,NA,NA,dead
2016,2,525,control,NA,NA,NA,1,1,1,0,NA,45.94579256,NA,3.827462279,5,0,NA,NA,NA,F
2017,2,525,control,NA,9,6.5,1,1,0,1,45.94579256,37.69911184,3.827462279,3.629636536,0,7,NA,NA,NA,V
2018,2,525,control,NA,8,6,1,1,1,0,37.69911184,33.37942194,3.629636536,3.507939601,7,0,NA,NA,NA,F
2019,2,525,control,NA,8.5,5,1,NA,0,NA,33.37942194,NA,3.507939601,NA,0,0,NA,NA,NA,V
2020,2,525,control,NA,NA,NA,NA,1,NA,1,NA,19.242255,NA,2.957108642,0,3,NA,NA,NA,NA
2021,2,525,control,1,7,3.5,1,1,1,0,19.242255,31.41592654,2.957108642,3.447314979,3,0,NA,NA,NA,F
2022,2,525,control,NA,8,5,1,1,0,1,31.41592654,21.99114858,3.447314979,3.090640035,0,4,NA,0,NA,V
2023,2,525,control,NA,7,4,1,NA,1,NA,21.99114858,NA,3.090640035,NA,4,NA,0,NA,0,F
2017,9,527,irrigated,NA,8.5,6.5,1,1,0,0,43.39324853,40.05530633,3.770303865,3.690261157,0,0,NA,NA,NA,V
2018,9,527,irrigated,NA,8.5,6,1,1,0,0,40.05530633,12.56637061,3.690261157,2.531024247,0,0,NA,NA,NA,V
2019,9,527,irrigated,NA,8,2,1,0,0,0,12.56637061,NA,2.531024247,NA,0,0,NA,NA,NA,V
2020,9,527,irrigated,NA,NA,NA,0,0,0,NA,NA,NA,NA,NA,0,0,NA,NA,NA,dead
2021,9,527,irrigated,NA,NA,NA,0,0,NA,NA,NA,NA,NA,NA,0,0,NA,NA,NA,dead
2022,9,527,irrigated,NA,NA,NA,0,0,NA,0,NA,NA,NA,NA,0,0,NA,NA,NA,dead
2023,9,527,irrigated,NA,NA,NA,0,NA,0,NA,NA,NA,NA,NA,0,NA,NA,NA,NA,dead
2016,2,528,control,NA,NA,NA,1,1,1,1,NA,38.48451001,NA,3.650255823,3,1,NA,NA,NA,F
2017,2,528,control,NA,14,3.5,1,0,1,0,38.48451001,NA,3.650255823,NA,1,0,NA,NA,NA,F
2018,2,528,control,NA,NA,NA,0,0,0,0,NA,NA,NA,NA,0,0,NA,NA,NA,dead
2019,2,528,control,NA,NA,NA,0,0,0,0,NA,NA,NA,NA,0,0,NA,NA,NA,dead
2020,2,528,control,NA,NA,NA,0,0,0,0,NA,NA,NA,NA,0,0,NA,NA,NA,dead
2021,2,528,control,NA,NA,NA,0,0,0,0,NA,NA,NA,NA,0,0,NA,NA,NA,dead
2022,2,528,control,NA,NA,NA,0,NA,0,NA,NA,NA,NA,NA,0,NA,NA,NA,NA,dead
2016,2,53,control,NA,NA,NA,1,1,1,1,NA,109.9557429,NA,4.700077947,12,4,NA,NA,NA,F
2017,2,53,control,NA,14,10,1,1,1,0,109.9557429,49.48008429,4.700077947,3.901570251,4,0,NA,NA,NA,F
2018,2,53,control,NA,4.5,14,1,1,0,0,49.48008429,35.73561643,3.901570251,3.576147851,0,0,NA,NA,NA,V
2019,2,53,control,NA,7,6.5,1,1,0,0,35.73561643,2.35619449,3.576147851,0.857047813,0,0,NA,NA,NA,V
2020,2,53,control,NA,2,1.5,1,1,0,0,2.35619449,7.853981634,0.857047813,2.061020618,0,0,NA,NA,NA,V
2021,2,53,control,NA,5,2,1,1,0,0,7.853981634,18.84955592,2.061020618,2.936489355,0,0,NA,NA,NA,V
2022,2,53,control,NA,8,3,1,1,0,0,18.84955592,26.70353756,2.936489355,3.284796049,0,0,NA,NA,NA,V
2023,2,53,control,NA,8.5,4,1,NA,0,NA,26.70353756,NA,3.284796049,NA,0,NA,NA,NA,NA,V
2017,2,530,control,NA,13,6,1,1,1,0,61.26105675,56.54866776,4.115144351,4.035101644,4,0,NA,NA,NA,F
2018,2,530,control,NA,12,6,1,1,0,1,56.54866776,84.82300165,4.035101644,4.440566752,0,3,NA,NA,NA,V
2019,2,530,control,NA,12,9,1,NA,1,NA,84.82300165,NA,4.440566752,NA,3,0,NA,NA,NA,F
2020,2,530,control,NA,NA,NA,NA,NA,NA,NA,NA,NA,NA,NA,0,0,NA,NA,NA,NA
2021,2,530,control,NA,NA,NA,NA,NA,NA,NA,NA,NA,NA,NA,0,0,NA,NA,NA,NA
2022,2,530,control,NA,NA,NA,NA,1,NA,0,NA,14.13716694,NA,2.648807283,0,0,NA,NA,NA,NA
2023,2,530,control,NA,6,3,1,NA,0,NA,14.13716694,NA,2.648807283,NA,0,NA,NA,NA,NA,V
2022,3,5301,control,NA,3,1,1,1,0,0,2.35619449,3.926990817,0.857047813,1.367873437,0,0,NA,NA,NA,V
2023,3,5301,control,NA,5,1,1,NA,0,NA,3.926990817,NA,1.367873437,NA,0,NA,NA,NA,NA,V
2022,3,5302,control,NA,4,1.5,1,1,0,0,4.71238898,9.424777961,1.550194994,2.243342175,0,0,NA,NA,NA,V
2023,3,5302,control,NA,6,2,1,NA,0,NA,9.424777961,NA,2.243342175,NA,0,NA,NA,NA,NA,V
2023,3,5303,control,NA,11,4,1,NA,0,NA,34.55751919,NA,3.542625159,NA,0,NA,NA,NA,NA,V
2022,2,5304,control,NA,7,5,1,1,0,0,27.48893572,27.48893572,3.313783586,3.313783586,0,0,NA,NA,NA,V
2023,2,5304,control,NA,10,3.5,1,NA,0,NA,27.48893572,NA,3.313783586,NA,0,NA,NA,NA,NA,V
2022,2,5305,control,NA,14,10,1,1,1,0,109.9557429,38.87720909,4.700077947,3.660408194,1,0,NA,NA,NA,F
2023,2,5305,control,NA,9,5.5,1,NA,0,NA,38.87720909,NA,3.660408194,NA,0,NA,NA,NA,NA,V
2022,5,5306,drought,NA,9,4,1,1,0,0,28.27433388,82.07410808,3.341954463,4.407622596,0,0,NA,NA,NA,V
2023,5,5306,drought,NA,11,9.5,1,NA,0,NA,82.07410808,NA,4.407622596,NA,0,NA,NA,NA,NA,V
2022,5,5307,drought,NA,5,3,1,1,0,0,11.78097245,25.13274123,2.466485726,3.224171428,0,0,NA,NA,NA,V
2023,5,5307,drought,NA,8,4,1,NA,0,NA,25.13274123,NA,3.224171428,NA,0,NA,NA,NA,NA,V
2022,5,5308,drought,NA,10,2.5,1,1,0,0,19.63495408,38.48451001,2.97731135,3.650255823,0,0,NA,NA,NA,V
2023,5,5308,drought,NA,7,7,1,NA,0,NA,38.48451001,NA,3.650255823,NA,0,NA,NA,NA,NA,V
2022,5,5309,drought,NA,5,2.5,1,1,0,0,9.817477042,21.99114858,2.284164169,3.090640035,0,0,NA,NA,NA,V
2023,5,5309,drought,NA,8,3.5,1,NA,0,NA,21.99114858,NA,3.090640035,NA,0,NA,NA,NA,NA,V
2022,5,5310,drought,NA,11,5,1,1,0,0,43.19689899,86.78649706,3.76576871,4.463451046,0,0,NA,NA,NA,V
2023,5,5310,drought,NA,13,8.5,1,NA,0,NA,86.78649706,NA,4.463451046,NA,0,NA,NA,NA,NA,V
2022,5,5311,drought,NA,7,2.5,1,1,0,0,13.74446786,14.13716694,2.620636406,2.648807283,0,0,NA,NA,NA,V
2023,5,5311,drought,NA,6,3,1,NA,0,NA,14.13716694,NA,2.648807283,NA,0,NA,NA,NA,NA,V
2022,5,5312,drought,NA,5,5,1,1,0,0,19.63495408,34.16482011,2.97731135,3.531196463,0,0,NA,NA,NA,V
2023,5,5312,drought,NA,14.5,3,1,NA,0,NA,34.16482011,NA,3.531196463,NA,0,NA,NA,NA,NA,V
2022,5,5313,drought,NA,6,1.5,1,1,0,0,7.068583471,9.424777961,1.955660102,2.243342175,0,0,NA,NA,NA,V
2023,5,5313,drought,NA,6,2,1,NA,0,NA,9.424777961,NA,2.243342175,NA,0,NA,NA,NA,NA,V
2022,5,5314,drought,NA,8,2,1,1,0,0,12.56637061,31.80862562,2.531024247,3.459737499,0,0,NA,NA,NA,V
2023,5,5314,drought,NA,9,4.5,1,NA,0,NA,31.80862562,NA,3.459737499,NA,0,NA,NA,NA,NA,V
2022,5,5315,drought,NA,6.5,2.5,1,1,0,0,12.76272016,27.48893572,2.546528434,3.313783586,0,0,NA,NA,NA,V
2023,5,5315,drought,NA,10,3.5,1,NA,0,NA,27.48893572,NA,3.313783586,NA,0,NA,NA,NA,NA,V
2023,11,5316,control,NA,14,9,1,NA,1,NA,98.96016859,NA,4.594717432,NA,2,NA,0,NA,0,F
2016,1,533,irrigated,NA,NA,NA,1,1,1,0,NA,54.97787144,NA,4.006930767,5,0,NA,NA,NA,F
2017,1,533,irrigated,NA,10,7,1,1,0,1,54.97787144,106.0287521,4.006930767,4.663710303,0,5,NA,NA,NA,V
2018,1,533,irrigated,NA,13.5,10,1,1,1,0,106.0287521,47.1238898,4.663710303,3.852780087,5,0,NA,NA,NA,F
2019,1,533,irrigated,NA,7.5,8,1,0,0,NA,47.1238898,NA,3.852780087,NA,0,0,NA,NA,NA,V
2020,1,533,irrigated,NA,NA,NA,0,0,NA,NA,NA,NA,NA,NA,0,0,NA,NA,NA,dead
2021,1,533,irrigated,NA,NA,NA,0,0,NA,NA,NA,NA,NA,NA,0,0,NA,NA,NA,dead
2022,1,533,irrigated,NA,NA,NA,0,0,NA,NA,NA,NA,NA,NA,0,0,NA,NA,NA,dead
2023,1,533,irrigated,NA,NA,NA,0,NA,NA,NA,NA,NA,NA,NA,0,NA,NA,NA,NA,dead
2016,2,534,control,NA,NA,NA,1,1,1,1,NA,76.77267047,NA,4.340848724,2,4,NA,NA,NA,F
2017,2,534,control,NA,11.5,8.5,1,1,1,0,76.77267047,94.24777961,4.340848724,4.545927268,4,0,NA,NA,NA,F
2018,2,534,control,NA,8,15,1,1,0,1,94.24777961,62.83185307,4.545927268,4.140462159,0,0,NA,NA,NA,V
2019,2,534,control,NA,10,8,1,NA,1,NA,62.83185307,NA,4.140462159,NA,0,0,NA,NA,NA,F
2020,2,534,control,NA,NA,NA,NA,1,NA,0,NA,5.890486225,NA,1.773338545,0,0,NA,NA,NA,NA
2021,2,534,control,NA,3,2.5,1,1,0,0,5.890486225,6.283185307,1.773338545,1.837877066,0,0,NA,NA,NA,V
2022,2,534,control,NA,4,2,1,1,0,0,6.283185307,6.87223393,1.837877066,1.927489225,0,0,NA,NA,NA,V
2023,2,534,control,NA,3.5,2.5,1,NA,0,NA,6.87223393,NA,1.927489225,NA,0,NA,NA,NA,NA,V
2017,7,536,drought,NA,9.5,8,1,1,0,0,59.69026042,34.55751919,4.089168865,3.542625159,0,0,NA,NA,NA,V
2018,7,536,drought,NA,11,4,1,1,0,0,34.55751919,NA,3.542625159,NA,0,0,NA,NA,NA,V
2019,7,536,drought,NA,NA,NA,1,NA,0,NA,NA,NA,NA,NA,0,0,NA,NA,NA,dormant
2020,7,536,drought,NA,NA,NA,NA,1,NA,0,NA,NA,NA,NA,0,0,NA,NA,NA,NA
2021,7,536,drought,NA,NA,NA,1,1,0,0,NA,25.13274123,NA,3.224171428,0,0,NA,NA,NA,dormant
2022,7,536,drought,NA,8,4,1,1,0,0,25.13274123,87.9645943,3.224171428,4.476934396,0,0,NA,NA,NA,V
2023,7,536,drought,NA,16,7,1,NA,0,NA,87.9645943,NA,4.476934396,NA,0,NA,NA,NA,NA,V
2023,11,5363,control,NA,6,1.5,1,NA,0,NA,7.068583471,NA,1.955660102,NA,0,NA,NA,NA,NA,V
2023,8,5364,control,NA,7,2.5,1,NA,0,NA,13.74446786,NA,2.620636406,NA,0,NA,NA,NA,NA,V
2022,2,5365,control,NA,9,2.5,1,0,0,0,17.67145868,NA,2.871950834,NA,0,0,NA,NA,NA,V
2023,2,5365,control,NA,NA,NA,0,NA,0,NA,NA,NA,NA,NA,0,NA,NA,NA,NA,U
2022,2,5366,control,NA,7,3,1,1,0,0,16.49336143,11.78097245,2.802957962,2.466485726,0,0,NA,NA,NA,V
2023,2,5366,control,NA,6,2.5,1,NA,0,NA,11.78097245,NA,2.466485726,NA,0,NA,NA,NA,NA,V
2022,2,5367,control,NA,8,2.5,1,1,0,0,15.70796327,23.36559536,2.754167798,3.151264657,0,0,NA,NA,NA,V
2023,2,5367,control,NA,8.5,3.5,1,NA,0,NA,23.36559536,NA,3.151264657,NA,0,NA,NA,NA,NA,V
2022,2,5368,control,NA,12,10,1,NA,1,1,94.24777961,NA,4.545927268,NA,2,7,21,0,10,F
2023,2,5368,control,NA,NA,NA,NA,NA,1,NA,NA,NA,NA,NA,7,NA,0,NA,0,F
2022,1,5369,irrigated,NA,7,4,1,1,0,0,21.99114858,23.36559536,3.090640035,3.151264657,0,0,NA,NA,NA,V
2023,1,5369,irrigated,NA,8.5,3.5,1,NA,0,NA,23.36559536,NA,3.151264657,NA,0,NA,NA,NA,NA,V
2022,1,5371,irrigated,NA,15,6,1,1,0,0,70.68583471,112.3119374,4.258245195,4.721280155,0,0,NA,NA,NA,V
2023,1,5371,irrigated,NA,13,11,1,NA,0,NA,112.3119374,NA,4.721280155,NA,0,NA,NA,NA,NA,V
2022,1,5372,irrigated,NA,15,4,1,1,1,0,47.1238898,44.76769531,3.852780087,3.801486793,4,0,77,NA,19,F
2023,1,5372,irrigated,NA,9.5,6,1,NA,0,NA,44.76769531,NA,3.801486793,NA,0,NA,NA,NA,NA,V
2022,1,5373,irrigated,NA,5,1,1,1,0,0,3.926990817,7.068583471,1.367873437,1.955660102,0,0,NA,NA,NA,V
2023,1,5373,irrigated,NA,3,3,1,NA,0,NA,7.068583471,NA,1.955660102,NA,0,NA,NA,NA,NA,V
2022,1,5374,irrigated,NA,5,1.5,1,1,0,0,5.890486225,4.71238898,1.773338545,1.550194994,0,0,NA,NA,NA,V
2023,1,5374,irrigated,NA,3,2,1,NA,0,NA,4.71238898,NA,1.550194994,NA,0,NA,NA,NA,NA,V
2022,1,5375,irrigated,NA,9,3.5,1,1,0,0,24.74004215,53.01437603,3.208423071,3.970563123,0,0,NA,NA,NA,V
2023,1,5375,irrigated,NA,9,7.5,1,NA,0,NA,53.01437603,NA,3.970563123,NA,0,NA,NA,NA,NA,V
2022,1,5376,irrigated,NA,6,3,1,1,0,0,14.13716694,27.48893572,2.648807283,3.313783586,0,0,NA,NA,NA,V
2023,1,5376,irrigated,NA,10,3.5,1,NA,0,NA,27.48893572,NA,3.313783586,NA,0,NA,NA,NA,NA,V
2022,1,5377,irrigated,NA,6,4,1,1,0,NA,18.84955592,27.48893572,2.936489355,3.313783586,0,0,NA,NA,NA,V
2023,1,5377,irrigated,NA,10,3.5,1,NA,NA,NA,27.48893572,NA,3.313783586,NA,0,NA,NA,NA,NA,NA
2022,1,5378,irrigated,NA,9,3,1,1,0,1,21.20575041,41.23340358,3.054272391,3.719248694,0,3,NA,0,NA,V
2023,1,5378,irrigated,NA,10.5,5,1,NA,1,NA,41.23340358,NA,3.719248694,NA,3,NA,0,NA,0,F
2018,3,538,control,NA,17,20,1,1,1,0,267.0353756,164.9336143,5.587381142,5.105543055,11,0,NA,NA,NA,F
2019,3,538,control,NA,15,14,1,1,0,0,164.9336143,148.4402529,5.105543055,5.00018254,0,0,NA,NA,NA,V
2020,3,538,control,NA,14,13.5,1,1,0,1,148.4402529,160.2212253,5.00018254,5.076555519,0,4,NA,10,NA,V
2021,3,538,control,1,17,12,1,1,1,0,160.2212253,229.7289628,5.076555519,5.436900191,4,0,10,NA,2,F
2022,3,538,control,NA,19.5,15,1,1,0,0,229.7289628,142.9424657,5.436900191,4.962442212,0,0,NA,NA,NA,V
2023,3,538,control,NA,14,13,1,NA,0,NA,142.9424657,NA,4.962442212,NA,0,NA,NA,NA,NA,V
2022,3,5381,control,NA,4,2,1,1,0,0,6.283185307,16.49336143,1.837877066,2.802957962,0,0,NA,NA,NA,V
2023,3,5381,control,NA,7,3,1,NA,0,NA,16.49336143,NA,2.802957962,NA,0,NA,NA,NA,NA,V
2022,3,5382,control,NA,3,2,1,1,0,0,4.71238898,117.8097245,1.550194994,4.769070819,0,0,NA,NA,NA,V
2023,3,5382,control,NA,15,10,1,NA,0,NA,117.8097245,NA,4.769070819,NA,0,NA,NA,NA,NA,V
2022,3,5383,control,NA,12,4,1,1,0,0,37.69911184,40.05530633,3.629636536,3.690261157,0,0,NA,NA,NA,V
2023,3,5383,control,NA,8.5,6,1,NA,0,NA,40.05530633,NA,3.690261157,NA,0,NA,NA,NA,NA,V
2022,3,5384,control,NA,12,4,1,1,0,0,37.69911184,131.9468915,3.629636536,4.882399504,0,0,NA,NA,NA,V
2023,3,5384,control,NA,12,14,1,NA,0,NA,131.9468915,NA,4.882399504,NA,0,NA,NA,NA,NA,V
2022,3,5385,control,NA,8,2,1,1,0,0,12.56637061,60.47565858,2.531024247,4.102240947,0,0,NA,NA,NA,V
2023,3,5385,control,NA,14,5.5,1,NA,0,NA,60.47565858,NA,4.102240947,NA,0,NA,NA,NA,NA,V
2022,3,5386,control,NA,8,2.5,1,1,0,0,15.70796327,50.26548246,2.754167798,3.917318608,0,0,NA,NA,NA,V
2023,3,5386,control,NA,8,8,1,NA,0,NA,50.26548246,NA,3.917318608,NA,0,NA,NA,NA,NA,V
2022,3,5387,control,NA,7,2.5,1,1,0,0,13.74446786,23.75829444,2.620636406,3.167931709,0,0,NA,NA,NA,V
2023,3,5387,control,NA,5.5,5.5,1,NA,0,NA,23.75829444,NA,3.167931709,NA,0,NA,NA,NA,NA,V
2022,3,5388,control,NA,7,3,1,1,0,0,16.49336143,67.15154297,2.802957962,4.206951901,0,0,NA,NA,NA,V
2023,3,5388,control,NA,9,9.5,1,NA,0,NA,67.15154297,NA,4.206951901,NA,0,NA,NA,NA,NA,V
2022,3,5389,control,NA,7,6,1,1,0,1,32.98672286,137.4446786,3.496105143,4.923221499,0,5,NA,28,NA,V
2023,3,5389,control,NA,17.5,10,1,NA,1,NA,137.4446786,NA,4.923221499,NA,5,NA,28,NA,5,F
2022,3,5390,control,NA,6.5,4,1,1,0,0,20.42035225,102.1017612,3.016532063,4.625969975,0,0,NA,NA,NA,V
2023,3,5390,control,NA,13,10,1,NA,0,NA,102.1017612,NA,4.625969975,NA,0,NA,NA,NA,NA,V
2022,3,5391,control,NA,15,6,1,1,0,1,70.68583471,172.7875959,4.258245195,5.152063071,0,5,NA,28,NA,V
2023,3,5391,control,NA,20,11,1,NA,1,NA,172.7875959,NA,5.152063071,NA,5,NA,28,NA,5,F
2022,3,5392,control,NA,19,6.5,1,0,0,0,96.99667318,NA,4.574676681,NA,0,0,NA,NA,NA,V
2023,3,5392,control,NA,NA,NA,0,NA,0,NA,NA,NA,NA,NA,0,NA,NA,NA,NA,U
2022,3,5393,control,NA,15,13,1,1,1,0,153.1526419,176.7145868,5.031435083,5.174535927,3,0,21,NA,7,F
2023,3,5393,control,NA,15,15,1,NA,0,NA,176.7145868,NA,5.174535927,NA,0,NA,NA,NA,NA,V
2022,3,5394,control,NA,7,3.5,1,1,0,0,19.242255,28.27433388,2.957108642,3.341954463,0,0,NA,NA,NA,V
2023,3,5394,control,NA,9,4,1,NA,0,NA,28.27433388,NA,3.341954463,NA,0,NA,NA,NA,NA,V
2022,3,5395,control,NA,6,3,1,1,0,0,14.13716694,16.49336143,2.648807283,2.802957962,0,0,NA,NA,NA,V
2023,3,5395,control,NA,7,3,1,NA,0,NA,16.49336143,NA,2.802957962,NA,0,NA,NA,NA,NA,V
2022,3,5396,control,NA,4,2,1,1,0,0,6.283185307,9.817477042,1.837877066,2.284164169,0,0,NA,NA,NA,V
2023,3,5396,control,NA,5,2.5,1,NA,0,NA,9.817477042,NA,2.284164169,NA,0,NA,NA,NA,NA,V
2022,3,5397,control,NA,8,2.5,1,1,0,0,15.70796327,32.98672286,2.754167798,3.496105143,0,0,NA,NA,NA,V
2023,3,5397,control,NA,7,6,1,NA,0,NA,32.98672286,NA,3.496105143,NA,0,NA,NA,NA,NA,V
2022,3,5398,control,NA,11,3,1,1,0,0,25.91813939,49.48008429,3.254943086,3.901570251,0,0,NA,NA,NA,V
2023,3,5398,control,NA,9,7,1,NA,0,NA,49.48008429,NA,3.901570251,NA,0,NA,NA,NA,NA,V
2022,3,5399,control,NA,12,3,1,1,0,0,28.27433388,37.69911184,3.341954463,3.629636536,0,0,NA,NA,NA,V
2023,3,5399,control,NA,12,4,1,NA,0,NA,37.69911184,NA,3.629636536,NA,0,NA,NA,NA,NA,V
2017,1,54,irrigated,NA,12.7,7,1,1,1,0,69.82189673,122.5221135,4.245947667,4.808291532,3,0,NA,NA,NA,F
2018,1,54,irrigated,NA,13,12,1,1,0,0,122.5221135,98.96016859,4.808291532,4.594717432,0,0,NA,NA,NA,V
2019,1,54,irrigated,NA,12,10.5,1,NA,0,NA,98.96016859,NA,4.594717432,NA,0,0,NA,NA,NA,V
2020,1,54,irrigated,NA,NA,NA,NA,1,NA,0,NA,23.5619449,NA,3.159632906,0,0,NA,NA,NA,NA
2021,1,54,irrigated,NA,6,5,1,0,0,0,23.5619449,NA,3.159632906,NA,0,0,NA,NA,NA,V
2022,1,54,irrigated,NA,NA,NA,0,0,0,NA,NA,NA,NA,NA,0,0,NA,NA,NA,dead
2023,1,54,irrigated,NA,NA,NA,0,NA,NA,NA,NA,NA,NA,NA,0,NA,NA,NA,NA,dead
2017,3,540,control,NA,5,4,1,1,0,0,15.70796327,NA,2.754167798,NA,0,0,NA,NA,NA,V
2018,3,540,control,NA,NA,NA,1,1,0,0,NA,27.48893572,NA,3.313783586,0,0,NA,NA,NA,dormant
2019,3,540,control,NA,7,5,1,1,0,0,27.48893572,NA,3.313783586,NA,0,0,NA,NA,NA,V
2020,3,540,control,NA,NA,NA,1,1,0,1,NA,120.9513172,NA,4.795388127,0,4,NA,59,NA,dormant
2021,3,540,control,1,14,11,1,1,1,1,120.9513172,212.0575041,4.795388127,5.356857484,4,0,59,0,14,F
2022,3,540,control,NA,18,15,1,1,1,0,212.0575041,43.98229715,5.356857484,3.783787215,0,0,0,NA,NA,F
2023,3,540,control,NA,14,4,1,NA,0,NA,43.98229715,NA,3.783787215,NA,0,NA,NA,NA,NA,V
2022,3,5400,control,NA,10,3.5,1,1,0,0,27.48893572,43.98229715,3.313783586,3.783787215,0,0,NA,NA,NA,V
2023,3,5400,control,NA,14,4,1,NA,0,NA,43.98229715,NA,3.783787215,NA,0,NA,NA,NA,NA,V
2020,1,542,irrigated,NA,2,1.5,1,1,0,0,2.35619449,10.99557429,0.857047813,2.397492854,0,0,NA,NA,NA,V
2021,1,542,irrigated,NA,7,2,1,1,0,0,10.99557429,18.84955592,2.397492854,2.936489355,0,0,NA,NA,NA,V
2022,1,542,irrigated,NA,8,3,1,1,0,0,18.84955592,7.068583471,2.936489355,1.955660102,0,0,NA,NA,NA,V
2023,1,542,irrigated,NA,6,1.5,1,NA,0,NA,7.068583471,NA,1.955660102,NA,0,NA,NA,NA,NA,V
2017,2,543,control,NA,7,3,1,1,0,0,16.49336143,65.97344573,2.802957962,4.189252324,0,0,NA,NA,NA,V
2018,2,543,control,NA,12,7,1,1,0,0,65.97344573,23.5619449,4.189252324,3.159632906,0,0,NA,NA,NA,V
2019,2,543,control,NA,7.5,4,1,0,0,0,23.5619449,NA,3.159632906,NA,0,0,NA,NA,NA,V
2020,2,543,control,NA,NA,NA,0,0,0,0,NA,NA,NA,NA,0,0,NA,NA,NA,dead
2021,2,543,control,NA,NA,NA,0,0,0,0,NA,NA,NA,NA,0,0,NA,NA,NA,dead
2022,2,543,control,NA,NA,NA,0,NA,0,NA,NA,NA,NA,NA,0,NA,NA,NA,NA,dead
2016,5,544,drought,NA,NA,NA,1,1,1,0,NA,49.48008429,NA,3.901570251,3,0,NA,NA,NA,F
2017,5,544,drought,NA,9,7,1,1,0,0,49.48008429,47.1238898,3.901570251,3.852780087,0,0,NA,NA,NA,V
2018,5,544,drought,NA,10,6,1,1,0,0,47.1238898,53.40707511,3.852780087,3.97794323,0,0,NA,NA,NA,V
2019,5,544,drought,NA,8.5,8,1,1,0,0,53.40707511,54.97787144,3.97794323,4.006930767,0,0,NA,NA,NA,V
2020,5,544,drought,NA,10,7,1,1,0,1,54.97787144,8.246680716,4.006930767,2.109810782,0,3,NA,NA,NA,V
2021,5,544,drought,1,7,1.5,1,0,1,NA,8.246680716,NA,2.109810782,NA,3,0,NA,NA,NA,F
2022,5,544,drought,NA,NA,NA,0,0,NA,0,NA,NA,NA,NA,0,0,NA,NA,NA,dead
2023,5,544,drought,NA,NA,NA,0,NA,0,NA,NA,NA,NA,NA,0,NA,NA,NA,NA,dead
2018,2,545,control,NA,9.5,4,1,1,1,0,29.84513021,39.26990817,3.396021684,3.67045853,3,0,NA,NA,NA,F
2019,2,545,control,NA,10,5,1,NA,0,NA,39.26990817,NA,3.67045853,NA,0,0,NA,NA,NA,V
2020,2,545,control,NA,NA,NA,NA,0,NA,0,NA,NA,NA,NA,0,0,NA,NA,NA,NA
2021,2,545,control,NA,NA,NA,0,0,0,NA,NA,NA,NA,NA,0,0,NA,NA,NA,dead
2022,2,545,control,NA,NA,NA,0,0,NA,NA,NA,NA,NA,NA,0,0,NA,NA,NA,dead
2023,2,545,control,NA,NA,NA,0,NA,NA,NA,NA,NA,NA,NA,0,NA,NA,NA,NA,dead
2017,2,548,control,NA,9,2.5,1,1,0,0,17.67145868,56.54866776,2.871950834,4.035101644,0,0,NA,NA,NA,V
2018,2,548,control,NA,12,6,1,1,0,0,56.54866776,60.47565858,4.035101644,4.102240947,0,0,NA,NA,NA,V
2019,2,548,control,NA,11,7,1,1,0,0,60.47565858,14.13716694,4.102240947,2.648807283,0,0,NA,NA,NA,V
2020,2,548,control,NA,6,3,1,1,0,0,14.13716694,2.35619449,2.648807283,0.857047813,0,0,NA,NA,NA,V
2021,2,548,control,NA,3,1,1,0,0,0,2.35619449,NA,0.857047813,NA,0,0,NA,NA,NA,V
2022,2,548,control,NA,NA,NA,0,0,0,0,NA,NA,NA,NA,0,0,NA,NA,NA,dead
2023,2,548,control,NA,NA,NA,0,NA,0,NA,NA,NA,NA,NA,0,NA,NA,NA,NA,dead
2017,11,549,control,NA,10,6,1,1,0,0,47.1238898,142.9424657,3.852780087,4.962442212,0,0,NA,NA,NA,V
2018,11,549,control,NA,13,14,1,1,0,1,142.9424657,90.32078879,4.962442212,4.503367653,0,6,NA,NA,NA,V
2019,11,549,control,NA,11.5,10,1,1,1,0,90.32078879,51.05088062,4.503367653,3.932822795,6,0,NA,NA,NA,F
2020,11,549,control,NA,10,6.5,1,1,0,1,51.05088062,84.82300165,3.932822795,4.440566752,0,3,NA,NA,NA,V
2021,11,549,control,1,12,9,1,1,1,0,84.82300165,68.32964022,4.440566752,4.224343643,3,0,NA,NA,NA,F
2022,11,549,control,NA,14.5,6,1,1,0,0,68.32964022,3.926990817,4.224343643,1.367873437,0,0,NA,NA,NA,V
2023,11,549,control,NA,5,1,1,NA,0,NA,3.926990817,NA,1.367873437,NA,0,NA,NA,NA,NA,V
2017,1,55,irrigated,NA,11,3,1,1,0,0,25.91813939,31.80862562,3.254943086,3.459737499,0,0,NA,NA,NA,V
2018,1,55,irrigated,NA,4.5,9,1,1,0,0,31.80862562,23.5619449,3.459737499,3.159632906,0,0,NA,NA,NA,V
2019,1,55,irrigated,NA,7.5,4,1,NA,0,NA,23.5619449,NA,3.159632906,NA,0,0,NA,NA,NA,V
2020,1,55,irrigated,NA,NA,NA,NA,0,NA,0,NA,NA,NA,NA,0,0,NA,NA,NA,NA
2021,1,55,irrigated,NA,NA,NA,0,0,0,0,NA,NA,NA,NA,0,0,NA,NA,NA,dead
2022,1,55,irrigated,NA,NA,NA,0,NA,0,NA,NA,NA,NA,NA,0,NA,NA,NA,NA,dead
2016,6,550,irrigated,NA,NA,NA,1,1,1,0,NA,7.068583471,NA,1.955660102,4,0,NA,NA,NA,F
2017,6,550,irrigated,NA,4.5,2,1,1,0,0,7.068583471,18.84955592,1.955660102,2.936489355,0,0,NA,NA,NA,V
2018,6,550,irrigated,NA,8,3,1,1,0,0,18.84955592,29.45243113,2.936489355,3.382776458,0,0,NA,NA,NA,V
2019,6,550,irrigated,NA,7.5,5,1,NA,0,NA,29.45243113,NA,3.382776458,NA,0,0,NA,NA,NA,V
2020,6,550,irrigated,NA,NA,NA,NA,1,NA,0,NA,NA,NA,NA,0,0,NA,NA,NA,NA
2021,6,550,irrigated,NA,NA,NA,1,1,0,0,NA,16.49336143,NA,2.802957962,0,0,NA,NA,NA,dormant
2022,6,550,irrigated,NA,7,3,1,0,0,0,16.49336143,NA,2.802957962,NA,0,0,NA,NA,NA,V
2023,6,550,irrigated,NA,NA,NA,0,NA,0,NA,NA,NA,NA,NA,0,NA,NA,NA,NA,U
2016,8,551,control,NA,NA,NA,1,1,1,0,NA,44.76769531,NA,3.801486793,3,0,NA,NA,NA,F
2017,8,551,control,NA,9.5,6,1,1,0,0,44.76769531,61.26105675,3.801486793,4.115144351,0,0,NA,NA,NA,V
2018,8,551,control,NA,13,6,1,1,0,0,61.26105675,21.99114858,4.115144351,3.090640035,0,0,NA,NA,NA,V
2019,8,551,control,NA,8,3.5,1,1,0,0,21.99114858,15.11891465,3.090640035,2.715946585,0,0,NA,NA,NA,V
2020,8,551,control,NA,5.5,3.5,1,1,0,0,15.11891465,25.13274123,2.715946585,3.224171428,0,0,NA,NA,NA,V
2021,8,551,control,NA,8,4,1,1,0,0,25.13274123,43.98229715,3.224171428,3.783787215,0,0,NA,NA,NA,V
2022,8,551,control,NA,16,3.5,1,1,0,0,43.98229715,106.0287521,3.783787215,4.663710303,0,0,NA,NA,NA,V
2023,8,551,control,NA,15,9,1,NA,0,NA,106.0287521,NA,4.663710303,NA,0,NA,NA,NA,NA,V
2020,11,552,control,NA,7,3,1,1,0,0,16.49336143,28.27433388,2.802957962,3.341954463,0,0,NA,NA,NA,V
2021,11,552,control,NA,9,4,1,1,0,0,28.27433388,23.5619449,3.341954463,3.159632906,0,0,NA,NA,NA,V
2022,11,552,control,NA,5,6,1,1,0,0,23.5619449,63.61725124,3.159632906,4.152884679,0,0,NA,NA,NA,V
2023,11,552,control,NA,9,9,1,NA,0,NA,63.61725124,NA,4.152884679,NA,0,NA,NA,NA,NA,V
2017,5,553,drought,NA,9,2,1,1,1,0,14.13716694,20.02765317,2.648807283,2.997113977,8,0,NA,NA,NA,F
2018,5,553,drought,NA,8.5,3,1,0,0,0,20.02765317,NA,2.997113977,NA,0,0,NA,NA,NA,V
2019,5,553,drought,NA,NA,NA,0,0,0,NA,NA,NA,NA,NA,0,0,NA,NA,NA,dead
2020,5,553,drought,NA,NA,NA,0,0,NA,NA,NA,NA,NA,NA,0,0,NA,NA,NA,dead
2021,5,553,drought,NA,NA,NA,0,0,NA,0,NA,NA,NA,NA,0,0,NA,NA,NA,dead
2022,5,553,drought,NA,NA,NA,0,NA,0,NA,NA,NA,NA,NA,0,NA,NA,NA,NA,dead
2023,5,553.new,drought,NA,12,12,1,NA,1,NA,113.0973355,NA,4.728248824,NA,6,NA,NA,NA,NA,F
2016,14,555,drought,NA,NA,NA,1,1,1,0,NA,117.8097245,NA,4.769070819,3,0,NA,NA,NA,F
2017,14,555,drought,NA,15,10,1,1,0,1,117.8097245,142.9424657,4.769070819,4.962442212,0,6,NA,NA,NA,V
2018,14,555,drought,NA,14,13,1,1,1,1,142.9424657,67.15154297,4.962442212,4.206951901,6,1,NA,NA,NA,F
2019,14,555,drought,NA,9.5,9,1,1,1,0,67.15154297,43.98229715,4.206951901,3.783787215,1,0,NA,NA,NA,F
2020,14,555,drought,NA,8,7,1,1,0,0,43.98229715,69.11503838,3.783787215,4.235772339,0,0,NA,NA,NA,V
2021,14,555,drought,NA,11,8,1,1,0,0,69.11503838,94.24777961,4.235772339,4.545927268,0,0,NA,NA,NA,V
2022,14,555,drought,NA,12,10,1,1,0,0,94.24777961,45.35674394,4.545927268,3.814558874,0,0,NA,NA,NA,V
2023,14,555,drought,NA,10.5,5.5,1,NA,0,NA,45.35674394,NA,3.814558874,NA,0,NA,NA,NA,NA,V
2017,6,556,irrigated,NA,11,8,1,1,1,0,69.11503838,51.83627878,4.235772339,3.948090267,5,0,NA,NA,NA,F
2018,6,556,irrigated,NA,11,6,1,1,0,1,51.83627878,69.11503838,3.948090267,4.235772339,0,3,NA,NA,NA,V
2019,6,556,irrigated,NA,11,8,1,NA,1,NA,69.11503838,NA,4.235772339,NA,3,0,NA,NA,NA,F
2020,6,556,irrigated,NA,NA,NA,NA,1,NA,0,NA,31.80862562,NA,3.459737499,0,0,NA,NA,NA,NA
2021,6,556,irrigated,NA,9,4.5,1,1,0,0,31.80862562,173.5729941,3.459737499,5.156598226,0,0,NA,NA,NA,V
2022,6,556,irrigated,NA,17,13,1,1,0,0,173.5729941,208.9159115,5.156598226,5.341931834,0,0,NA,NA,NA,V
2023,6,556,irrigated,NA,19,14,1,NA,0,NA,208.9159115,NA,5.341931834,NA,0,NA,NA,NA,NA,V
2017,1,557,irrigated,NA,7,4,1,1,0,0,21.99114858,20.02765317,3.090640035,2.997113977,0,0,NA,NA,NA,V
2018,1,557,irrigated,NA,8.5,3,1,1,0,0,20.02765317,18.84955592,2.997113977,2.936489355,0,0,NA,NA,NA,V
2019,1,557,irrigated,NA,8,3,1,0,0,0,18.84955592,NA,2.936489355,NA,0,0,NA,NA,NA,V
2020,1,557,irrigated,NA,NA,NA,0,0,0,0,NA,NA,NA,NA,0,0,NA,NA,NA,dead
2021,1,557,irrigated,NA,NA,NA,0,0,0,0,NA,NA,NA,NA,0,0,NA,NA,NA,dead
2022,1,557,irrigated,NA,NA,NA,0,NA,0,NA,NA,NA,NA,NA,0,NA,NA,NA,NA,dead
2017,3,56,control,NA,10,9.5,1,1,1,1,74.61282552,109.9557429,4.312312416,4.700077947,3,3,NA,NA,NA,F
2018,3,56,control,NA,14,10,1,1,1,0,109.9557429,85.80474935,4.700077947,4.452074359,3,0,NA,NA,NA,F
2019,3,56,control,NA,11.5,9.5,1,1,0,1,85.80474935,22.38384766,4.452074359,3.108339612,0,0,NA,NA,NA,V
2020,3,56,control,NA,9.5,3,1,1,1,0,22.38384766,40.05530633,3.108339612,3.690261157,0,0,NA,NA,NA,F
2021,3,56,control,NA,8.5,6,1,1,0,1,40.05530633,141.3716694,3.690261157,4.951392376,0,5,NA,85,NA,V
2022,3,56,control,NA,15,12,1,1,1,1,141.3716694,63.61725124,4.951392376,4.152884679,5,6,85,0,17,F
2023,3,56,control,NA,13.5,6,1,NA,1,NA,63.61725124,NA,4.152884679,NA,6,NA,0,NA,0,F
2017,2,561,control,NA,10.5,5,1,1,0,0,41.23340358,56.15596868,3.719248694,4.028132974,0,0,NA,NA,NA,V
2018,2,561,control,NA,11,6.5,1,1,0,0,56.15596868,32.98672286,4.028132974,3.496105143,0,0,NA,NA,NA,V
2019,2,561,control,NA,7,6,1,1,0,0,32.98672286,NA,3.496105143,NA,0,0,NA,NA,NA,V
2020,2,561,control,NA,NA,NA,1,1,0,0,NA,21.20575041,NA,3.054272391,0,0,NA,NA,NA,dormant
2021,2,561,control,NA,9,3,1,0,0,0,21.20575041,NA,3.054272391,NA,0,0,NA,NA,NA,V
2022,2,561,control,NA,NA,NA,0,0,0,0,NA,NA,NA,NA,0,0,NA,NA,NA,dead
2023,2,561,control,NA,NA,NA,0,NA,0,NA,NA,NA,NA,NA,0,NA,NA,NA,NA,dead
2016,1,564,irrigated,NA,NA,NA,1,1,1,0,NA,18.84955592,NA,2.936489355,1,0,NA,NA,NA,F
2017,1,564,irrigated,NA,8,3,1,1,0,0,18.84955592,18.84955592,2.936489355,2.936489355,0,0,NA,NA,NA,V
2018,1,564,irrigated,NA,8,3,1,0,0,NA,18.84955592,NA,2.936489355,NA,0,0,NA,NA,NA,V
2019,1,564,irrigated,NA,NA,NA,0,0,NA,0,NA,NA,NA,NA,0,0,NA,NA,NA,dead
2020,1,564,irrigated,NA,NA,NA,0,0,0,0,NA,NA,NA,NA,0,0,NA,NA,NA,dead
2021,1,564,irrigated,NA,NA,NA,0,0,0,0,NA,NA,NA,NA,0,0,NA,NA,NA,dead
2022,1,564,irrigated,NA,NA,NA,0,NA,0,NA,NA,NA,NA,NA,0,NA,NA,NA,NA,dead
2016,2,566,control,NA,NA,NA,1,1,1,0,NA,22.38384766,NA,3.108339612,2,0,NA,NA,NA,F
2017,2,566,control,NA,9.5,3,1,1,0,1,22.38384766,25.52544031,3.108339612,3.239675614,0,3,NA,NA,NA,V
2018,2,566,control,NA,5,6.5,1,0,1,0,25.52544031,NA,3.239675614,NA,3,0,NA,NA,NA,F
2019,2,566,control,NA,NA,NA,0,0,0,0,NA,NA,NA,NA,0,0,NA,NA,NA,dead
2020,2,566,control,NA,NA,NA,0,0,0,NA,NA,NA,NA,NA,0,0,NA,NA,NA,dead
2021,2,566,control,NA,NA,NA,0,0,NA,NA,NA,NA,NA,NA,0,0,NA,NA,NA,dead
2022,2,566,control,NA,NA,NA,0,0,NA,NA,NA,NA,NA,NA,0,0,NA,NA,NA,dead
2023,2,566,control,NA,NA,NA,0,NA,NA,NA,NA,NA,NA,NA,0,NA,NA,NA,NA,dead
2017,13,567,control,NA,8.5,4,1,1,0,0,26.70353756,14.13716694,3.284796049,2.648807283,0,0,NA,NA,NA,V
2018,13,567,control,NA,4,4.5,1,1,0,0,14.13716694,21.99114858,2.648807283,3.090640035,0,0,NA,NA,NA,V
2019,13,567,control,NA,7,4,1,1,0,0,21.99114858,9.817477042,3.090640035,2.284164169,0,0,NA,NA,NA,V
2020,13,567,control,NA,5,2.5,1,1,0,0,9.817477042,21.99114858,2.284164169,3.090640035,0,0,NA,NA,NA,V
2021,13,567,control,NA,7,4,1,1,0,0,21.99114858,106.0287521,3.090640035,4.663710303,0,0,NA,NA,NA,V
2022,13,567,control,NA,15,9,1,1,0,1,106.0287521,47.1238898,4.663710303,3.852780087,0,9,NA,0,NA,V
2023,13,567,control,NA,10,6,1,NA,1,NA,47.1238898,NA,3.852780087,NA,9,NA,0,NA,0,F
2017,14,568,drought,NA,7.5,4,1,1,0,0,23.5619449,49.48008429,3.159632906,3.901570251,0,0,NA,NA,NA,V
2018,14,568,drought,NA,7,9,1,1,0,0,49.48008429,18.84955592,3.901570251,2.936489355,0,0,NA,NA,NA,V
2019,14,568,drought,NA,6,4,1,1,0,0,18.84955592,NA,2.936489355,NA,0,0,NA,NA,NA,V
2020,14,568,drought,NA,NA,NA,1,1,0,0,NA,19.43860454,NA,2.967261014,0,0,NA,NA,NA,dormant
2021,14,568,drought,NA,5.5,4.5,1,0,0,0,19.43860454,NA,2.967261014,NA,0,0,NA,NA,NA,V
2022,14,568,drought,NA,NA,NA,0,1,0,0,NA,11.78097245,NA,2.466485726,0,0,NA,NA,NA,U
2023,14,568,drought,NA,5,3,1,NA,0,NA,11.78097245,NA,2.466485726,NA,0,NA,NA,NA,NA,V
2017,1,569,irrigated,NA,8,6,1,NA,1,NA,37.69911184,NA,3.629636536,NA,2,0,NA,NA,NA,F
2018,1,569,irrigated,NA,NA,NA,NA,1,NA,1,NA,94.24777961,NA,4.545927268,0,2,NA,NA,NA,NA
2019,1,569,irrigated,NA,12,10,1,NA,1,NA,94.24777961,NA,4.545927268,NA,2,0,NA,NA,NA,F
2020,1,569,irrigated,NA,NA,NA,NA,1,NA,1,NA,47.1238898,NA,3.852780087,0,5,NA,NA,NA,NA
2021,1,569,irrigated,1,10,6,1,1,1,0,47.1238898,80.69966129,3.852780087,4.390734378,5,0,NA,NA,NA,F
2022,1,569,irrigated,NA,13.7,7.5,1,1,0,0,80.69966129,39.26990817,4.390734378,3.67045853,0,0,NA,NA,NA,V
2023,1,569,irrigated,NA,10,5,1,NA,0,NA,39.26990817,NA,3.67045853,NA,0,NA,NA,NA,NA,V
2021,5,5701,drought,1,6,2,1,1,1,0,9.424777961,22.38384766,2.243342175,3.108339612,3,0,NA,NA,NA,F
2022,5,5701,drought,NA,9.5,3,1,0,0,0,22.38384766,NA,3.108339612,NA,0,0,NA,NA,NA,V
2023,5,5701,drought,NA,NA,NA,0,NA,0,NA,NA,NA,NA,NA,0,NA,NA,NA,NA,U
2021,5,5702,drought,1,6,3,1,1,1,0,14.13716694,49.48008429,2.648807283,3.901570251,3,0,NA,NA,NA,F
2022,5,5702,drought,NA,10.5,6,1,1,0,0,49.48008429,94.24777961,3.901570251,4.545927268,0,0,NA,NA,NA,V
2023,5,5702,drought,NA,15,8,1,NA,0,NA,94.24777961,NA,4.545927268,NA,0,NA,NA,NA,NA,V
2021,5,5703,drought,1,8,2,1,0,1,0,12.56637061,NA,2.531024247,NA,5,0,NA,NA,NA,F
2022,5,5703,drought,NA,NA,NA,0,0,0,NA,NA,NA,NA,NA,0,0,NA,NA,NA,dead
2023,5,5703,drought,NA,NA,NA,0,NA,NA,NA,NA,NA,NA,NA,0,NA,NA,NA,NA,dead
2021,5,5704,drought,1,7,6,1,1,1,0,32.98672286,45.1603944,3.496105143,3.810220473,4,0,NA,NA,NA,F
2022,5,5704,drought,NA,11.5,5,1,1,0,0,45.1603944,52.22897787,3.810220473,3.955637472,0,0,NA,NA,NA,V
2023,5,5704,drought,NA,9.5,7,1,NA,0,NA,52.22897787,NA,3.955637472,NA,0,NA,NA,NA,NA,V
2021,5,5705,drought,1,9,5.5,1,1,1,0,38.87720909,76.96902001,3.660408194,4.343403003,2,0,NA,NA,NA,F
2022,5,5705,drought,NA,14,7,1,1,0,0,76.96902001,95.03317777,4.343403003,4.55422607,0,0,NA,NA,NA,V
2023,5,5705,drought,NA,11,11,1,NA,0,NA,95.03317777,NA,4.55422607,NA,0,NA,NA,NA,NA,V
2021,5,5706,drought,1,11,9,1,1,1,0,77.75441818,35.34291735,4.353555375,3.565098014,3,0,NA,NA,NA,F
2022,5,5706,drought,NA,9,5,1,0,0,0,35.34291735,NA,3.565098014,NA,0,0,NA,NA,NA,V
2023,5,5706,drought,NA,NA,NA,0,NA,0,NA,NA,NA,NA,NA,0,NA,NA,NA,NA,U
2021,8,5707,control,1,7.5,6.5,1,1,1,0,38.28816047,267.0353756,3.645140722,5.587381142,3,0,NA,NA,NA,F
2022,8,5707,control,NA,17,20,1,1,0,1,267.0353756,241.9026343,5.587381142,5.488535308,0,8,NA,NA,NA,V
2023,8,5707,control,NA,22,14,1,NA,1,NA,241.9026343,NA,5.488535308,NA,8,NA,NA,NA,NA,F
2021,8,5708,control,1,8,4.5,1,1,1,1,28.27433388,120.165919,3.341954463,4.788873446,2,2,NA,NA,NA,F
2022,8,5708,control,NA,17,9,1,1,1,0,120.165919,197.9203372,4.788873446,5.287864612,2,0,NA,NA,NA,F
2023,8,5708,control,NA,18,14,1,NA,0,NA,197.9203372,NA,5.287864612,NA,0,NA,NA,NA,NA,V
2021,8,5709,control,1,9,6.5,1,1,1,1,45.94579256,268.6061719,3.827462279,5.593246262,3,1,NA,NA,NA,F
2022,8,5709,control,NA,18,19,1,1,1,1,268.6061719,274.8893572,5.593246262,5.616368679,1,4,NA,NA,NA,F
2023,8,5709,control,NA,25,14,1,NA,1,NA,274.8893572,NA,5.616368679,NA,4,NA,NA,NA,NA,F
2018,2,571,control,NA,12.5,6,1,1,1,0,58.90486225,NA,4.075923638,NA,3,0,NA,NA,NA,F
2019,2,571,control,NA,NA,NA,1,NA,0,NA,NA,NA,NA,NA,0,0,NA,NA,NA,dormant
2020,2,571,control,NA,NA,NA,NA,1,NA,0,NA,NA,NA,NA,0,0,NA,NA,NA,NA
2021,2,571,control,NA,NA,NA,1,1,0,0,NA,73.43472828,NA,4.296396961,0,0,NA,NA,NA,dormant
2022,2,571,control,NA,11,8.5,1,1,0,1,73.43472828,49.48008429,4.296396961,3.901570251,0,4,NA,57,NA,V
2023,2,571,control,NA,10.5,6,1,NA,1,NA,49.48008429,NA,3.901570251,NA,4,NA,57,NA,14,F
2021,8,5710,control,1,8,9,1,1,1,1,56.54866776,150.7964474,4.035101644,5.015930897,3,2,NA,NA,NA,F
2022,8,5710,control,NA,16,12,1,1,1,0,150.7964474,163.362818,5.015930897,5.095973604,2,0,NA,NA,NA,F
2023,8,5710,control,NA,16,13,1,NA,0,NA,163.362818,NA,5.095973604,NA,0,NA,NA,NA,NA,V
2021,15,5711,drought,1,7,6,1,1,1,0,32.98672286,31.41592654,3.496105143,3.447314979,2,0,9,NA,4,F
2022,15,5711,drought,NA,10,4,1,1,0,1,31.41592654,62.83185307,3.447314979,4.140462159,0,5,NA,NA,NA,V
2023,15,5711,drought,NA,10,8,1,NA,1,NA,62.83185307,NA,4.140462159,NA,5,NA,NA,NA,NA,F
2021,15,5712,drought,1,8,7,1,1,1,0,43.98229715,82.46680716,3.783787215,4.412395875,3,0,NA,NA,NA,F
2022,15,5712,drought,NA,15,7,1,1,0,1,82.46680716,175.9291886,4.412395875,5.170081577,0,5,NA,NA,NA,V
2023,15,5712,drought,NA,16,14,1,NA,1,NA,175.9291886,NA,5.170081577,NA,5,NA,NA,NA,NA,F
2021,15,5713,drought,1,8,7,1,1,1,1,43.98229715,87.9645943,3.783787215,4.476934396,2,3,NA,NA,NA,F
2022,15,5713,drought,NA,14,8,1,1,1,1,87.9645943,125.6637061,4.476934396,4.83360934,3,3,NA,NA,NA,F
2023,15,5713,drought,NA,16,10,1,NA,1,NA,125.6637061,NA,4.83360934,NA,3,NA,NA,NA,NA,F
2021,15,5714,drought,1,9,6,1,1,1,0,42.41150082,141.3716694,3.747419571,4.951392376,3,0,NA,NA,NA,F
2022,15,5714,drought,NA,18,10,1,1,0,0,141.3716694,204.2035225,4.951392376,5.319117156,0,0,NA,NA,NA,V
2023,15,5714,drought,NA,20,13,1,NA,0,NA,204.2035225,NA,5.319117156,NA,0,NA,NA,NA,NA,V
2021,15,5715,drought,1,7,7,1,1,1,0,38.48451001,64.79534848,3.650255823,4.171233818,4,0,NA,NA,NA,F
2022,15,5715,drought,NA,15,5.5,1,1,0,1,64.79534848,113.0973355,4.171233818,4.728248824,0,5,NA,NA,NA,V
2023,15,5715,drought,NA,12,12,1,NA,1,NA,113.0973355,NA,4.728248824,NA,5,NA,NA,NA,NA,F
2021,15,5716,drought,1,10,6,1,1,1,0,47.1238898,117.8097245,3.852780087,4.769070819,4,0,7,NA,1,F
2022,15,5716,drought,NA,15,10,1,1,0,0,117.8097245,58.90486225,4.769070819,4.075923638,0,0,NA,NA,NA,V
2023,15,5716,drought,NA,15,5,1,NA,0,NA,58.90486225,NA,4.075923638,NA,0,NA,NA,NA,NA,V
2021,15,5717,drought,1,5,4,1,1,1,1,15.70796327,69.11503838,2.754167798,4.235772339,2,2,NA,NA,NA,F
2022,15,5717,drought,NA,11,8,1,1,1,1,69.11503838,113.0973355,4.235772339,4.728248824,2,4,NA,NA,NA,F
2023,15,5717,drought,NA,12,12,1,NA,1,NA,113.0973355,NA,4.728248824,NA,4,NA,NA,NA,NA,F
2021,15,5718,drought,1,8,4,1,1,1,1,25.13274123,47.1238898,3.224171428,3.852780087,3,1,NA,NA,NA,F
2022,15,5718,drought,NA,10,6,1,1,1,1,47.1238898,95.03317777,3.852780087,4.55422607,1,3,NA,NA,NA,F
2023,15,5718,drought,NA,11,11,1,NA,1,NA,95.03317777,NA,4.55422607,NA,3,NA,NA,NA,NA,F
2021,11,5719,control,1,14,10,1,1,1,0,109.9557429,214.4136986,4.700077947,5.36790732,4,0,NA,NA,NA,F
2022,11,5719,control,NA,21,13,1,1,0,1,214.4136986,175.9291886,5.36790732,5.170081577,0,5,NA,NA,NA,V
2023,11,5719,control,NA,16,14,1,NA,1,NA,175.9291886,NA,5.170081577,NA,5,NA,NA,NA,NA,F
2016,2,572,control,NA,NA,NA,1,1,1,0,NA,78.53981634,NA,4.363605711,4,0,NA,NA,NA,F
2017,2,572,control,NA,12.5,8,1,1,0,1,78.53981634,51.05088062,4.363605711,3.932822795,0,5,NA,NA,NA,V
2018,2,572,control,NA,13,5,1,1,1,0,51.05088062,23.36559536,3.932822795,3.151264657,5,0,NA,NA,NA,F
2019,2,572,control,NA,8.5,3.5,1,NA,0,NA,23.36559536,NA,3.151264657,NA,0,0,NA,NA,NA,V
2020,2,572,control,NA,NA,NA,NA,0,NA,0,NA,NA,NA,NA,0,0,NA,NA,NA,NA
2021,2,572,control,NA,NA,NA,0,0,0,0,NA,NA,NA,NA,0,0,NA,NA,NA,dead
2022,2,572,control,NA,NA,NA,0,NA,0,NA,NA,NA,NA,NA,0,NA,NA,NA,NA,dead
2021,11,5720,control,1,11,4,1,1,1,0,34.55751919,53.40707511,3.542625159,3.97794323,2,0,NA,NA,NA,F
2022,11,5720,control,NA,17,4,1,1,0,1,53.40707511,84.82300165,3.97794323,4.440566752,0,3,NA,NA,NA,V
2023,11,5720,control,NA,12,9,1,NA,1,NA,84.82300165,NA,4.440566752,NA,3,NA,NA,NA,NA,F
2021,11,5721,control,1,14,10,1,1,1,1,109.9557429,200.2765317,4.700077947,5.29969907,3,5,NA,NA,NA,F
2022,11,5721,control,NA,17,15,1,1,1,1,200.2765317,109.9557429,5.29969907,4.700077947,5,7,NA,NA,NA,F
2023,11,5721,control,NA,14,10,1,NA,1,NA,109.9557429,NA,4.700077947,NA,7,NA,NA,NA,NA,F
2021,2,5722,control,1,9,4,1,1,1,0,28.27433388,39.26990817,3.341954463,3.67045853,2,0,NA,NA,NA,F
2022,2,5722,control,NA,10,5,1,1,0,1,39.26990817,35.34291735,3.67045853,3.565098014,0,1,NA,NA,NA,V
2023,2,5722,control,NA,9,5,1,NA,1,NA,35.34291735,NA,3.565098014,NA,1,NA,NA,NA,NA,F
2021,2,5723,control,1,9.5,5,1,1,1,0,37.30641276,22.38384766,3.619165236,3.108339612,2,0,NA,NA,NA,F
2022,2,5723,control,NA,9.5,3,1,1,0,0,22.38384766,56.54866776,3.108339612,4.035101644,0,0,NA,NA,NA,V
2023,2,5723,control,NA,9,8,1,NA,0,NA,56.54866776,NA,4.035101644,NA,0,NA,NA,NA,NA,V
2021,5,5724,drought,1,7.5,4,1,1,1,0,23.5619449,76.96902001,3.159632906,4.343403003,4,0,NA,NA,NA,F
2022,5,5724,drought,NA,14,7,1,1,0,1,76.96902001,32.98672286,4.343403003,3.496105143,0,3,NA,NA,NA,V
2023,5,5724,drought,NA,7,6,1,NA,1,NA,32.98672286,NA,3.496105143,NA,3,NA,NA,NA,NA,F
2021,6,5725,irrigated,1,9,5,1,1,1,0,35.34291735,36.12831552,3.565098014,3.587076921,6,0,64,NA,10,F
2022,6,5725,irrigated,NA,11.5,4,1,1,0,0,36.12831552,76.96902001,3.587076921,4.343403003,0,0,NA,NA,NA,V
2023,6,5725,irrigated,NA,14,7,1,NA,0,NA,76.96902001,NA,4.343403003,NA,0,NA,NA,NA,NA,V
2021,7,5726,drought,1,8,7,1,1,1,0,43.98229715,75.39822369,3.783787215,4.322783716,4,0,NA,NA,NA,F
2022,7,5726,drought,NA,16,6,1,1,0,0,75.39822369,113.0973355,4.322783716,4.728248824,0,0,NA,NA,NA,V
2023,7,5726,drought,NA,16,9,1,NA,0,NA,113.0973355,NA,4.728248824,NA,0,NA,NA,NA,NA,V
2021,7,5727,drought,1,12,9,1,1,1,0,84.82300165,160.2212253,4.440566752,5.076555519,4,0,NA,NA,NA,F
2022,7,5727,drought,NA,17,12,1,1,0,0,160.2212253,198.7057353,5.076555519,5.291825013,0,0,NA,NA,NA,V
2023,7,5727,drought,NA,23,11,1,NA,0,NA,198.7057353,NA,5.291825013,NA,0,NA,NA,NA,NA,V
2021,7,5728,drought,1,14,9,1,1,1,1,98.96016859,109.9557429,4.594717432,4.700077947,5,3,7,NA,1,F
2022,7,5728,drought,NA,14,10,1,1,1,0,109.9557429,98.96016859,4.700077947,4.594717432,3,0,NA,NA,NA,F
2023,7,5728,drought,NA,18,7,1,NA,0,NA,98.96016859,NA,4.594717432,NA,0,NA,NA,NA,NA,V
2021,7,5729,drought,1,7,6,1,0,1,0,32.98672286,NA,3.496105143,NA,3,0,NA,NA,NA,F
2022,7,5729,drought,NA,NA,NA,0,0,0,0,NA,NA,NA,NA,0,0,NA,NA,NA,dead
2023,7,5729,drought,NA,NA,NA,0,NA,0,NA,NA,NA,NA,NA,0,NA,NA,NA,NA,dead
2016,1,573,irrigated,NA,NA,NA,1,1,1,1,NA,138.2300768,NA,4.92891952,5,5,NA,NA,NA,F
2017,1,573,irrigated,NA,16,11,1,1,1,1,138.2300768,103.476208,4.92891952,4.639341712,5,5,NA,NA,NA,F
2018,1,573,irrigated,NA,15.5,8.5,1,1,1,0,103.476208,77.75441818,4.639341712,4.353555375,5,0,NA,NA,NA,F
2019,1,573,irrigated,NA,11,9,1,1,0,1,77.75441818,45.35674394,4.353555375,3.814558874,0,1,NA,NA,NA,V
2020,1,573,irrigated,NA,10.5,5.5,1,1,1,1,45.35674394,95.03317777,3.814558874,4.55422607,1,4,NA,NA,NA,F
2021,1,573,irrigated,1,11,11,1,1,1,1,95.03317777,23.5619449,4.55422607,3.159632906,4,0,NA,0,NA,F
2022,1,573,irrigated,NA,12,2.5,1,NA,1,NA,23.5619449,NA,3.159632906,NA,0,0,0,NA,NA,F
2023,1,573,irrigated,NA,NA,NA,NA,NA,NA,NA,NA,NA,NA,NA,0,NA,NA,NA,NA,NA
2021,7,5730,drought,1,7,4,1,0,1,0,21.99114858,NA,3.090640035,NA,2,0,NA,NA,NA,F
2022,7,5730,drought,NA,NA,NA,0,0,0,0,NA,NA,NA,NA,0,0,NA,NA,NA,dead
2023,7,5730,drought,NA,NA,NA,0,NA,0,NA,NA,NA,NA,NA,0,NA,NA,NA,NA,dead
2021,7,5731,drought,1,8,5,1,1,1,0,31.41592654,49.48008429,3.447314979,3.901570251,3,0,NA,NA,NA,F
2022,7,5731,drought,NA,18,3.5,1,1,0,0,49.48008429,43.98229715,3.901570251,3.783787215,0,0,NA,NA,NA,V
2023,7,5731,drought,NA,14,4,1,NA,0,NA,43.98229715,NA,3.783787215,NA,0,NA,NA,NA,NA,V
2021,7,5732,drought,1,10,4,1,1,1,0,31.41592654,109.9557429,3.447314979,4.700077947,2,0,NA,NA,NA,F
2022,7,5732,drought,NA,14,10,1,NA,0,NA,109.9557429,NA,4.700077947,NA,0,0,NA,NA,NA,V
2023,7,5732,drought,NA,NA,NA,NA,NA,NA,NA,NA,NA,NA,NA,0,NA,NA,NA,NA,NA
2021,7,5733,drought,1,12,11,1,1,1,0,103.6725576,183.7831702,4.641237447,5.21375664,3,0,5,NA,1,F
2022,7,5733,drought,NA,18,13,1,1,0,0,183.7831702,49.48008429,5.21375664,3.901570251,0,0,NA,NA,NA,V
2023,7,5733,drought,NA,14,4.5,1,NA,0,NA,49.48008429,NA,3.901570251,NA,0,NA,NA,NA,NA,V
2021,7,5734,drought,1,12,7,1,1,1,0,65.97344573,86.39379797,4.189252324,4.458915891,4,0,NA,NA,NA,F
2022,7,5734,drought,NA,22,5,1,1,0,0,86.39379797,146.8694566,4.458915891,4.989544142,0,0,NA,NA,NA,V
2023,7,5734,drought,NA,17,11,1,NA,0,NA,146.8694566,NA,4.989544142,NA,0,NA,NA,NA,NA,V
2021,7,5735,drought,1,13,7,1,1,1,1,71.47123287,129.590697,4.269295031,4.864380999,4,5,30,NA,7,F
2022,7,5735,drought,NA,15,11,1,1,1,0,129.590697,117.8097245,4.864380999,4.769070819,5,0,NA,NA,NA,F
2023,7,5735,drought,NA,15,10,1,NA,0,NA,117.8097245,NA,4.769070819,NA,0,NA,NA,NA,NA,V
2021,7,5736,drought,1,13,12,1,1,1,0,122.5221135,69.11503838,4.808291532,4.235772339,3,0,11,NA,3,F
2022,7,5736,drought,NA,11,8,1,1,0,0,69.11503838,58.90486225,4.235772339,4.075923638,0,0,NA,NA,NA,V
2023,7,5736,drought,NA,15,5,1,NA,0,NA,58.90486225,NA,4.075923638,NA,0,NA,NA,NA,NA,V
2021,8,5737,control,1,12,6,1,1,1,1,56.54866776,91.89158512,4.035101644,4.52060946,4,0,28,NA,7,F
2022,8,5737,control,NA,13,9,1,1,1,0,91.89158512,43.98229715,4.52060946,3.783787215,0,0,NA,NA,NA,F
2023,8,5737,control,NA,14,4,1,NA,0,NA,43.98229715,NA,3.783787215,NA,0,NA,NA,NA,NA,V
2021,8,5738,control,1,13,4,1,1,1,0,40.8407045,84.82300165,3.709679243,4.440566752,3,0,NA,NA,NA,F
2022,8,5738,control,NA,12,9,1,1,0,1,84.82300165,43.98229715,4.440566752,3.783787215,0,3,NA,NA,NA,V
2023,8,5738,control,NA,14,4,1,NA,1,NA,43.98229715,NA,3.783787215,NA,3,NA,NA,NA,NA,F
2021,9,5739,irrigated,1,11,10,1,1,1,0,86.39379797,87.9645943,4.458915891,4.476934396,3,0,49,NA,16,F
2022,9,5739,irrigated,NA,14,8,1,1,0,1,87.9645943,98.96016859,4.476934396,4.594717432,0,3,NA,NA,NA,V
2023,9,5739,irrigated,NA,14,9,1,NA,1,NA,98.96016859,NA,4.594717432,NA,3,NA,NA,NA,NA,F
2021,9,5740,irrigated,1,8,6,1,1,1,0,37.69911184,65.97344573,3.629636536,4.189252324,2,0,22,NA,11,F
2022,9,5740,irrigated,NA,12,7,1,1,0,0,65.97344573,67.15154297,4.189252324,4.206951901,0,0,NA,NA,NA,V
2023,9,5740,irrigated,NA,9,9.5,1,NA,0,NA,67.15154297,NA,4.206951901,NA,0,NA,NA,NA,NA,V
2021,9,5741,irrigated,1,18,7,1,1,1,1,98.96016859,109.9557429,4.594717432,4.700077947,5,5,11,NA,2,F
2022,9,5741,irrigated,NA,14,10,1,1,1,1,109.9557429,142.9424657,4.700077947,4.962442212,5,7,NA,NA,NA,F
2023,9,5741,irrigated,NA,14,13,1,NA,1,NA,142.9424657,NA,4.962442212,NA,7,NA,NA,NA,NA,F
2021,9,5742,irrigated,1,10,8,1,1,1,1,62.83185307,102.1017612,4.140462159,4.625969975,4,5,33,NA,8,F
2022,9,5742,irrigated,NA,13,10,1,1,1,0,102.1017612,275.6747554,4.625969975,5.619221748,5,0,NA,NA,NA,F
2023,9,5742,irrigated,NA,19.5,18,1,NA,0,NA,275.6747554,NA,5.619221748,NA,0,NA,NA,NA,NA,V
2021,9,5743,irrigated,1,10,9,1,1,1,1,70.68583471,57.72676501,4.258245195,4.055720931,3,4,20,NA,6,F
2022,9,5743,irrigated,NA,10.5,7,1,1,1,0,57.72676501,75.39822369,4.055720931,4.322783716,4,0,NA,NA,NA,F
2023,9,5743,irrigated,NA,12,8,1,NA,0,NA,75.39822369,NA,4.322783716,NA,0,NA,NA,NA,NA,V
2021,9,5744,irrigated,1,14.5,12,1,1,1,0,136.6592804,96.99667318,4.917490824,4.574676681,5,0,20,NA,4,F
2022,9,5744,irrigated,NA,13,9.5,1,1,0,1,96.99667318,226.9800692,4.574676681,5.424862213,0,4,NA,NA,NA,V
2023,9,5744,irrigated,NA,17,17,1,NA,1,NA,226.9800692,NA,5.424862213,NA,4,NA,NA,NA,NA,F
2021,9,5745,irrigated,1,12.5,12,1,1,1,1,117.8097245,113.0973355,4.769070819,4.728248824,6,10,NA,NA,NA,F
2022,9,5745,irrigated,NA,16,9,1,1,1,1,113.0973355,137.4446786,4.728248824,4.923221499,10,8,NA,NA,NA,F
2023,9,5745,irrigated,NA,14,12.5,1,NA,1,NA,137.4446786,NA,4.923221499,NA,8,NA,NA,NA,NA,F
2021,9,5746,irrigated,1,13,15,1,1,1,1,153.1526419,120.165919,5.031435083,4.788873446,7,4,100,NA,20,F
2022,9,5746,irrigated,NA,17,9,1,1,1,1,120.165919,214.4136986,4.788873446,5.36790732,4,6,NA,NA,NA,F
2023,9,5746,irrigated,NA,21,13,1,NA,1,NA,214.4136986,NA,5.36790732,NA,6,NA,NA,NA,NA,F
2021,11,5747,control,1,10,9,1,1,1,0,70.68583471,39.26990817,4.258245195,3.67045853,3,0,NA,NA,NA,F
2022,11,5747,control,NA,10,5,1,1,0,1,39.26990817,51.05088062,3.67045853,3.932822795,0,3,NA,0,NA,V
2023,11,5747,control,NA,13,5,1,NA,1,NA,51.05088062,NA,3.932822795,NA,3,NA,0,NA,0,F
2021,12,5748,irrigated,1,5,4,1,1,1,1,15.70796327,31.41592654,2.754167798,3.447314979,2,2,NA,33,NA,F
2022,12,5748,irrigated,NA,10,4,1,1,1,0,31.41592654,65.97344573,3.447314979,4.189252324,2,0,33,NA,16,F
2023,12,5748,irrigated,NA,12,7,1,NA,0,NA,65.97344573,NA,4.189252324,NA,0,NA,NA,NA,NA,V
2021,13,5749,control,1,9,8,1,1,1,1,56.54866776,52.22897787,4.035101644,3.955637472,2,3,NA,0,NA,F
2022,13,5749,control,NA,9.5,7,1,1,1,1,52.22897787,24.74004215,3.955637472,3.208423071,3,3,0,0,0,F
2023,13,5749,control,NA,9,3.5,1,NA,1,NA,24.74004215,NA,3.208423071,NA,3,NA,0,NA,0,F
2017,3,575,control,NA,9.5,5.5,1,1,0,1,41.03705404,65.97344573,3.714475416,4.189252324,0,4,NA,NA,NA,V
2018,3,575,control,NA,12,7,1,1,1,0,65.97344573,31.41592654,4.189252324,3.447314979,4,0,NA,NA,NA,F
2019,3,575,control,NA,8,5,1,NA,0,NA,31.41592654,NA,3.447314979,NA,0,0,NA,NA,NA,V
2020,3,575,control,NA,NA,NA,NA,1,NA,0,NA,15.11891465,NA,2.715946585,0,0,NA,NA,NA,NA
2021,3,575,control,NA,5.5,3.5,1,1,0,0,15.11891465,11.78097245,2.715946585,2.466485726,0,0,NA,NA,NA,V
2022,3,575,control,NA,5,3,1,1,0,0,11.78097245,102.4944603,2.466485726,4.629808751,0,0,NA,NA,NA,V
2023,3,575,control,NA,14.5,9,1,NA,0,NA,102.4944603,NA,4.629808751,NA,0,NA,NA,NA,NA,V
2021,13,5750,control,1,9,6,1,1,1,1,42.41150082,90.71348787,3.747419571,4.507706055,3,6,NA,107,NA,F
2022,13,5750,control,NA,11,10.5,1,1,1,1,90.71348787,49.48008429,4.507706055,3.901570251,6,4,107,NA,17,F
2023,13,5750,control,NA,9,7,1,NA,1,NA,49.48008429,NA,3.901570251,NA,4,NA,NA,NA,NA,F
2021,13,5751,control,1,10.5,9.5,1,1,1,1,78.3434668,69.11503838,4.36110258,4.235772339,4,4,23,14,5,F
2022,13,5751,control,NA,11,8,1,1,1,0,69.11503838,70.68583471,4.235772339,4.258245195,4,0,14,NA,3,F
2023,13,5751,control,NA,12,7.5,1,NA,0,NA,70.68583471,NA,4.258245195,NA,0,NA,NA,NA,NA,V
2021,13,5752,control,1,10.5,10,1,1,1,1,82.46680716,107.2068493,4.412395875,4.674760139,4,1,144,NA,36,F
2022,13,5752,control,NA,13,10.5,1,1,1,1,107.2068493,71.47123287,4.674760139,4.269295031,1,3,NA,NA,NA,F
2023,13,5752,control,NA,13,7,1,NA,1,NA,71.47123287,NA,4.269295031,NA,3,NA,NA,NA,NA,F
2021,14,5753,drought,1,9.5,8,1,1,1,1,59.69026042,175.9291886,4.089168865,5.170081577,4,0,NA,0,NA,F
2022,14,5753,drought,NA,16,14,1,1,1,1,175.9291886,138.2300768,5.170081577,4.92891952,0,6,0,NA,NA,F
2023,14,5753,drought,NA,16,11,1,NA,1,NA,138.2300768,NA,4.92891952,NA,6,NA,NA,NA,NA,F
2021,14,5754,drought,1,14,5.5,1,1,1,1,60.47565858,75.39822369,4.102240947,4.322783716,2,0,19,NA,9,F
2022,14,5754,drought,NA,12,8,1,1,1,0,75.39822369,28.27433388,4.322783716,3.341954463,0,0,NA,NA,NA,F
2023,14,5754,drought,NA,9,4,1,NA,0,NA,28.27433388,NA,3.341954463,NA,0,NA,NA,NA,NA,V
2021,1,5755,irrigated,1,11,4,1,1,1,0,34.55751919,132.7322896,3.542625159,4.88833424,3,0,NA,NA,NA,F
2022,1,5755,irrigated,NA,13,13,1,1,0,1,132.7322896,113.0973355,4.88833424,4.728248824,0,6,NA,NA,NA,V
2023,1,5755,irrigated,NA,12,12,1,NA,1,NA,113.0973355,NA,4.728248824,NA,6,NA,NA,NA,NA,F
2021,1,5756,irrigated,1,9,6,1,1,1,0,42.41150082,84.82300165,3.747419571,4.440566752,3,0,NA,NA,NA,F
2022,1,5756,irrigated,NA,12,9,1,1,0,1,84.82300165,65.97344573,4.440566752,4.189252324,0,6,NA,94,NA,V
2023,1,5756,irrigated,NA,14,6,1,NA,1,NA,65.97344573,NA,4.189252324,NA,6,NA,94,NA,15,F
2021,1,5757,irrigated,1,8,6,1,0,1,0,37.69911184,NA,3.629636536,NA,4,0,NA,NA,NA,F
2022,1,5757,irrigated,NA,NA,NA,0,0,0,0,NA,NA,NA,NA,0,0,NA,NA,NA,dead
2023,1,5757,irrigated,NA,NA,NA,0,NA,0,NA,NA,NA,NA,NA,0,NA,NA,NA,NA,dead
2021,1,5758,irrigated,1,9,7,1,1,1,0,49.48008429,47.1238898,3.901570251,3.852780087,2,0,NA,NA,NA,F
2022,1,5758,irrigated,NA,10,6,1,1,0,1,47.1238898,74.61282552,3.852780087,4.312312416,0,3,NA,49,NA,V
2023,1,5758,irrigated,NA,10,9.5,1,NA,1,NA,74.61282552,NA,4.312312416,NA,3,NA,49,NA,16,F
2021,1,5759,irrigated,1,8,7,1,1,1,1,43.98229715,49.48008429,3.783787215,3.901570251,3,2,16,NA,5,F
2022,1,5759,irrigated,NA,9,7,1,1,1,1,49.48008429,91.89158512,3.901570251,4.52060946,2,5,NA,NA,NA,F
2023,1,5759,irrigated,NA,13,9,1,NA,1,NA,91.89158512,NA,4.52060946,NA,5,NA,NA,NA,NA,F
2017,1,576,irrigated,NA,6,3,1,1,0,0,14.13716694,18.84955592,2.648807283,2.936489355,0,0,NA,NA,NA,V
2018,1,576,irrigated,NA,6,4,1,1,0,0,18.84955592,23.5619449,2.936489355,3.159632906,0,0,NA,NA,NA,V
2019,1,576,irrigated,NA,7.5,4,1,0,0,0,23.5619449,NA,3.159632906,NA,0,0,NA,NA,NA,V
2020,1,576,irrigated,NA,NA,NA,0,0,0,0,NA,NA,NA,NA,0,0,NA,NA,NA,dead
2021,1,576,irrigated,NA,NA,NA,0,0,0,0,NA,NA,NA,NA,0,0,NA,NA,NA,dead
2022,1,576,irrigated,NA,NA,NA,0,NA,0,NA,NA,NA,NA,NA,0,NA,NA,NA,NA,dead
2021,1,5760,irrigated,1,9,9,1,1,1,1,63.61725124,63.61725124,4.152884679,4.152884679,2,3,21,NA,10,F
2022,1,5760,irrigated,NA,9,9,1,1,1,1,63.61725124,100.7273145,4.152884679,4.612417009,3,2,NA,NA,NA,F
2023,1,5760,irrigated,NA,13.5,9.5,1,NA,1,NA,100.7273145,NA,4.612417009,NA,2,NA,NA,NA,NA,F
2021,5,5761,drought,1,10,9,1,1,1,0,70.68583471,219.9114858,4.258245195,5.393225128,2,0,NA,NA,NA,F
2022,5,5761,drought,NA,17.5,16,1,1,0,1,219.9114858,106.8141502,5.393225128,4.67109041,0,3,NA,NA,NA,V
2023,5,5761,drought,NA,17,8,1,NA,1,NA,106.8141502,NA,4.67109041,NA,3,NA,NA,NA,NA,F
2021,5,5762,drought,1,8,7,1,1,1,0,43.98229715,47.1238898,3.783787215,3.852780087,3,0,0,NA,0,F
2022,5,5762,drought,NA,12,5,1,1,0,0,47.1238898,91.89158512,3.852780087,4.52060946,0,0,NA,NA,NA,V
2023,5,5762,drought,NA,13,9,1,NA,0,NA,91.89158512,NA,4.52060946,NA,0,NA,NA,NA,NA,V
2021,8,5763,control,1,10,7,1,1,1,0,54.97787144,235.619449,4.006930767,5.462217999,2,0,NA,NA,NA,F
2022,8,5763,control,NA,20,15,1,1,0,0,235.619449,208.9159115,5.462217999,5.341931834,0,0,NA,NA,NA,V
2023,8,5763,control,NA,19,14,1,NA,0,NA,208.9159115,NA,5.341931834,NA,0,NA,NA,NA,NA,V
2021,8,5764,control,1,11,10,1,1,1,1,86.39379797,240.5281875,4.458915891,5.482837287,3,3,NA,NA,NA,F
2022,8,5764,control,NA,17.5,17.5,1,1,1,0,240.5281875,208.9159115,5.482837287,5.341931834,3,0,NA,NA,NA,F
2023,8,5764,control,NA,19,14,1,NA,0,NA,208.9159115,NA,5.341931834,NA,0,NA,NA,NA,NA,V
2021,8,5765,control,1,11,8,1,1,1,1,69.11503838,313.3738672,4.235772339,5.747396942,5,3,NA,NA,NA,F
2022,8,5765,control,NA,19,21,1,1,1,0,313.3738672,153.1526419,5.747396942,5.031435083,3,0,NA,NA,NA,F
2023,8,5765,control,NA,15,13,1,NA,0,NA,153.1526419,NA,5.031435083,NA,0,NA,NA,NA,NA,V
2021,8,5766,control,1,8,6,1,1,1,0,37.69911184,87.9645943,3.629636536,4.476934396,3,0,NA,NA,NA,F
2022,8,5766,control,NA,14,8,1,1,0,1,87.9645943,169.6460033,4.476934396,5.133713932,0,3,NA,NA,NA,V
2023,8,5766,control,NA,16,13.5,1,NA,1,NA,169.6460033,NA,5.133713932,NA,3,NA,NA,NA,NA,F
2021,8,5767,control,1,10,9,1,1,1,1,70.68583471,93.46238144,4.258245195,4.537559018,6,3,40,NA,10,F
2022,8,5767,control,NA,14,8.5,1,1,1,1,93.46238144,113.0973355,4.537559018,4.728248824,3,4,NA,NA,NA,F
2023,8,5767,control,NA,18,8,1,NA,1,NA,113.0973355,NA,4.728248824,NA,4,NA,NA,NA,NA,F
2021,6,5768,irrigated,1,9,8,1,1,1,0,56.54866776,71.47123287,4.035101644,4.269295031,5,0,31,NA,6,F
2022,6,5768,irrigated,NA,13,7,1,1,0,1,71.47123287,62.83185307,4.269295031,4.140462159,0,5,NA,0,NA,V
2023,6,5768,irrigated,NA,10,8,1,NA,1,NA,62.83185307,NA,4.140462159,NA,5,NA,0,NA,0,F
2021,6,5769,irrigated,1,12,6,1,1,1,0,56.54866776,69.11503838,4.035101644,4.235772339,5,0,61,NA,12,F
2022,6,5769,irrigated,NA,11,8,1,1,0,1,69.11503838,19.242255,4.235772339,2.957108642,0,5,NA,0,NA,V
2023,6,5769,irrigated,NA,7,3.5,1,NA,1,NA,19.242255,NA,2.957108642,NA,5,NA,0,NA,0,F
2016,1,577,irrigated,NA,NA,NA,1,1,1,0,NA,48.49833659,NA,3.8815295,5,0,NA,NA,NA,F
2017,1,577,irrigated,NA,9.5,6.5,1,1,0,1,48.49833659,30.23782929,3.8815295,3.409093766,0,0,NA,NA,NA,V
2018,1,577,irrigated,NA,7,5.5,1,1,1,0,30.23782929,NA,3.409093766,NA,0,0,NA,NA,NA,F
2019,1,577,irrigated,NA,NA,NA,1,NA,0,NA,NA,NA,NA,NA,0,0,NA,NA,NA,dormant
2020,1,577,irrigated,NA,NA,NA,NA,1,NA,0,NA,15.70796327,NA,2.754167798,0,0,NA,NA,NA,NA
2021,1,577,irrigated,NA,8,2.5,1,1,0,0,15.70796327,61.26105675,2.754167798,4.115144351,0,0,NA,NA,NA,V
2022,1,577,irrigated,NA,13,6,1,1,0,1,61.26105675,51.05088062,4.115144351,3.932822795,0,5,NA,87,NA,V
2023,1,577,irrigated,NA,10,6.5,1,NA,1,NA,51.05088062,NA,3.932822795,NA,5,NA,87,NA,17,F
2021,6,5770,irrigated,1,9,6,1,1,1,0,42.41150082,27.48893572,3.747419571,3.313783586,5,0,14,NA,2,F
2022,6,5770,irrigated,NA,5,7,1,0,0,0,27.48893572,NA,3.313783586,NA,0,0,NA,NA,NA,V
2023,6,5770,irrigated,NA,NA,NA,0,NA,0,NA,NA,NA,NA,NA,0,NA,NA,NA,NA,U
2021,8,5771,control,1,10,6,1,1,1,0,47.1238898,122.5221135,3.852780087,4.808291532,3,0,NA,NA,NA,F
2022,8,5771,control,NA,26,6,1,1,0,1,122.5221135,186.9247629,4.808291532,5.230706198,0,4,NA,NA,NA,V
2023,8,5771,control,NA,17,14,1,NA,1,NA,186.9247629,NA,5.230706198,NA,4,NA,NA,NA,NA,F
2021,13,5772,control,1,8,3.5,1,1,1,0,21.99114858,90.32078879,3.090640035,4.503367653,2,0,NA,NA,NA,F
2022,13,5772,control,NA,11.5,10,1,1,0,1,90.32078879,94.24777961,4.503367653,4.545927268,0,0,NA,NA,NA,V
2023,13,5772,control,NA,12,10,1,NA,1,NA,94.24777961,NA,4.545927268,NA,0,NA,NA,NA,NA,F
2021,15,5773,drought,1,12,5,1,1,1,0,47.1238898,82.07410808,3.852780087,4.407622596,2,0,14,NA,7,F
2022,15,5773,drought,NA,11,9.5,1,1,0,1,82.07410808,86.39379797,4.407622596,4.458915891,0,3,NA,NA,NA,V
2023,15,5773,drought,NA,11,10,1,NA,1,NA,86.39379797,NA,4.458915891,NA,3,NA,NA,NA,NA,F
2021,1,5774,irrigated,1,11,6,1,1,1,1,51.83627878,56.54866776,3.948090267,4.035101644,3,5,43,34,14,F
2022,1,5774,irrigated,NA,12,6,1,1,1,0,56.54866776,70.68583471,4.035101644,4.258245195,5,1,34,NA,6,F
2023,1,5774,irrigated,NA,10,9,1,NA,0,NA,70.68583471,NA,4.258245195,NA,1,NA,NA,NA,NA,V
2017,1,578,irrigated,NA,8,6,1,1,0,1,37.69911184,37.30641276,3.629636536,3.619165236,0,4,NA,NA,NA,V
2018,1,578,irrigated,NA,9.5,5,1,1,1,0,37.30641276,54.97787144,3.619165236,4.006930767,4,0,NA,NA,NA,F
2019,1,578,irrigated,NA,10,7,1,1,0,0,54.97787144,46.73119072,4.006930767,3.844411837,0,0,NA,NA,NA,V
2020,1,578,irrigated,NA,8.5,7,1,1,0,1,46.73119072,113.0973355,3.844411837,4.728248824,0,3,NA,NA,NA,V
2021,1,578,irrigated,1,12,12,1,1,1,0,113.0973355,75.39822369,4.728248824,4.322783716,3,0,NA,NA,NA,F
2022,1,578,irrigated,NA,12,8,1,1,0,0,75.39822369,16.49336143,4.322783716,2.802957962,0,0,NA,NA,NA,V
2023,1,578,irrigated,NA,7,3,1,NA,0,NA,16.49336143,NA,2.802957962,NA,0,NA,NA,NA,NA,V
2016,6,579,irrigated,NA,NA,NA,1,1,1,0,NA,47.1238898,NA,3.852780087,6,0,NA,NA,NA,F
2017,6,579,irrigated,NA,10,6,1,0,0,NA,47.1238898,NA,3.852780087,NA,0,0,NA,NA,NA,V
2018,6,579,irrigated,NA,NA,NA,0,0,NA,0,NA,NA,NA,NA,0,0,NA,NA,NA,dead
2019,6,579,irrigated,NA,NA,NA,0,0,0,NA,NA,NA,NA,NA,0,0,NA,NA,NA,dead
2020,6,579,irrigated,NA,NA,NA,0,0,NA,0,NA,NA,NA,NA,0,0,NA,NA,NA,dead
2021,6,579,irrigated,NA,NA,NA,0,0,0,NA,NA,NA,NA,NA,0,0,NA,NA,NA,dead
2022,6,579,irrigated,NA,NA,NA,0,0,NA,NA,NA,NA,NA,NA,0,0,NA,NA,NA,dead
2023,6,579,irrigated,NA,NA,NA,0,NA,NA,NA,NA,NA,NA,NA,0,NA,NA,NA,NA,dead
2021,13,5799,control,NA,4.5,3,1,1,0,0,10.60287521,25.13274123,2.36112521,3.224171428,0,0,NA,NA,NA,V
2022,13,5799,control,NA,8,4,1,1,0,1,25.13274123,47.1238898,3.224171428,3.852780087,0,2,NA,30,NA,V
2023,13,5799,control,NA,10,6,1,NA,1,NA,47.1238898,NA,3.852780087,NA,2,NA,30,NA,15,F
2017,2,58,control,NA,11,2.5,1,1,1,0,21.59844949,67.15154297,3.072621529,4.206951901,3,0,NA,NA,NA,F
2018,2,58,control,NA,9,9.5,1,1,0,1,67.15154297,37.69911184,4.206951901,3.629636536,0,2,NA,NA,NA,V
2019,2,58,control,NA,8,6,1,1,1,0,37.69911184,9.424777961,3.629636536,2.243342175,2,0,NA,NA,NA,F
2020,2,58,control,NA,4,3,1,1,0,0,9.424777961,27.48893572,2.243342175,3.313783586,0,0,NA,NA,NA,V
2021,2,58,control,NA,7,5,1,1,0,1,27.48893572,47.1238898,3.313783586,3.852780087,0,4,NA,0,NA,V
2022,2,58,control,NA,10,6,1,1,1,1,47.1238898,42.41150082,3.852780087,3.747419571,4,3,0,27,0,F
2023,2,58,control,NA,9,6,1,NA,1,NA,42.41150082,NA,3.747419571,NA,3,NA,27,NA,9,F
2016,2,580,control,NA,NA,NA,1,1,1,0,NA,87.9645943,NA,4.476934396,3,0,NA,NA,NA,F
2017,2,580,control,NA,16,7,1,1,0,0,87.9645943,373.0641276,4.476934396,5.921750329,0,0,NA,NA,NA,V
2018,2,580,control,NA,25,19,1,1,0,1,373.0641276,38.87720909,5.921750329,3.660408194,0,5,NA,NA,NA,V
2019,2,580,control,NA,9,5.5,1,0,1,0,38.87720909,NA,3.660408194,NA,5,0,NA,NA,NA,F
2020,2,580,control,NA,NA,NA,0,0,0,0,NA,NA,NA,NA,0,0,NA,NA,NA,dead
2021,2,580,control,NA,NA,NA,0,0,0,0,NA,NA,NA,NA,0,0,NA,NA,NA,dead
2022,2,580,control,NA,NA,NA,0,NA,0,NA,NA,NA,NA,NA,0,NA,NA,NA,NA,dead
2021,13,5800,control,NA,6,2,1,1,0,0,9.424777961,25.52544031,2.243342175,3.239675614,0,0,NA,NA,NA,V
2022,13,5800,control,NA,6.5,5,1,1,0,0,25.52544031,31.41592654,3.239675614,3.447314979,0,0,NA,NA,NA,V
2023,13,5800,control,NA,10,4,1,NA,0,NA,31.41592654,NA,3.447314979,NA,0,NA,NA,NA,NA,V
2017,1,581,irrigated,NA,10,4,1,1,0,0,31.41592654,NA,3.447314979,NA,0,0,NA,NA,NA,V
2018,1,581,irrigated,NA,NA,NA,1,1,0,0,NA,21.20575041,NA,3.054272391,0,0,NA,NA,NA,dormant
2019,1,581,irrigated,NA,6,4.5,1,NA,0,NA,21.20575041,NA,3.054272391,NA,0,0,NA,NA,NA,V
2020,1,581,irrigated,NA,NA,NA,NA,0,NA,NA,NA,NA,NA,NA,0,0,NA,NA,NA,NA
2021,1,581,irrigated,NA,NA,NA,0,0,NA,NA,NA,NA,NA,NA,0,0,NA,NA,NA,dead
2022,1,581,irrigated,NA,NA,NA,0,0,NA,0,NA,NA,NA,NA,0,0,NA,NA,NA,dead
2023,1,581,irrigated,NA,NA,NA,0,NA,0,NA,NA,NA,NA,NA,0,NA,NA,NA,NA,dead
2017,1,582,irrigated,NA,8,2,1,1,0,0,12.56637061,7.853981634,2.531024247,2.061020618,0,0,NA,NA,NA,V
2018,1,582,irrigated,NA,4,2.5,1,1,0,0,7.853981634,4.71238898,2.061020618,1.550194994,0,0,NA,NA,NA,V
2019,1,582,irrigated,NA,3,2,1,0,0,NA,4.71238898,NA,1.550194994,NA,0,0,NA,NA,NA,V
2020,1,582,irrigated,NA,NA,NA,0,0,NA,NA,NA,NA,NA,NA,0,0,NA,NA,NA,dead
2021,1,582,irrigated,NA,NA,NA,0,0,NA,NA,NA,NA,NA,NA,0,0,NA,NA,NA,dead
2022,1,582,irrigated,NA,NA,NA,0,0,NA,NA,NA,NA,NA,NA,0,0,NA,NA,NA,dead
2023,1,582,irrigated,NA,NA,NA,0,NA,NA,NA,NA,NA,NA,NA,0,NA,NA,NA,NA,dead
2016,7,583,drought,NA,NA,NA,1,1,1,0,NA,113.0973355,NA,4.728248824,6,0,NA,NA,NA,F
2017,7,583,drought,NA,12,12,1,1,0,1,113.0973355,113.0973355,4.728248824,4.728248824,0,5,NA,NA,NA,V
2018,7,583,drought,NA,12,12,1,1,1,1,113.0973355,106.0287521,4.728248824,4.663710303,5,0,NA,NA,NA,F
2019,7,583,drought,NA,13.5,10,1,1,1,0,106.0287521,65.97344573,4.663710303,4.189252324,0,0,NA,NA,NA,F
2020,7,583,drought,NA,12,7,1,1,0,0,65.97344573,23.5619449,4.189252324,3.159632906,0,0,NA,NA,NA,V
2021,7,583,drought,NA,6,5,1,1,0,0,23.5619449,108.188597,3.159632906,4.683875973,0,0,NA,NA,NA,V
2022,7,583,drought,NA,14.5,9.5,1,1,0,0,108.188597,163.362818,4.683875973,5.095973604,0,0,NA,NA,NA,V
2023,7,583,drought,NA,16,13,1,NA,0,NA,163.362818,NA,5.095973604,NA,0,NA,NA,NA,NA,V
2018,1,584,irrigated,NA,5,1,1,1,0,0,3.926990817,25.13274123,1.367873437,3.224171428,0,0,NA,NA,NA,V
2019,1,584,irrigated,NA,8,4,1,1,0,0,25.13274123,7.853981634,3.224171428,2.061020618,0,0,NA,NA,NA,V
2020,1,584,irrigated,NA,5,2,1,0,0,0,7.853981634,NA,2.061020618,NA,0,0,NA,NA,NA,V
2021,1,584,irrigated,NA,NA,NA,0,0,0,0,NA,NA,NA,NA,0,0,NA,NA,NA,dead
2022,1,584,irrigated,NA,NA,NA,0,NA,0,NA,NA,NA,NA,NA,0,NA,NA,NA,NA,dead
2016,3,585,control,NA,NA,NA,1,1,1,1,NA,214.4136986,NA,5.36790732,0,1,NA,NA,NA,F
2017,3,585,control,NA,21,13,1,0,1,0,214.4136986,NA,5.36790732,NA,1,0,NA,NA,NA,F
2018,3,585,control,NA,NA,NA,0,0,0,0,NA,NA,NA,NA,0,0,NA,NA,NA,dead
2019,3,585,control,NA,NA,NA,0,0,0,0,NA,NA,NA,NA,0,0,NA,NA,NA,dead
2020,3,585,control,NA,NA,NA,0,0,0,NA,NA,NA,NA,NA,0,0,NA,NA,NA,dead
2021,3,585,control,NA,NA,NA,0,0,NA,0,NA,NA,NA,NA,0,0,NA,NA,NA,dead
2022,3,585,control,NA,NA,NA,0,NA,0,NA,NA,NA,NA,NA,0,NA,NA,NA,NA,dead
2017,3,588,control,NA,8,7,1,1,0,1,43.98229715,122.5221135,3.783787215,4.808291532,0,5,NA,NA,NA,V
2018,3,588,control,NA,13,12,1,1,1,0,122.5221135,166.8971097,4.808291532,5.117377513,5,0,NA,NA,NA,F
2019,3,588,control,NA,17,12.5,1,1,0,1,166.8971097,51.05088062,5.117377513,3.932822795,0,5,NA,NA,NA,V
2020,3,588,control,NA,10,6.5,1,1,1,1,51.05088062,69.11503838,3.932822795,4.235772339,5,5,NA,NA,NA,F
2021,3,588,control,1,11,8,1,1,1,1,69.11503838,130.7687942,4.235772339,4.873430834,5,7,NA,134,NA,F
2022,3,588,control,NA,18.5,9,1,1,1,1,130.7687942,173.5729941,4.873430834,5.156598226,7,8,134,0,19,F
2023,3,588,control,NA,17,13,1,NA,1,NA,173.5729941,NA,5.156598226,NA,8,NA,0,NA,0,F
2017,3,589,control,NA,14,10,1,1,0,0,109.9557429,179.0707813,4.700077947,5.187781154,0,0,NA,NA,NA,V
2018,3,589,control,NA,19,12,1,1,0,0,179.0707813,NA,5.187781154,NA,0,0,NA,NA,NA,V
2019,3,589,control,NA,NA,NA,1,1,0,0,NA,67.15154297,NA,4.206951901,0,0,NA,NA,NA,dormant
2020,3,589,control,NA,9,9.5,1,1,0,0,67.15154297,15.70796327,4.206951901,2.754167798,0,0,NA,NA,NA,V
2021,3,589,control,NA,8,2.5,1,1,0,0,15.70796327,142.9424657,2.754167798,4.962442212,0,0,NA,NA,NA,V
2022,3,589,control,NA,14,13,1,1,0,0,142.9424657,153.93804,4.962442212,5.036550184,0,0,NA,NA,NA,V
2023,3,589,control,NA,14,14,1,NA,0,NA,153.93804,NA,5.036550184,NA,0,NA,NA,NA,NA,V
2017,3,59,control,NA,5,2.5,1,1,0,0,9.817477042,21.20575041,2.284164169,3.054272391,0,0,NA,NA,NA,V
2018,3,59,control,NA,9,3,1,1,0,0,21.20575041,32.98672286,3.054272391,3.496105143,0,0,NA,NA,NA,V
2019,3,59,control,NA,7,6,1,1,0,0,32.98672286,54.97787144,3.496105143,4.006930767,0,0,NA,NA,NA,V
2020,3,59,control,NA,10,7,1,1,0,1,54.97787144,23.5619449,4.006930767,3.159632906,0,4,NA,NA,NA,V
2021,3,59,control,1,6,5,1,1,1,0,23.5619449,87.9645943,3.159632906,4.476934396,4,0,NA,NA,NA,F
2022,3,59,control,NA,14,8,1,1,0,1,87.9645943,186.9247629,4.476934396,5.230706198,0,7,NA,102,NA,V
2023,3,59,control,NA,17,14,1,NA,1,NA,186.9247629,NA,5.230706198,NA,7,NA,102,NA,14,F
2017,3,590,control,NA,9,5.5,1,1,1,1,38.87720909,59.69026042,3.660408194,4.089168865,2,5,NA,NA,NA,F
2018,3,590,control,NA,9.5,8,1,1,1,0,59.69026042,37.69911184,4.089168865,3.629636536,5,0,NA,NA,NA,F
2019,3,590,control,NA,8,6,1,NA,0,NA,37.69911184,NA,3.629636536,NA,0,0,NA,NA,NA,V
2020,3,590,control,NA,NA,NA,NA,1,NA,0,NA,22.38384766,NA,3.108339612,0,0,NA,NA,NA,NA
2021,3,590,control,NA,9.5,3,1,1,0,0,22.38384766,54.97787144,3.108339612,4.006930767,0,0,NA,NA,NA,V
2022,3,590,control,NA,10,7,1,1,0,1,54.97787144,191.4408023,4.006930767,5.254578635,0,6,NA,41,NA,V
2023,3,590,control,NA,19.5,12.5,1,NA,1,NA,191.4408023,NA,5.254578635,NA,6,NA,41,NA,6,F
2017,3,591,control,NA,6.5,5,1,1,0,0,25.52544031,27.48893572,3.239675614,3.313783586,0,0,NA,NA,NA,V
2018,3,591,control,NA,7,5,1,1,0,0,27.48893572,59.69026042,3.313783586,4.089168865,0,0,NA,NA,NA,V
2019,3,591,control,NA,8,9.5,1,NA,0,NA,59.69026042,NA,4.089168865,NA,0,0,NA,NA,NA,V
2020,3,591,control,NA,NA,NA,NA,1,NA,1,NA,107.2068493,NA,4.674760139,0,6,NA,57,NA,NA
2021,3,591,control,1,13,10.5,1,1,1,1,107.2068493,164.9336143,4.674760139,5.105543055,6,5,57,21,9,F
2022,3,591,control,NA,15,14,1,1,1,1,164.9336143,213.0392518,5.105543055,5.36147643,5,5,21,59,4,F
2023,3,591,control,NA,17.5,15.5,1,NA,1,NA,213.0392518,NA,5.36147643,NA,5,NA,59,NA,11,F
2017,15,592,drought,NA,8.5,4,1,1,0,0,26.70353756,32.98672286,3.284796049,3.496105143,0,0,NA,NA,NA,V
2018,15,592,drought,NA,4,10.5,1,1,0,1,32.98672286,67.15154297,3.496105143,4.206951901,0,1,NA,NA,NA,V
2019,15,592,drought,NA,9.5,9,1,1,1,0,67.15154297,21.59844949,4.206951901,3.072621529,1,0,NA,NA,NA,F
2020,15,592,drought,NA,5.5,5,1,1,0,0,21.59844949,18.84955592,3.072621529,2.936489355,0,0,NA,NA,NA,V
2021,15,592,drought,NA,6,4,1,1,0,0,18.84955592,70.68583471,2.936489355,4.258245195,0,0,NA,NA,NA,V
2022,15,592,drought,NA,10,9,1,1,0,0,70.68583471,62.83185307,4.258245195,4.140462159,0,0,NA,NA,NA,V
2023,15,592,drought,NA,10,8,1,NA,0,NA,62.83185307,NA,4.140462159,NA,0,NA,NA,NA,NA,V
2017,14,593,drought,NA,10,5,1,1,1,0,39.26990817,40.8407045,3.67045853,3.709679243,5,0,NA,NA,NA,F
2018,14,593,drought,NA,13,4,1,1,0,1,40.8407045,59.69026042,3.709679243,4.089168865,0,0,NA,NA,NA,V
2019,14,593,drought,NA,9.5,8,1,1,1,0,59.69026042,30.63052837,4.089168865,3.421997171,0,0,NA,NA,NA,F
2020,14,593,drought,NA,6.5,6,1,1,0,0,30.63052837,42.41150082,3.421997171,3.747419571,0,0,NA,NA,NA,V
2021,14,593,drought,NA,9,6,1,1,0,0,42.41150082,102.1017612,3.747419571,4.625969975,0,0,NA,NA,NA,V
2022,14,593,drought,NA,10,13,1,1,0,1,102.1017612,142.5497667,4.625969975,4.959691178,0,4,NA,16,NA,V
2023,14,593,drought,NA,16.5,11,1,NA,1,NA,142.5497667,NA,4.959691178,NA,4,NA,16,NA,4,F
2017,6,594,irrigated,NA,8,4,1,1,0,0,25.13274123,77.75441818,3.224171428,4.353555375,0,0,NA,NA,NA,V
2018,6,594,irrigated,NA,11,9,1,1,0,0,77.75441818,17.27875959,4.353555375,2.849477978,0,0,NA,NA,NA,V
2019,6,594,irrigated,NA,11,2,1,NA,0,NA,17.27875959,NA,2.849477978,NA,0,0,NA,NA,NA,V
2020,6,594,irrigated,NA,NA,NA,NA,1,NA,0,NA,71.47123287,NA,4.269295031,0,0,NA,NA,NA,NA
2021,6,594,irrigated,NA,13,7,1,1,0,1,71.47123287,197.9203372,4.269295031,5.287864612,0,5,NA,81,NA,V
2022,6,594,irrigated,NA,14,18,1,1,1,0,197.9203372,113.0973355,5.287864612,4.728248824,5,0,81,NA,16,F
2023,6,594,irrigated,NA,16,9,1,NA,0,NA,113.0973355,NA,4.728248824,NA,0,NA,NA,NA,NA,V
2017,5,595,drought,NA,7,3,1,1,1,0,16.49336143,17.27875959,2.802957962,2.849477978,3,0,NA,NA,NA,F
2018,5,595,drought,NA,11,2,1,0,0,0,17.27875959,NA,2.849477978,NA,0,0,NA,NA,NA,V
2019,5,595,drought,NA,NA,NA,0,0,0,NA,NA,NA,NA,NA,0,0,NA,NA,NA,dead
2020,5,595,drought,NA,NA,NA,0,0,NA,0,NA,NA,NA,NA,0,0,NA,NA,NA,dead
2021,5,595,drought,NA,NA,NA,0,0,0,0,NA,NA,NA,NA,0,0,NA,NA,NA,dead
2022,5,595,drought,NA,NA,NA,0,NA,0,NA,NA,NA,NA,NA,0,NA,NA,NA,NA,dead
2017,6,596,irrigated,NA,10,5,1,0,0,0,39.26990817,NA,3.67045853,NA,0,0,NA,NA,NA,V
2018,6,596,irrigated,NA,NA,NA,0,0,0,NA,NA,NA,NA,NA,0,0,NA,NA,NA,dead
2019,6,596,irrigated,NA,NA,NA,0,0,NA,NA,NA,NA,NA,NA,0,0,NA,NA,NA,dead
2020,6,596,irrigated,NA,NA,NA,0,0,NA,NA,NA,NA,NA,NA,0,0,NA,NA,NA,dead
2021,6,596,irrigated,NA,NA,NA,0,0,NA,NA,NA,NA,NA,NA,0,0,NA,NA,NA,dead
2022,6,596,irrigated,NA,NA,NA,0,0,NA,NA,NA,NA,NA,NA,0,0,NA,NA,NA,dead
2023,6,596,irrigated,NA,NA,NA,0,NA,NA,NA,NA,NA,NA,NA,0,NA,NA,NA,NA,dead
2017,7,597,drought,NA,12,9,1,1,0,1,84.82300165,106.8141502,4.440566752,4.67109041,0,2,NA,NA,NA,V
2018,7,597,drought,NA,17,8,1,1,1,0,106.8141502,39.26990817,4.67109041,3.67045853,2,0,NA,NA,NA,F
2019,7,597,drought,NA,10,5,1,1,0,0,39.26990817,42.41150082,3.67045853,3.747419571,0,0,NA,NA,NA,V
2020,7,597,drought,NA,9,6,1,1,0,0,42.41150082,56.54866776,3.747419571,4.035101644,0,0,NA,NA,NA,V
2021,7,597,drought,NA,9,8,1,1,0,0,56.54866776,103.6725576,4.035101644,4.641237447,0,0,NA,NA,NA,V
2022,7,597,drought,NA,12,11,1,1,0,0,103.6725576,146.8694566,4.641237447,4.989544142,0,0,NA,NA,NA,V
2023,7,597,drought,NA,17,11,1,NA,0,NA,146.8694566,NA,4.989544142,NA,0,NA,NA,NA,NA,V
2017,7,598,drought,NA,6,4,1,1,0,0,18.84955592,21.99114858,2.936489355,3.090640035,0,0,NA,NA,NA,V
2018,7,598,drought,NA,7,4,1,1,0,0,21.99114858,40.8407045,3.090640035,3.709679243,0,0,NA,NA,NA,V
2019,7,598,drought,NA,13,4,1,NA,0,NA,40.8407045,NA,3.709679243,NA,0,0,NA,NA,NA,V
2020,7,598,drought,NA,NA,NA,NA,0,NA,NA,NA,NA,NA,NA,0,0,NA,NA,NA,NA
2021,7,598,drought,NA,NA,NA,0,0,NA,0,NA,NA,NA,NA,0,0,NA,NA,NA,dead
2022,7,598,drought,NA,NA,NA,0,NA,0,NA,NA,NA,NA,NA,0,NA,NA,NA,NA,dead
2017,7,599,drought,NA,13,10,1,1,0,0,102.1017612,9.424777961,4.625969975,2.243342175,0,0,NA,NA,NA,V
2018,7,599,drought,NA,6,2,1,1,0,0,9.424777961,NA,2.243342175,NA,0,0,NA,NA,NA,V
2019,7,599,drought,NA,NA,NA,1,1,0,0,NA,9.424777961,NA,2.243342175,0,0,NA,NA,NA,dormant
2020,7,599,drought,NA,4,3,1,NA,0,NA,9.424777961,NA,2.243342175,NA,0,0,NA,NA,NA,V
2021,7,599,drought,NA,NA,NA,NA,NA,NA,NA,NA,NA,NA,NA,0,0,NA,NA,NA,NA
2022,7,599,drought,NA,NA,NA,NA,1,NA,0,NA,81.68140899,NA,4.402826424,0,0,NA,NA,NA,NA
2023,7,599,drought,NA,13,8,1,NA,0,NA,81.68140899,NA,4.402826424,NA,0,NA,NA,NA,NA,V
2018,5,60,drought,NA,11,9,1,1,1,0,77.75441818,28.27433388,4.353555375,3.341954463,3,0,NA,NA,NA,F
2019,5,60,drought,NA,8,4.5,1,NA,0,NA,28.27433388,NA,3.341954463,NA,0,0,NA,NA,NA,V
2020,5,60,drought,NA,NA,NA,NA,1,NA,0,NA,1.178097245,NA,0.163900633,0,0,NA,NA,NA,NA
2021,5,60,drought,NA,3,0.5,1,0,0,0,1.178097245,NA,0.163900633,NA,0,0,NA,NA,NA,V
2022,5,60,drought,NA,NA,NA,0,0,0,0,NA,NA,NA,NA,0,0,NA,NA,NA,dead
2023,5,60,drought,NA,NA,NA,0,NA,0,NA,NA,NA,NA,NA,0,NA,NA,NA,NA,dead
2017,7,600,drought,NA,16,13,1,1,0,1,163.362818,98.96016859,5.095973604,4.594717432,0,10,NA,NA,NA,V
2018,7,600,drought,NA,12,10.5,1,1,1,0,98.96016859,77.75441818,4.594717432,4.353555375,10,0,NA,NA,NA,F
2019,7,600,drought,NA,11,9,1,NA,0,NA,77.75441818,NA,4.353555375,NA,0,0,NA,NA,NA,V
2020,7,600,drought,NA,NA,NA,NA,1,NA,0,NA,27.48893572,NA,3.313783586,0,0,NA,NA,NA,NA
2021,7,600,drought,NA,7,5,1,1,0,0,27.48893572,50.26548246,3.313783586,3.917318608,0,0,NA,NA,NA,V
2022,7,600,drought,NA,16,4,1,1,0,0,50.26548246,34.55751919,3.917318608,3.542625159,0,0,NA,NA,NA,V
2023,7,600,drought,NA,11,4,1,NA,0,NA,34.55751919,NA,3.542625159,NA,0,NA,NA,NA,NA,V
2016,6,602,irrigated,NA,NA,NA,1,1,1,0,NA,175.9291886,NA,5.170081577,6,0,NA,NA,NA,F
2017,6,602,irrigated,NA,16,14,1,1,0,0,175.9291886,208.9159115,5.170081577,5.341931834,0,0,NA,NA,NA,V
2018,6,602,irrigated,NA,19,14,1,1,0,0,208.9159115,206.1670179,5.341931834,5.328686607,0,0,NA,NA,NA,V
2019,6,602,irrigated,NA,17.5,15,1,NA,0,NA,206.1670179,NA,5.328686607,NA,0,0,NA,NA,NA,V
2020,6,602,irrigated,NA,NA,NA,NA,1,NA,0,NA,23.5619449,NA,3.159632906,0,0,NA,NA,NA,NA
2021,6,602,irrigated,NA,10,3,1,1,0,0,23.5619449,95.03317777,3.159632906,4.55422607,0,0,NA,NA,NA,V
2022,6,602,irrigated,NA,11,11,1,1,0,1,95.03317777,208.9159115,4.55422607,5.341931834,0,9,NA,85,NA,V
2023,6,602,irrigated,NA,19,14,1,NA,1,NA,208.9159115,NA,5.341931834,NA,9,NA,85,NA,9,F
2017,8,604,control,NA,19,10,1,1,0,1,149.225651,112.3119374,5.005459597,4.721280155,0,5,NA,NA,NA,V
2018,8,604,control,NA,13,11,1,1,1,0,112.3119374,49.48008429,4.721280155,3.901570251,5,0,NA,NA,NA,F
2019,8,604,control,NA,9,7,1,1,0,0,49.48008429,44.76769531,3.901570251,3.801486793,0,0,NA,NA,NA,V
2020,8,604,control,NA,9.5,6,1,1,0,0,44.76769531,63.61725124,3.801486793,4.152884679,0,0,NA,NA,NA,V
2021,8,604,control,NA,9,9,1,1,0,0,63.61725124,117.8097245,4.152884679,4.769070819,0,0,NA,NA,NA,V
2022,8,604,control,NA,15,10,1,1,0,1,117.8097245,141.3716694,4.769070819,4.951392376,0,4,NA,0,NA,V
2023,8,604,control,NA,15,12,1,NA,1,NA,141.3716694,NA,4.951392376,NA,4,NA,0,NA,0,F
2018,3,606,control,NA,7,7,1,1,0,0,38.48451001,12.56637061,3.650255823,2.531024247,0,0,NA,NA,NA,V
2019,3,606,control,NA,4,4,1,1,0,0,12.56637061,18.84955592,2.531024247,2.936489355,0,0,NA,NA,NA,V
2020,3,606,control,NA,6,4,1,1,0,0,18.84955592,28.27433388,2.936489355,3.341954463,0,0,NA,NA,NA,V
2021,3,606,control,NA,9,4,1,1,0,1,28.27433388,50.26548246,3.341954463,3.917318608,0,2,NA,28,NA,V
2022,3,606,control,NA,8,8,1,1,1,0,50.26548246,43.98229715,3.917318608,3.783787215,2,0,28,NA,14,F
2023,3,606,control,NA,8,7,1,NA,0,NA,43.98229715,NA,3.783787215,NA,0,NA,NA,NA,NA,V
2016,6,608,irrigated,NA,NA,NA,1,1,1,1,NA,175.9291886,NA,5.170081577,6,3,NA,NA,NA,F
2017,6,608,irrigated,NA,16,14,1,1,1,0,175.9291886,113.0973355,5.170081577,4.728248824,3,0,NA,NA,NA,F
2018,6,608,irrigated,NA,12,12,1,1,0,0,113.0973355,131.9468915,4.728248824,4.882399504,0,0,NA,NA,NA,V
2019,6,608,irrigated,NA,14,12,1,NA,0,NA,131.9468915,NA,4.882399504,NA,0,0,NA,NA,NA,V
2020,6,608,irrigated,NA,NA,NA,NA,0,NA,NA,NA,NA,NA,NA,0,0,NA,NA,NA,NA
2021,6,608,irrigated,NA,NA,NA,0,0,NA,NA,NA,NA,NA,NA,0,0,NA,NA,NA,dead
2022,6,608,irrigated,NA,NA,NA,0,0,NA,NA,NA,NA,NA,NA,0,0,NA,NA,NA,dead
2023,6,608,irrigated,NA,NA,NA,0,NA,NA,NA,NA,NA,NA,NA,0,NA,NA,NA,NA,dead
2017,14,613,drought,NA,13,8,1,1,0,0,81.68140899,40.05530633,4.402826424,3.690261157,0,0,NA,NA,NA,V
2018,14,613,drought,NA,8.5,6,1,1,0,0,40.05530633,25.13274123,3.690261157,3.224171428,0,0,NA,NA,NA,V
2019,14,613,drought,NA,8,4,1,1,0,0,25.13274123,17.86780822,3.224171428,2.88300067,0,0,NA,NA,NA,V
2020,14,613,drought,NA,6.5,3.5,1,1,0,0,17.86780822,21.99114858,2.88300067,3.090640035,0,0,NA,NA,NA,V
2021,14,613,drought,NA,8,3.5,1,1,0,0,21.99114858,18.84955592,3.090640035,2.936489355,0,0,NA,NA,NA,V
2022,14,613,drought,NA,8,3,1,1,0,0,18.84955592,18.84955592,2.936489355,2.936489355,0,0,NA,NA,NA,V
2023,14,613,drought,NA,6,4,1,NA,0,NA,18.84955592,NA,2.936489355,NA,0,NA,NA,NA,NA,V
2017,9,618,irrigated,NA,9,6.5,1,1,1,1,45.94579256,36.12831552,3.827462279,3.587076921,3,4,NA,NA,NA,F
2018,9,618,irrigated,NA,11.5,4,1,0,1,0,36.12831552,NA,3.587076921,NA,4,0,NA,NA,NA,F
2019,9,618,irrigated,NA,NA,NA,0,0,0,0,NA,NA,NA,NA,0,0,NA,NA,NA,dead
2020,9,618,irrigated,NA,NA,NA,0,0,0,NA,NA,NA,NA,NA,0,0,NA,NA,NA,dead
2021,9,618,irrigated,NA,NA,NA,0,0,NA,0,NA,NA,NA,NA,0,0,NA,NA,NA,dead
2022,9,618,irrigated,NA,NA,NA,0,NA,0,NA,NA,NA,NA,NA,0,NA,NA,NA,NA,dead
2017,2,62,control,NA,4,2,1,1,0,0,6.283185307,7.853981634,1.837877066,2.061020618,0,0,NA,NA,NA,V
2018,2,62,control,NA,5,2,1,1,0,0,7.853981634,9.424777961,2.061020618,2.243342175,0,0,NA,NA,NA,V
2019,2,62,control,NA,6,2,1,0,0,0,9.424777961,NA,2.243342175,NA,0,0,NA,NA,NA,V
2020,2,62,control,NA,NA,NA,0,0,0,0,NA,NA,NA,NA,0,0,NA,NA,NA,dead
2021,2,62,control,NA,NA,NA,0,0,0,0,NA,NA,NA,NA,0,0,NA,NA,NA,dead
2022,2,62,control,NA,NA,NA,0,NA,0,NA,NA,NA,NA,NA,0,NA,NA,NA,NA,dead
2016,5,620,drought,NA,NA,NA,1,1,1,1,NA,34.55751919,NA,3.542625159,7,5,NA,NA,NA,F
2017,5,620,drought,NA,11,4,1,1,1,1,34.55751919,142.9424657,3.542625159,4.962442212,5,3,NA,NA,NA,F
2018,5,620,drought,NA,14,13,1,1,1,0,142.9424657,108.3849465,4.962442212,4.68568921,3,0,NA,NA,NA,F
2019,5,620,drought,NA,12,11.5,1,1,0,0,108.3849465,37.69911184,4.68568921,3.629636536,0,0,NA,NA,NA,V
2020,5,620,drought,NA,8,6,1,1,0,0,37.69911184,13.74446786,3.629636536,2.620636406,0,0,NA,NA,NA,V
2021,5,620,drought,NA,5,3.5,1,1,0,0,13.74446786,39.26990817,2.620636406,3.67045853,0,0,NA,NA,NA,V
2022,5,620,drought,NA,12.5,4,1,1,0,1,39.26990817,188.4955592,3.67045853,5.239074448,0,4,NA,0,NA,V
2023,5,620,drought,NA,15,16,1,NA,1,NA,188.4955592,NA,5.239074448,NA,4,NA,0,NA,0,F
2016,1,624,irrigated,NA,NA,NA,1,1,1,0,NA,56.54866776,NA,4.035101644,5,0,NA,NA,NA,F
2017,1,624,irrigated,NA,12,6,1,1,0,1,56.54866776,77.75441818,4.035101644,4.353555375,0,5,NA,NA,NA,V
2018,1,624,irrigated,NA,9,11,1,1,1,1,77.75441818,56.15596868,4.353555375,4.028132974,5,4,NA,NA,NA,F
2019,1,624,irrigated,NA,11,6.5,1,1,1,1,56.15596868,51.83627878,4.028132974,3.948090267,4,3,NA,NA,NA,F
2020,1,624,irrigated,NA,11,6,1,1,1,1,51.83627878,56.54866776,3.948090267,4.035101644,3,4,NA,NA,NA,F
2021,1,624,irrigated,1,12,6,1,1,1,1,56.54866776,103.6725576,4.035101644,4.641237447,4,5,NA,85,NA,F
2022,1,624,irrigated,NA,12,11,1,1,1,0,103.6725576,82.07410808,4.641237447,4.407622596,5,0,85,NA,17,F
2023,1,624,irrigated,NA,11,9.5,1,NA,0,NA,82.07410808,NA,4.407622596,NA,0,NA,NA,NA,NA,V
2017,3,625,control,NA,6.5,4,1,1,0,1,20.42035225,21.20575041,3.016532063,3.054272391,0,1,NA,NA,NA,V
2018,3,625,control,NA,9,3,1,1,1,0,21.20575041,15.70796327,3.054272391,2.754167798,1,0,NA,NA,NA,F
2019,3,625,control,NA,8,2.5,1,NA,0,NA,15.70796327,NA,2.754167798,NA,0,0,NA,NA,NA,V
2020,3,625,control,NA,NA,NA,NA,1,NA,0,NA,15.70796327,NA,2.754167798,0,0,NA,NA,NA,NA
2021,3,625,control,NA,8,2.5,1,1,0,0,15.70796327,43.98229715,2.754167798,3.783787215,0,0,NA,NA,NA,V
2022,3,625,control,NA,8,7,1,1,0,1,43.98229715,71.47123287,3.783787215,4.269295031,0,3,NA,41,NA,V
2023,3,625,control,NA,13,7,1,NA,1,NA,71.47123287,NA,4.269295031,NA,3,NA,41,NA,13,F
2017,2,63,control,NA,8.5,3.5,1,0,1,0,23.36559536,NA,3.151264657,NA,5,0,NA,NA,NA,F
2018,2,63,control,NA,NA,NA,0,0,0,0,NA,NA,NA,NA,0,0,NA,NA,NA,dead
2019,2,63,control,NA,NA,NA,0,0,0,NA,NA,NA,NA,NA,0,0,NA,NA,NA,dead
2020,2,63,control,NA,NA,NA,0,0,NA,0,NA,NA,NA,NA,0,0,NA,NA,NA,dead
2021,2,63,control,NA,NA,NA,0,0,0,0,NA,NA,NA,NA,0,0,NA,NA,NA,dead
2022,2,63,control,NA,NA,NA,0,NA,0,NA,NA,NA,NA,NA,0,NA,NA,NA,NA,dead
2017,2,637,control,NA,8,7,1,1,1,0,43.98229715,13.74446786,3.783787215,2.620636406,2,0,NA,NA,NA,F
2018,2,637,control,NA,7,2.5,1,0,0,0,13.74446786,NA,2.620636406,NA,0,0,NA,NA,NA,V
2019,2,637,control,NA,NA,NA,0,0,0,0,NA,NA,NA,NA,0,0,NA,NA,NA,dead
2020,2,637,control,NA,NA,NA,0,0,0,0,NA,NA,NA,NA,0,0,NA,NA,NA,dead
2021,2,637,control,NA,NA,NA,0,0,0,0,NA,NA,NA,NA,0,0,NA,NA,NA,dead
2022,2,637,control,NA,NA,NA,0,NA,0,NA,NA,NA,NA,NA,0,NA,NA,NA,NA,dead
2016,5,646,drought,NA,NA,NA,1,1,1,0,NA,47.1238898,NA,3.852780087,5,0,NA,NA,NA,F
2017,5,646,drought,NA,10,6,1,1,0,1,47.1238898,53.40707511,3.852780087,3.97794323,0,7,NA,NA,NA,V
2018,5,646,drought,NA,8.5,8,1,1,1,1,53.40707511,49.48008429,3.97794323,3.901570251,7,2,NA,NA,NA,F
2019,5,646,drought,NA,9,7,1,1,1,1,49.48008429,52.22897787,3.901570251,3.955637472,2,3,NA,NA,NA,F
2020,5,646,drought,NA,9.5,7,1,1,1,0,52.22897787,10.99557429,3.955637472,2.397492854,3,0,NA,NA,NA,F
2021,5,646,drought,NA,7,2,1,0,0,0,10.99557429,NA,2.397492854,NA,0,0,NA,NA,NA,V
2022,5,646,drought,NA,NA,NA,0,0,0,0,NA,NA,NA,NA,0,0,NA,NA,NA,U
2023,5,646,drought,NA,NA,NA,0,NA,0,NA,NA,NA,NA,NA,0,NA,NA,NA,NA,U
2016,2,648,control,NA,NA,NA,1,1,1,0,NA,43.39324853,NA,3.770303865,5,0,NA,NA,NA,F
2017,2,648,control,NA,8.5,6.5,1,1,0,1,43.39324853,50.06913292,3.770303865,3.913404709,0,6,NA,NA,NA,V
2018,2,648,control,NA,8.5,7.5,1,1,1,0,50.06913292,78.3434668,3.913404709,4.36110258,6,0,NA,NA,NA,F
2019,2,648,control,NA,10.5,9.5,1,NA,0,NA,78.3434668,NA,4.36110258,NA,0,0,NA,NA,NA,V
2020,2,648,control,NA,NA,NA,NA,0,NA,NA,NA,NA,NA,NA,0,0,NA,NA,NA,NA
2021,2,648,control,NA,NA,NA,0,0,NA,0,NA,NA,NA,NA,0,0,NA,NA,NA,dead
2022,2,648,control,NA,NA,NA,0,NA,0,NA,NA,NA,NA,NA,0,NA,NA,NA,NA,dead
2016,5,649,drought,NA,NA,NA,1,1,1,0,NA,25.13274123,NA,3.224171428,3,0,NA,NA,NA,F
2017,5,649,drought,NA,8,4,1,1,0,0,25.13274123,13.74446786,3.224171428,2.620636406,0,0,NA,NA,NA,V
2018,5,649,drought,NA,7,2.5,1,0,0,0,13.74446786,NA,2.620636406,NA,0,0,NA,NA,NA,V
2019,5,649,drought,NA,NA,NA,0,0,0,NA,NA,NA,NA,NA,0,0,NA,NA,NA,dead
2020,5,649,drought,NA,NA,NA,0,0,NA,NA,NA,NA,NA,NA,0,0,NA,NA,NA,dead
2021,5,649,drought,NA,NA,NA,0,0,NA,NA,NA,NA,NA,NA,0,0,NA,NA,NA,dead
2022,5,649,drought,NA,NA,NA,0,0,NA,0,NA,NA,NA,NA,0,0,NA,NA,NA,dead
2023,5,649,drought,NA,NA,NA,0,NA,0,NA,NA,NA,NA,NA,0,NA,NA,NA,NA,dead
2016,7,650,drought,NA,NA,NA,1,1,1,0,NA,53.99612373,NA,3.988912261,3,0,NA,NA,NA,F
2017,7,650,drought,NA,12.5,5.5,1,1,0,0,53.99612373,9.424777961,3.988912261,2.243342175,0,0,NA,NA,NA,V
2018,7,650,drought,NA,6,2,1,0,0,0,9.424777961,NA,2.243342175,NA,0,0,NA,NA,NA,V
2019,7,650,drought,NA,NA,NA,0,0,0,0,NA,NA,NA,NA,0,0,NA,NA,NA,dead
2020,7,650,drought,NA,NA,NA,0,0,0,0,NA,NA,NA,NA,0,0,NA,NA,NA,dead
2021,7,650,drought,NA,NA,NA,0,0,0,0,NA,NA,NA,NA,0,0,NA,NA,NA,dead
2022,7,650,drought,NA,NA,NA,0,NA,0,NA,NA,NA,NA,NA,0,NA,NA,NA,NA,dead
2018,3,651,control,NA,14,10,1,1,0,0,109.9557429,60.0829595,4.700077947,4.095726266,0,0,NA,NA,NA,V
2019,3,651,control,NA,9,8.5,1,1,0,0,60.0829595,67.15154297,4.095726266,4.206951901,0,0,NA,NA,NA,V
2020,3,651,control,NA,9.5,9,1,1,0,0,67.15154297,27.48893572,4.206951901,3.313783586,0,0,NA,NA,NA,V
2021,3,651,control,NA,7,5,1,1,0,0,27.48893572,9.817477042,3.313783586,2.284164169,0,0,NA,NA,NA,V
2022,3,651,control,NA,5,2.5,1,1,0,0,9.817477042,16.49336143,2.284164169,2.802957962,0,0,NA,NA,NA,V
2023,3,651,control,NA,7,3,1,NA,0,NA,16.49336143,NA,2.802957962,NA,0,NA,NA,NA,NA,V
2016,2,652,control,NA,NA,NA,1,1,1,0,NA,48.49833659,NA,3.8815295,4,0,NA,NA,NA,F
2017,2,652,control,NA,6.5,9.5,1,0,0,0,48.49833659,NA,3.8815295,NA,0,0,NA,NA,NA,V
2018,2,652,control,NA,NA,NA,0,0,0,0,NA,NA,NA,NA,0,0,NA,NA,NA,dead
2019,2,652,control,NA,NA,NA,0,0,0,0,NA,NA,NA,NA,0,0,NA,NA,NA,dead
2020,2,652,control,NA,NA,NA,0,0,0,NA,NA,NA,NA,NA,0,0,NA,NA,NA,dead
2021,2,652,control,NA,NA,NA,0,0,NA,0,NA,NA,NA,NA,0,0,NA,NA,NA,dead
2022,2,652,control,NA,NA,NA,0,NA,0,NA,NA,NA,NA,NA,0,NA,NA,NA,NA,dead
2016,2,653,control,NA,NA,NA,1,1,1,1,NA,82.07410808,NA,4.407622596,3,4,NA,NA,NA,F
2017,2,653,control,NA,11,9.5,1,1,1,0,82.07410808,56.54866776,4.407622596,4.035101644,4,0,NA,NA,NA,F
2018,2,653,control,NA,9,8,1,1,0,0,56.54866776,47.1238898,4.035101644,3.852780087,0,0,NA,NA,NA,V
2019,2,653,control,NA,8,7.5,1,0,0,0,47.1238898,NA,3.852780087,NA,0,0,NA,NA,NA,V
2020,2,653,control,NA,NA,NA,0,0,0,0,NA,NA,NA,NA,0,0,NA,NA,NA,dead
2021,2,653,control,NA,NA,NA,0,0,0,0,NA,NA,NA,NA,0,0,NA,NA,NA,dead
2022,2,653,control,NA,NA,NA,0,NA,0,NA,NA,NA,NA,NA,0,NA,NA,NA,NA,dead
2016,2,657,control,NA,NA,NA,1,1,1,0,NA,53.01437603,NA,3.970563123,3,0,NA,NA,NA,F
2017,2,657,control,NA,9,7.5,1,1,0,0,53.01437603,48.49833659,3.970563123,3.8815295,0,0,NA,NA,NA,V
2018,2,657,control,NA,9.5,6.5,1,1,0,0,48.49833659,14.13716694,3.8815295,2.648807283,0,0,NA,NA,NA,V
2019,2,657,control,NA,6,3,1,NA,0,NA,14.13716694,NA,2.648807283,NA,0,0,NA,NA,NA,V
2020,2,657,control,NA,NA,NA,NA,1,NA,0,NA,13.74446786,NA,2.620636406,0,0,NA,NA,NA,NA
2021,2,657,control,NA,7,2.5,1,1,0,0,13.74446786,24.74004215,2.620636406,3.208423071,0,0,NA,NA,NA,V
2022,2,657,control,NA,9,3.5,1,1,0,0,24.74004215,31.41592654,3.208423071,3.447314979,0,0,NA,NA,NA,V
2023,2,657,control,NA,8,5,1,NA,0,NA,31.41592654,NA,3.447314979,NA,0,NA,NA,NA,NA,V
2018,3,658,control,NA,12,8,1,1,1,0,75.39822369,21.99114858,4.322783716,3.090640035,3,0,NA,NA,NA,F
2019,3,658,control,NA,7,4,1,NA,0,NA,21.99114858,NA,3.090640035,NA,0,0,NA,NA,NA,V
2020,3,658,control,NA,NA,NA,NA,0,NA,NA,NA,NA,NA,NA,0,0,NA,NA,NA,NA
2021,3,658,control,NA,NA,NA,0,0,NA,0,NA,NA,NA,NA,0,0,NA,NA,NA,dead
2022,3,658,control,NA,NA,NA,0,NA,0,NA,NA,NA,NA,NA,0,NA,NA,NA,NA,dead
2018,5,659,drought,NA,13,4.5,1,1,1,0,45.94579256,37.30641276,3.827462279,3.619165236,3,0,NA,NA,NA,F
2019,5,659,drought,NA,9.5,5,1,1,0,0,37.30641276,43.39324853,3.619165236,3.770303865,0,0,NA,NA,NA,V
2020,5,659,drought,NA,8.5,6.5,1,1,0,1,43.39324853,32.98672286,3.770303865,3.496105143,0,5,NA,NA,NA,V
2021,5,659,drought,1,7,6,1,0,1,0,32.98672286,NA,3.496105143,NA,5,0,NA,NA,NA,F
2022,5,659,drought,NA,NA,NA,0,0,0,0,NA,NA,NA,NA,0,0,NA,NA,NA,dead
2023,5,659,drought,NA,NA,NA,0,NA,0,NA,NA,NA,NA,NA,0,NA,NA,NA,NA,dead
2017,2,66,control,NA,10.5,5,1,1,1,0,41.23340358,226.1946711,3.719248694,5.421396005,5,0,NA,NA,NA,F
2018,2,66,control,NA,16,18,1,1,0,1,226.1946711,42.41150082,5.421396005,3.747419571,0,8,NA,NA,NA,V
2019,2,66,control,NA,9,6,1,1,1,1,42.41150082,42.41150082,3.747419571,3.747419571,8,0,NA,NA,NA,F
2020,2,66,control,NA,9,6,1,1,1,1,42.41150082,69.11503838,3.747419571,4.235772339,0,3,NA,NA,NA,F
2021,2,66,control,1,11,8,1,1,1,0,69.11503838,11.78097245,4.235772339,2.466485726,3,0,NA,NA,NA,F
2022,2,66,control,NA,5,3,1,1,0,0,11.78097245,62.83185307,2.466485726,4.140462159,0,0,NA,NA,NA,V
2023,2,66,control,NA,10,8,1,NA,0,NA,62.83185307,NA,4.140462159,NA,0,NA,NA,NA,NA,V
2017,9,660,irrigated,NA,10.5,3,1,1,0,1,24.74004215,75.39822369,3.208423071,4.322783716,0,2,NA,NA,NA,V
2018,9,660,irrigated,NA,12,8,1,0,1,0,75.39822369,NA,4.322783716,NA,2,0,NA,NA,NA,F
2019,9,660,irrigated,NA,NA,NA,0,0,0,0,NA,NA,NA,NA,0,0,NA,NA,NA,dead
2020,9,660,irrigated,NA,NA,NA,0,0,0,0,NA,NA,NA,NA,0,0,NA,NA,NA,dead
2021,9,660,irrigated,NA,NA,NA,0,0,0,0,NA,NA,NA,NA,0,0,NA,NA,NA,dead
2022,9,660,irrigated,NA,NA,NA,0,NA,0,NA,NA,NA,NA,NA,0,NA,NA,NA,NA,dead
2017,8,663,control,NA,6,3,1,1,0,0,14.13716694,4.71238898,2.648807283,1.550194994,0,0,NA,NA,NA,V
2018,8,663,control,NA,5,1.2,1,1,0,0,4.71238898,16.49336143,1.550194994,2.802957962,0,0,NA,NA,NA,V
2019,8,663,control,NA,7,3,1,1,0,0,16.49336143,11.78097245,2.802957962,2.466485726,0,0,NA,NA,NA,V
2020,8,663,control,NA,5,3,1,1,0,0,11.78097245,14.13716694,2.466485726,2.648807283,0,0,NA,NA,NA,V
2021,8,663,control,NA,9,2,1,1,0,0,14.13716694,176.7145868,2.648807283,5.174535927,0,0,NA,NA,NA,V
2022,8,663,control,NA,15,15,1,1,0,1,176.7145868,200.2765317,5.174535927,5.29969907,0,3,NA,14,NA,V
2023,8,663,control,NA,17,15,1,NA,1,NA,200.2765317,NA,5.29969907,NA,3,NA,14,NA,4,F
2016,1,664,irrigated,NA,NA,NA,1,1,1,0,NA,42.41150082,NA,3.747419571,4,0,NA,NA,NA,F
2017,1,664,irrigated,NA,9,6,1,1,0,0,42.41150082,45.94579256,3.747419571,3.827462279,0,0,NA,NA,NA,V
2018,1,664,irrigated,NA,9,6.5,1,NA,0,NA,45.94579256,NA,3.827462279,NA,0,0,NA,NA,NA,V
2019,1,664,irrigated,NA,NA,NA,NA,NA,NA,NA,NA,NA,NA,NA,0,0,NA,NA,NA,NA
2020,1,664,irrigated,NA,NA,NA,NA,1,NA,0,NA,53.01437603,NA,3.970563123,0,0,NA,NA,NA,NA
2021,1,664,irrigated,NA,9,7.5,1,1,0,0,53.01437603,102.1017612,3.970563123,4.625969975,0,0,NA,NA,NA,V
2022,1,664,irrigated,NA,13,10,1,1,0,1,102.1017612,159.0431281,4.625969975,5.069175411,0,5,NA,111,NA,V
2023,1,664,irrigated,NA,15,13.5,1,NA,1,NA,159.0431281,NA,5.069175411,NA,5,NA,111,NA,22,F
2017,2,665,control,NA,12,9,1,1,1,0,84.82300165,65.97344573,4.440566752,4.189252324,5,0,NA,NA,NA,F
2018,2,665,control,NA,12,7,1,1,0,1,65.97344573,31.41592654,4.189252324,3.447314979,0,6,NA,NA,NA,V
2019,2,665,control,NA,8,5,1,1,1,0,31.41592654,NA,3.447314979,NA,6,0,NA,NA,NA,F
2020,2,665,control,NA,NA,NA,1,1,0,0,NA,NA,NA,NA,0,0,NA,NA,NA,dormant
2021,2,665,control,NA,NA,NA,1,1,0,0,NA,38.48451001,NA,3.650255823,0,0,NA,NA,NA,dormant
2022,2,665,control,NA,7,7,1,1,0,0,38.48451001,25.52544031,3.650255823,3.239675614,0,0,NA,NA,NA,V
2023,2,665,control,NA,6.5,5,1,NA,0,NA,25.52544031,NA,3.239675614,NA,0,NA,NA,NA,NA,V
2016,15,672,drought,NA,NA,NA,1,1,1,1,NA,42.41150082,NA,3.747419571,3,6,NA,NA,NA,F
2017,15,672,drought,NA,12,4.5,1,1,1,0,42.41150082,23.5619449,3.747419571,3.159632906,6,0,NA,NA,NA,F
2018,15,672,drought,NA,10,3,1,1,0,0,23.5619449,45.94579256,3.159632906,3.827462279,0,0,NA,NA,NA,V
2019,15,672,drought,NA,9,6.5,1,NA,0,NA,45.94579256,NA,3.827462279,NA,0,0,NA,NA,NA,V
2020,15,672,drought,NA,NA,NA,NA,1,NA,0,NA,7.068583471,NA,1.955660102,0,0,NA,NA,NA,NA
2021,15,672,drought,NA,6,1.5,1,1,0,0,7.068583471,14.13716694,1.955660102,2.648807283,0,0,NA,NA,NA,V
2022,15,672,drought,NA,9,2,1,1,0,0,14.13716694,12.76272016,2.648807283,2.546528434,0,0,NA,NA,NA,V
2023,15,672,drought,NA,6.5,2.5,1,NA,0,NA,12.76272016,NA,2.546528434,NA,0,NA,NA,NA,NA,V
2017,2,673,control,NA,9,5,1,1,1,0,35.34291735,25.13274123,3.565098014,3.224171428,3,0,NA,NA,NA,F
2018,2,673,control,NA,8,4,1,1,0,0,25.13274123,3.141592654,3.224171428,1.144729886,0,0,NA,NA,NA,V
2019,2,673,control,NA,2,2,1,NA,0,NA,3.141592654,NA,1.144729886,NA,0,0,NA,NA,NA,V
2020,2,673,control,NA,NA,NA,NA,0,NA,0,NA,NA,NA,NA,0,0,NA,NA,NA,NA
2021,2,673,control,NA,NA,NA,0,0,0,0,NA,NA,NA,NA,0,0,NA,NA,NA,dead
2022,2,673,control,NA,NA,NA,0,NA,0,NA,NA,NA,NA,NA,0,NA,NA,NA,NA,dead
2016,5,68,drought,NA,NA,NA,1,0,1,0,NA,NA,NA,NA,3,0,NA,NA,NA,F
2017,5,68,drought,NA,NA,NA,0,0,0,0,NA,NA,NA,NA,0,0,NA,NA,NA,dead
2018,5,68,drought,NA,NA,NA,0,0,0,0,NA,NA,NA,NA,0,0,NA,NA,NA,dead
2019,5,68,drought,NA,NA,NA,0,0,0,NA,NA,NA,NA,NA,0,0,NA,NA,NA,dead
2020,5,68,drought,NA,NA,NA,0,0,NA,0,NA,NA,NA,NA,0,0,NA,NA,NA,dead
2021,5,68,drought,NA,NA,NA,0,0,0,0,NA,NA,NA,NA,0,0,NA,NA,NA,dead
2022,5,68,drought,NA,NA,NA,0,NA,0,NA,NA,NA,NA,NA,0,NA,NA,NA,NA,dead
2016,2,680,control,NA,NA,NA,1,0,1,0,NA,NA,NA,NA,6,0,NA,NA,NA,F
2017,2,680,control,NA,NA,NA,0,0,0,0,NA,NA,NA,NA,0,0,NA,NA,NA,dead
2018,2,680,control,NA,NA,NA,0,0,0,0,NA,NA,NA,NA,0,0,NA,NA,NA,dead
2019,2,680,control,NA,NA,NA,0,0,0,0,NA,NA,NA,NA,0,0,NA,NA,NA,dead
2020,2,680,control,NA,NA,NA,0,0,0,0,NA,NA,NA,NA,0,0,NA,NA,NA,dead
2021,2,680,control,NA,NA,NA,0,0,0,0,NA,NA,NA,NA,0,0,NA,NA,NA,dead
2022,2,680,control,NA,NA,NA,0,NA,0,NA,NA,NA,NA,NA,0,NA,NA,NA,NA,dead
2018,5,681,drought,NA,11.5,8,1,1,1,0,72.25663103,131.9468915,4.280224102,4.882399504,3,0,NA,NA,NA,F
2019,5,681,drought,NA,14,12,1,NA,0,NA,131.9468915,NA,4.882399504,NA,0,0,NA,NA,NA,V
2020,5,681,drought,NA,NA,NA,NA,1,NA,0,NA,18.84955592,NA,2.936489355,0,0,NA,NA,NA,NA
2021,5,681,drought,NA,8,3,1,1,0,0,18.84955592,51.83627878,2.936489355,3.948090267,0,0,NA,NA,NA,V
2022,5,681,drought,NA,12,5.5,1,1,0,1,51.83627878,31.41592654,3.948090267,3.447314979,0,3,NA,23,NA,V
2023,5,681,drought,NA,8,5,1,NA,1,NA,31.41592654,NA,3.447314979,NA,3,NA,23,NA,7,F
2017,11,682,control,NA,10,6,1,1,0,0,47.1238898,39.26990817,3.852780087,3.67045853,0,0,NA,NA,NA,V
2018,11,682,control,NA,10,5,1,1,0,0,39.26990817,65.97344573,3.67045853,4.189252324,0,0,NA,NA,NA,V
2019,11,682,control,NA,14,6,1,NA,0,NA,65.97344573,NA,4.189252324,NA,0,0,NA,NA,NA,V
2020,11,682,control,NA,NA,NA,NA,1,NA,0,NA,59.69026042,NA,4.089168865,0,0,NA,NA,NA,NA
2021,11,682,control,NA,19,4,1,1,0,0,59.69026042,28.27433388,4.089168865,3.341954463,0,0,NA,NA,NA,V
2022,11,682,control,NA,9,4,1,1,0,0,28.27433388,50.26548246,3.341954463,3.917318608,0,0,NA,NA,NA,V
2023,11,682,control,NA,16,4,1,NA,0,NA,50.26548246,NA,3.917318608,NA,0,NA,NA,NA,NA,V
2016,2,683,control,NA,NA,NA,1,1,1,1,NA,37.30641276,NA,3.619165236,12,3,NA,NA,NA,F
2017,2,683,control,NA,9.5,5,1,1,1,0,37.30641276,54.97787144,3.619165236,4.006930767,3,0,NA,NA,NA,F
2018,2,683,control,NA,10,7,1,1,0,1,54.97787144,82.07410808,4.006930767,4.407622596,0,6,NA,NA,NA,V
2019,2,683,control,NA,11,9.5,1,NA,1,NA,82.07410808,NA,4.407622596,NA,6,0,NA,NA,NA,F
2020,2,683,control,NA,NA,NA,NA,1,NA,0,NA,45.35674394,NA,3.814558874,0,0,NA,NA,NA,NA
2021,2,683,control,NA,10.5,5.5,1,1,0,0,45.35674394,37.69911184,3.814558874,3.629636536,0,0,NA,NA,NA,V
2022,2,683,control,NA,12,4,1,1,0,1,37.69911184,87.9645943,3.629636536,4.476934396,0,4,NA,55,NA,V
2023,2,683,control,NA,16,7,1,NA,1,NA,87.9645943,NA,4.476934396,NA,4,NA,55,NA,13,F
2016,6,684,irrigated,NA,NA,NA,1,1,1,1,NA,160.2212253,NA,5.076555519,6,1,NA,NA,NA,F
2017,6,684,irrigated,NA,17,12,1,1,1,1,160.2212253,75.39822369,5.076555519,4.322783716,1,14,NA,NA,NA,F
2018,6,684,irrigated,NA,12,8,1,1,1,0,75.39822369,74.61282552,4.322783716,4.312312416,14,0,NA,NA,NA,F
2019,6,684,irrigated,NA,10,9.5,1,NA,0,NA,74.61282552,NA,4.312312416,NA,0,0,NA,NA,NA,V
2020,6,684,irrigated,NA,NA,NA,NA,1,NA,1,NA,120.9513172,NA,4.795388127,0,4,NA,NA,NA,NA
2021,6,684,irrigated,1,14,11,1,1,1,1,120.9513172,329.8672286,4.795388127,5.798690236,4,6,NA,70,NA,F
2022,6,684,irrigated,NA,21,20,1,1,1,0,329.8672286,138.2300768,5.798690236,4.92891952,6,0,70,NA,11,F
2023,6,684,irrigated,NA,16,11,1,NA,0,NA,138.2300768,NA,4.92891952,NA,0,NA,NA,NA,NA,V
2017,11,685,control,NA,10,7,1,1,0,0,54.97787144,153.1526419,4.006930767,5.031435083,0,0,NA,NA,NA,V
2018,11,685,control,NA,19.5,10,1,1,0,1,153.1526419,70.68583471,5.031435083,4.258245195,0,4,NA,NA,NA,V
2019,11,685,control,NA,10,9,1,1,1,1,70.68583471,94.24777961,4.258245195,4.545927268,4,8,NA,NA,NA,F
2020,11,685,control,NA,12,10,1,1,1,1,94.24777961,113.0973355,4.545927268,4.728248824,8,3,NA,NA,NA,F
2021,11,685,control,NA,12,12,1,1,1,0,113.0973355,23.5619449,4.728248824,3.159632906,3,0,NA,NA,NA,F
2022,11,685,control,NA,6,5,1,1,0,0,23.5619449,18.84955592,3.159632906,2.936489355,0,0,NA,NA,NA,V
2023,11,685,control,NA,8,3,1,NA,0,NA,18.84955592,NA,2.936489355,NA,0,NA,NA,NA,NA,V
2016,5,687,drought,NA,NA,NA,1,1,1,1,NA,62.83185307,NA,4.140462159,3,3,NA,NA,NA,F
2017,5,687,drought,NA,10,8,1,1,1,0,62.83185307,32.98672286,4.140462159,3.496105143,3,0,NA,NA,NA,F
2018,5,687,drought,NA,10.5,4,1,1,0,0,32.98672286,51.83627878,3.496105143,3.948090267,0,0,NA,NA,NA,V
2019,5,687,drought,NA,12,5.5,1,NA,0,NA,51.83627878,NA,3.948090267,NA,0,0,NA,NA,NA,V
2020,5,687,drought,NA,NA,NA,NA,0,NA,0,NA,NA,NA,NA,0,0,NA,NA,NA,NA
2021,5,687,drought,NA,NA,NA,0,0,0,0,NA,NA,NA,NA,0,0,NA,NA,NA,dead
2022,5,687,drought,NA,NA,NA,0,0,0,0,NA,NA,NA,NA,0,0,NA,NA,NA,dead
2023,5,687,drought,NA,NA,NA,0,NA,0,NA,NA,NA,NA,NA,0,NA,NA,NA,NA,dead
2018,1,689,irrigated,NA,10,7,1,1,0,0,54.97787144,78.53981634,4.006930767,4.363605711,0,0,NA,NA,NA,V
2019,1,689,irrigated,NA,12.5,8,1,NA,0,NA,78.53981634,NA,4.363605711,NA,0,0,NA,NA,NA,V
2020,1,689,irrigated,NA,NA,NA,NA,0,NA,NA,NA,NA,NA,NA,0,0,NA,NA,NA,NA
2021,1,689,irrigated,NA,NA,NA,0,0,NA,NA,NA,NA,NA,NA,0,0,NA,NA,NA,dead
2022,1,689,irrigated,NA,NA,NA,0,0,NA,NA,NA,NA,NA,NA,0,0,NA,NA,NA,dead
2023,1,689,irrigated,NA,NA,NA,0,NA,NA,NA,NA,NA,NA,NA,0,NA,NA,NA,NA,dead
2016,3,693,control,NA,NA,NA,1,1,1,1,NA,28.8633825,NA,3.36257375,5,1,NA,NA,NA,F
2017,3,693,control,NA,10.5,3.5,1,1,1,0,28.8633825,170.8241005,3.36257375,5.140634375,1,0,NA,NA,NA,F
2018,3,693,control,NA,15,14.5,1,1,0,0,170.8241005,70.68583471,5.140634375,4.258245195,0,0,NA,NA,NA,V
2019,3,693,control,NA,10,9,1,1,0,0,70.68583471,113.0973355,4.258245195,4.728248824,0,0,NA,NA,NA,V
2020,3,693,control,NA,16,9,1,1,0,1,113.0973355,52.22897787,4.728248824,3.955637472,0,3,NA,28,NA,V
2021,3,693,control,1,9.5,7,1,1,1,0,52.22897787,65.97344573,3.955637472,4.189252324,3,0,28,NA,9,F
2022,3,693,control,NA,12,7,1,1,0,0,65.97344573,112.3119374,4.189252324,4.721280155,0,0,NA,NA,NA,V
2023,3,693,control,NA,13,11,1,NA,0,NA,112.3119374,NA,4.721280155,NA,0,NA,NA,NA,NA,V
2018,2,695,control,NA,11.5,6.5,1,1,1,0,58.70851271,47.1238898,4.072584737,3.852780087,3,0,NA,NA,NA,F
2019,2,695,control,NA,10,6,1,NA,0,NA,47.1238898,NA,3.852780087,NA,0,0,NA,NA,NA,V
2020,2,695,control,NA,NA,NA,NA,1,NA,0,NA,NA,NA,NA,0,0,NA,NA,NA,NA
2021,2,695,control,NA,NA,NA,1,NA,0,NA,NA,NA,NA,NA,0,0,NA,NA,NA,dormant
2022,2,695,control,NA,NA,NA,NA,1,NA,1,NA,56.54866776,NA,4.035101644,0,4,NA,53,NA,NA
2023,2,695,control,NA,9,8,1,NA,1,NA,56.54866776,NA,4.035101644,NA,4,NA,53,NA,13,F
2016,2,697,control,NA,NA,NA,1,1,1,0,NA,50.06913292,NA,3.913404709,3,0,NA,NA,NA,F
2017,2,697,control,NA,8.5,7.5,1,1,0,1,50.06913292,30.63052837,3.913404709,3.421997171,0,4,NA,NA,NA,V
2018,2,697,control,NA,13,3,1,1,1,1,30.63052837,42.41150082,3.421997171,3.747419571,4,0,NA,NA,NA,F
2019,2,697,control,NA,9,6,1,1,1,0,42.41150082,6.283185307,3.747419571,1.837877066,0,0,NA,NA,NA,F
2020,2,697,control,NA,4,2,1,1,0,0,6.283185307,21.20575041,1.837877066,3.054272391,0,0,NA,NA,NA,V
2021,2,697,control,NA,9,3,1,0,0,NA,21.20575041,NA,3.054272391,NA,0,0,NA,NA,NA,V
2022,2,697,control,NA,NA,NA,0,0,NA,0,NA,NA,NA,NA,0,0,NA,NA,NA,dead
2023,2,697,control,NA,NA,NA,0,NA,0,NA,NA,NA,NA,NA,0,NA,NA,NA,NA,dead
2016,15,698,drought,NA,NA,NA,1,1,1,0,NA,33.57577149,NA,3.51380472,3,0,NA,NA,NA,F
2017,15,698,drought,NA,9.5,4.5,1,1,0,0,33.57577149,104.4579557,3.51380472,4.648784653,0,0,NA,NA,NA,V
2018,15,698,drought,NA,19,7,1,1,0,0,104.4579557,106.0287521,4.648784653,4.663710303,0,0,NA,NA,NA,V
2019,15,698,drought,NA,13.5,10,1,NA,0,NA,106.0287521,NA,4.663710303,NA,0,0,NA,NA,NA,V
2020,15,698,drought,NA,NA,NA,NA,1,NA,0,NA,94.24777961,NA,4.545927268,0,0,NA,NA,NA,NA
2021,15,698,drought,NA,15,8,1,1,0,0,94.24777961,132.7322896,4.545927268,4.88833424,0,0,NA,NA,NA,V
2022,15,698,drought,NA,13,13,1,1,0,1,132.7322896,182.2123739,4.88833424,5.205172896,0,4,NA,0,NA,V
2023,15,698,drought,NA,29,8,1,NA,1,NA,182.2123739,NA,5.205172896,NA,4,NA,0,NA,0,F
2017,1,699,irrigated,NA,9,2.2,1,0,0,0,15.55088364,NA,2.744117462,NA,0,0,NA,NA,NA,V
2018,1,699,irrigated,NA,NA,NA,0,0,0,0,NA,NA,NA,NA,0,0,NA,NA,NA,dead
2019,1,699,irrigated,NA,NA,NA,0,0,0,NA,NA,NA,NA,NA,0,0,NA,NA,NA,dead
2020,1,699,irrigated,NA,NA,NA,0,0,NA,0,NA,NA,NA,NA,0,0,NA,NA,NA,dead
2021,1,699,irrigated,NA,NA,NA,0,0,0,NA,NA,NA,NA,NA,0,0,NA,NA,NA,dead
2022,1,699,irrigated,NA,NA,NA,0,0,NA,NA,NA,NA,NA,NA,0,0,NA,NA,NA,dead
2023,1,699,irrigated,NA,NA,NA,0,NA,NA,NA,NA,NA,NA,NA,0,NA,NA,NA,NA,dead
2016,6,7,irrigated,NA,NA,NA,1,1,1,0,NA,112.3119374,NA,4.721280155,3,0,NA,NA,NA,F
2017,6,7,irrigated,NA,11,13,1,1,0,1,112.3119374,94.24777961,4.721280155,4.545927268,0,6,NA,NA,NA,V
2018,6,7,irrigated,NA,12,10,1,1,1,0,94.24777961,261.5375884,4.545927268,5.566578015,6,0,NA,NA,NA,F
2019,6,7,irrigated,NA,18.5,18,1,1,0,1,261.5375884,51.05088062,5.566578015,3.932822795,0,0,NA,NA,NA,V
2020,6,7,irrigated,NA,10,6.5,1,1,1,0,51.05088062,NA,3.932822795,NA,0,0,NA,NA,NA,F
2021,6,7,irrigated,NA,NA,NA,1,1,0,0,NA,31.41592654,NA,3.447314979,0,0,NA,NA,NA,dormant
2022,6,7,irrigated,NA,10,4,1,1,0,0,31.41592654,82.46680716,3.447314979,4.412395875,0,0,NA,NA,NA,V
2023,6,7,irrigated,NA,15,7,1,NA,0,NA,82.46680716,NA,4.412395875,NA,0,NA,NA,NA,NA,V
2017,2,701,control,NA,10.5,9,1,1,1,0,74.22012644,9.424777961,4.307035359,2.243342175,6,0,NA,NA,NA,F
2018,2,701,control,NA,4,3,1,0,0,0,9.424777961,NA,2.243342175,NA,0,0,NA,NA,NA,V
2019,2,701,control,NA,NA,NA,0,0,0,NA,NA,NA,NA,NA,0,0,NA,NA,NA,dead
2020,2,701,control,NA,NA,NA,0,0,NA,0,NA,NA,NA,NA,0,0,NA,NA,NA,dead
2021,2,701,control,NA,NA,NA,0,0,0,0,NA,NA,NA,NA,0,0,NA,NA,NA,dead
2022,2,701,control,NA,NA,NA,0,NA,0,NA,NA,NA,NA,NA,0,NA,NA,NA,NA,dead
2017,7,702,drought,NA,13,5,1,1,1,1,51.05088062,126.8418034,3.932822795,4.842940667,3,4,NA,NA,NA,F
2018,7,702,drought,NA,17,9.5,1,1,1,1,126.8418034,45.55309348,4.842940667,3.818878535,4,6,NA,NA,NA,F
2019,7,702,drought,NA,14.5,4,1,NA,1,NA,45.55309348,NA,3.818878535,NA,6,0,NA,NA,NA,F
2020,7,702,drought,NA,NA,NA,NA,1,NA,0,NA,106.0287521,NA,4.663710303,0,0,NA,NA,NA,NA
2021,7,702,drought,NA,15,9,1,1,0,1,106.0287521,125.6637061,4.663710303,4.83360934,0,3,NA,56,NA,V
2022,7,702,drought,NA,16,10,1,1,1,0,125.6637061,47.1238898,4.83360934,3.852780087,3,0,56,NA,18,F
2023,7,702,drought,NA,10,6,1,NA,0,NA,47.1238898,NA,3.852780087,NA,0,NA,NA,NA,NA,V
2017,1,703,irrigated,NA,9,8,1,1,0,1,56.54866776,44.17864669,4.035101644,3.788241566,0,0,NA,NA,NA,V
2018,1,703,irrigated,NA,7.5,7.5,1,1,1,0,44.17864669,5.301437603,3.788241566,1.66797803,0,0,NA,NA,NA,F
2019,1,703,irrigated,NA,4.5,1.5,1,0,0,NA,5.301437603,NA,1.66797803,NA,0,0,NA,NA,NA,V
2020,1,703,irrigated,NA,NA,NA,0,0,NA,NA,NA,NA,NA,NA,0,0,NA,NA,NA,dead
2021,1,703,irrigated,NA,NA,NA,0,0,NA,NA,NA,NA,NA,NA,0,0,NA,NA,NA,dead
2022,1,703,irrigated,NA,NA,NA,0,0,NA,0,NA,NA,NA,NA,0,0,NA,NA,NA,dead
2023,1,703,irrigated,NA,NA,NA,0,NA,0,NA,NA,NA,NA,NA,0,NA,NA,NA,NA,dead
2016,1,704,irrigated,NA,NA,NA,1,1,1,0,NA,24.19026343,NA,3.185950215,3,0,NA,NA,NA,F
2017,1,704,irrigated,NA,7,4.4,1,0,0,0,24.19026343,NA,3.185950215,NA,0,0,NA,NA,NA,V
2018,1,704,irrigated,NA,NA,NA,0,0,0,0,NA,NA,NA,NA,0,0,NA,NA,NA,dead
2019,1,704,irrigated,NA,NA,NA,0,0,0,NA,NA,NA,NA,NA,0,0,NA,NA,NA,dead
2020,1,704,irrigated,NA,NA,NA,0,0,NA,NA,NA,NA,NA,NA,0,0,NA,NA,NA,dead
2021,1,704,irrigated,NA,NA,NA,0,0,NA,NA,NA,NA,NA,NA,0,0,NA,NA,NA,dead
2022,1,704,irrigated,NA,NA,NA,0,0,NA,NA,NA,NA,NA,NA,0,0,NA,NA,NA,dead
2023,1,704,irrigated,NA,NA,NA,0,NA,NA,NA,NA,NA,NA,NA,0,NA,NA,NA,NA,dead
2018,1,707,irrigated,NA,11.5,5,1,1,0,1,45.1603944,51.83627878,3.810220473,3.948090267,0,5,NA,NA,NA,V
2019,1,707,irrigated,NA,11,6,1,1,1,0,51.83627878,8.835729338,3.948090267,2.178803653,5,0,NA,NA,NA,F
2020,1,707,irrigated,NA,4.5,2.5,1,NA,0,NA,8.835729338,NA,2.178803653,NA,0,0,NA,NA,NA,V
2021,1,707,irrigated,NA,NA,NA,NA,1,NA,0,NA,9.424777961,NA,2.243342175,0,0,NA,NA,NA,NA
2022,1,707,irrigated,NA,6,2,1,1,0,0,9.424777961,23.5619449,2.243342175,3.159632906,0,0,NA,NA,NA,V
2023,1,707,irrigated,NA,7.5,4,1,NA,0,NA,23.5619449,NA,3.159632906,NA,0,NA,NA,NA,NA,V
2016,6,708,irrigated,NA,NA,NA,1,1,1,1,NA,82.46680716,NA,4.412395875,4,2,NA,NA,NA,F
2017,6,708,irrigated,NA,14,7.5,1,1,1,0,82.46680716,NA,4.412395875,NA,2,0,NA,NA,NA,F
2018,6,708,irrigated,NA,NA,NA,1,1,0,1,NA,119.3805208,NA,4.782316046,0,4,NA,NA,NA,dormant
2019,6,708,irrigated,NA,16,9.5,1,NA,1,NA,119.3805208,NA,4.782316046,NA,4,0,NA,NA,NA,F
2020,6,708,irrigated,NA,NA,NA,NA,0,NA,NA,NA,NA,NA,NA,0,0,NA,NA,NA,NA
2021,6,708,irrigated,NA,NA,NA,0,0,NA,NA,NA,NA,NA,NA,0,0,NA,NA,NA,dead
2022,6,708,irrigated,NA,NA,NA,0,0,NA,NA,NA,NA,NA,NA,0,0,NA,NA,NA,dead
2023,6,708,irrigated,NA,NA,NA,0,NA,NA,NA,NA,NA,NA,NA,0,NA,NA,NA,NA,dead
2016,5,709,drought,NA,NA,NA,1,1,1,0,NA,18.84955592,NA,2.936489355,2,0,NA,NA,NA,F
2017,5,709,drought,NA,8,3,1,0,0,0,18.84955592,NA,2.936489355,NA,0,0,NA,NA,NA,V
2018,5,709,drought,NA,NA,NA,0,0,0,0,NA,NA,NA,NA,0,0,NA,NA,NA,dead
2019,5,709,drought,NA,NA,NA,0,0,0,NA,NA,NA,NA,NA,0,0,NA,NA,NA,dead
2020,5,709,drought,NA,NA,NA,0,0,NA,0,NA,NA,NA,NA,0,0,NA,NA,NA,dead
2021,5,709,drought,NA,NA,NA,0,0,0,0,NA,NA,NA,NA,0,0,NA,NA,NA,dead
2022,5,709,drought,NA,NA,NA,0,NA,0,NA,NA,NA,NA,NA,0,NA,NA,NA,NA,dead
2017,9,71,irrigated,NA,14,5,1,1,0,1,54.97787144,172.7875959,4.006930767,5.152063071,0,5,NA,NA,NA,V
2018,9,71,irrigated,NA,20,11,1,1,1,0,172.7875959,28.27433388,5.152063071,3.341954463,5,0,NA,NA,NA,F
2019,9,71,irrigated,NA,8,4.5,1,0,0,0,28.27433388,NA,3.341954463,NA,0,0,NA,NA,NA,V
2020,9,71,irrigated,NA,NA,NA,0,0,0,0,NA,NA,NA,NA,0,0,NA,NA,NA,dead
2021,9,71,irrigated,NA,NA,NA,0,0,0,0,NA,NA,NA,NA,0,0,NA,NA,NA,dead
2022,9,71,irrigated,NA,NA,NA,0,NA,0,NA,NA,NA,NA,NA,0,NA,NA,NA,NA,dead
2016,2,710,control,NA,NA,NA,1,1,1,1,NA,88.35729338,NA,4.481388746,4,9,NA,NA,NA,F
2017,2,710,control,NA,12.5,9,1,NA,1,NA,88.35729338,NA,4.481388746,NA,9,0,NA,NA,NA,F
2018,2,710,control,NA,NA,NA,NA,1,NA,1,NA,65.97344573,NA,4.189252324,0,2,NA,NA,NA,NA
2019,2,710,control,NA,12,7,1,1,1,1,65.97344573,53.40707511,4.189252324,3.97794323,2,0,NA,NA,NA,F
2020,2,710,control,NA,8.5,8,1,1,1,0,53.40707511,7.853981634,3.97794323,2.061020618,0,0,NA,NA,NA,F
2021,2,710,control,NA,4,2.5,1,1,0,1,7.853981634,60.47565858,2.061020618,4.102240947,0,2,NA,0,NA,V
2022,2,710,control,NA,11,7,1,1,1,0,60.47565858,51.05088062,4.102240947,3.932822795,2,0,0,NA,0,F
2023,2,710,control,NA,13,5,1,NA,0,NA,51.05088062,NA,3.932822795,NA,0,NA,NA,NA,NA,V
2017,13,711,control,NA,10,7,1,1,0,1,54.97787144,122.5221135,4.006930767,4.808291532,0,8,NA,NA,NA,V
2018,13,711,control,NA,13,12,1,1,1,1,122.5221135,80.11061267,4.808291532,4.383408338,8,8,NA,NA,NA,F
2019,13,711,control,NA,12,8.5,1,1,1,1,80.11061267,47.1238898,4.383408338,3.852780087,8,10,NA,NA,NA,F
2020,13,711,control,NA,10,6,1,1,1,0,47.1238898,31.41592654,3.852780087,3.447314979,10,0,NA,NA,NA,F
2021,13,711,control,NA,10,4,1,1,0,1,31.41592654,91.89158512,3.447314979,4.52060946,0,7,NA,102,NA,V
2022,13,711,control,NA,13,9,1,1,1,0,91.89158512,47.1238898,4.52060946,3.852780087,7,0,102,NA,14,F
2023,13,711,control,NA,12,5,1,NA,0,NA,47.1238898,NA,3.852780087,NA,0,NA,NA,NA,NA,V
2016,7,712,drought,NA,NA,NA,1,1,1,1,NA,77.75441818,NA,4.353555375,6,4,NA,NA,NA,F
2017,7,712,drought,NA,11,9,1,1,1,1,77.75441818,84.82300165,4.353555375,4.440566752,4,5,NA,NA,NA,F
2018,7,712,drought,NA,12,9,1,1,1,1,84.82300165,66.75884389,4.440566752,4.201086781,5,4,NA,NA,NA,F
2019,7,712,drought,NA,10,8.5,1,NA,1,NA,66.75884389,NA,4.201086781,NA,4,0,NA,NA,NA,F
2020,7,712,drought,NA,NA,NA,NA,0,NA,0,NA,NA,NA,NA,0,0,NA,NA,NA,NA
2021,7,712,drought,NA,NA,NA,0,0,0,0,NA,NA,NA,NA,0,0,NA,NA,NA,dead
2022,7,712,drought,NA,NA,NA,0,NA,0,NA,NA,NA,NA,NA,0,NA,NA,NA,NA,dead
2017,1,713,irrigated,NA,9,5.5,1,1,1,1,38.87720909,41.23340358,3.660408194,3.719248694,1,5,NA,NA,NA,F
2018,1,713,irrigated,NA,10.5,5,1,1,1,0,41.23340358,66.75884389,3.719248694,4.201086781,5,0,NA,NA,NA,F
2019,1,713,irrigated,NA,10,8.5,1,1,0,0,66.75884389,52.22897787,4.201086781,3.955637472,0,0,NA,NA,NA,V
2020,1,713,irrigated,NA,9.5,7,1,NA,0,NA,52.22897787,NA,3.955637472,NA,0,0,NA,NA,NA,V
2021,1,713,irrigated,NA,NA,NA,NA,0,NA,NA,NA,NA,NA,NA,0,0,NA,NA,NA,NA
2022,1,713,irrigated,NA,NA,NA,0,0,NA,0,NA,NA,NA,NA,0,0,NA,NA,NA,dead
2023,1,713,irrigated,NA,NA,NA,0,NA,0,NA,NA,NA,NA,NA,0,NA,NA,NA,NA,dead
2017,2,714,control,NA,7,3,1,1,0,0,16.49336143,14.13716694,2.802957962,2.648807283,0,0,NA,NA,NA,V
2018,2,714,control,NA,6,3,1,1,0,0,14.13716694,28.07798434,2.648807283,3.334985794,0,0,NA,NA,NA,V
2019,2,714,control,NA,6.5,5.5,1,0,0,0,28.07798434,NA,3.334985794,NA,0,0,NA,NA,NA,V
2020,2,714,control,NA,NA,NA,0,0,0,0,NA,NA,NA,NA,0,0,NA,NA,NA,dead
2021,2,714,control,NA,NA,NA,0,0,0,NA,NA,NA,NA,NA,0,0,NA,NA,NA,dead
2022,2,714,control,NA,NA,NA,0,0,NA,0,NA,NA,NA,NA,0,0,NA,NA,NA,dead
2023,2,714,control,NA,NA,NA,0,NA,0,NA,NA,NA,NA,NA,0,NA,NA,NA,NA,dead
2017,1,715,irrigated,NA,10,5.5,1,NA,1,NA,43.19689899,NA,3.76576871,NA,6,0,NA,NA,NA,F
2018,1,715,irrigated,NA,NA,NA,NA,1,NA,1,NA,54.19247327,NA,3.992542029,0,0,NA,NA,NA,NA
2019,1,715,irrigated,NA,11.5,6,1,NA,1,NA,54.19247327,NA,3.992542029,NA,0,0,NA,NA,NA,F
2020,1,715,irrigated,NA,NA,NA,NA,1,NA,0,NA,47.1238898,NA,3.852780087,0,0,NA,NA,NA,NA
2021,1,715,irrigated,NA,10,6,1,1,0,1,47.1238898,74.22012644,3.852780087,4.307035359,0,3,NA,17,NA,V
2022,1,715,irrigated,NA,13.5,7,1,1,1,0,74.22012644,153.1526419,4.307035359,5.031435083,3,0,17,NA,5,F
2023,1,715,irrigated,NA,15,13,1,NA,0,NA,153.1526419,NA,5.031435083,NA,0,NA,NA,NA,NA,V
2017,3,716,control,NA,11.5,7,1,1,1,1,63.22455215,26.70353756,4.146692709,3.284796049,4,6,NA,NA,NA,F
2018,3,716,control,NA,8.5,4,1,1,1,0,26.70353756,38.87720909,3.284796049,3.660408194,6,0,NA,NA,NA,F
2019,3,716,control,NA,9,5.5,1,1,0,0,38.87720909,36.71736414,3.660408194,3.60324978,0,0,NA,NA,NA,V
2020,3,716,control,NA,8.5,5.5,1,1,0,0,36.71736414,21.20575041,3.60324978,3.054272391,0,0,NA,NA,NA,V
2021,3,716,control,NA,9,3,1,1,0,1,21.20575041,94.24777961,3.054272391,4.545927268,0,3,NA,19,NA,V
2022,3,716,control,NA,12,10,1,1,1,1,94.24777961,141.3716694,4.545927268,4.951392376,3,5,19,55,6,F
2023,3,716,control,NA,15,12,1,NA,1,NA,141.3716694,NA,4.951392376,NA,5,NA,55,NA,11,F
2017,2,717,control,NA,10.5,3,1,1,1,1,24.74004215,57.72676501,3.208423071,4.055720931,2,3,NA,NA,NA,F
2018,2,717,control,NA,10.5,7,1,1,1,1,57.72676501,76.77267047,4.055720931,4.340848724,3,3,NA,NA,NA,F
2019,2,717,control,NA,11.5,8.5,1,1,1,0,76.77267047,NA,4.340848724,NA,3,0,NA,NA,NA,F
2020,2,717,control,NA,NA,NA,1,1,0,0,NA,18.84955592,NA,2.936489355,0,0,NA,NA,NA,dormant
2021,2,717,control,NA,8,3,1,0,0,0,18.84955592,NA,2.936489355,NA,0,0,NA,NA,NA,V
2022,2,717,control,NA,NA,NA,0,NA,0,NA,NA,NA,NA,NA,0,NA,NA,NA,NA,U
2016,3,718,control,NA,NA,NA,1,1,1,1,NA,129.590697,NA,4.864380999,5,4,NA,NA,NA,F
2017,3,718,control,NA,15,11,1,1,1,0,129.590697,153.1526419,4.864380999,5.031435083,4,0,NA,NA,NA,F
2018,3,718,control,NA,15,13,1,1,0,0,153.1526419,139.9972226,5.031435083,4.941622584,0,0,NA,NA,NA,V
2019,3,718,control,NA,15.5,11.5,1,1,0,0,139.9972226,47.1238898,4.941622584,3.852780087,0,0,NA,NA,NA,V
2020,3,718,control,NA,10,6,1,1,0,1,47.1238898,86.39379797,3.852780087,4.458915891,0,5,NA,96,NA,V
2021,3,718,control,1,11,10,1,1,1,0,86.39379797,56.54866776,4.458915891,4.035101644,5,0,96,NA,19,F
2022,3,718,control,NA,9,8,1,1,0,1,56.54866776,113.0973355,4.035101644,4.728248824,0,3,NA,0,NA,V
2023,3,718,control,NA,12,12,1,NA,1,NA,113.0973355,NA,4.728248824,NA,3,NA,0,NA,0,F
2017,2,719,control,NA,7.5,2.5,1,1,0,1,14.72621556,27.48893572,2.689629277,3.313783586,0,3,NA,NA,NA,V
2018,2,719,control,NA,5,7,1,1,1,0,27.48893572,30.23782929,3.313783586,3.409093766,3,0,NA,NA,NA,F
2019,2,719,control,NA,7,5.5,1,1,0,0,30.23782929,7.853981634,3.409093766,2.061020618,0,0,NA,NA,NA,V
2020,2,719,control,NA,4,2.5,1,0,0,NA,7.853981634,NA,2.061020618,NA,0,0,NA,NA,NA,V
2021,2,719,control,NA,NA,NA,0,0,NA,NA,NA,NA,NA,NA,0,0,NA,NA,NA,dead
2022,2,719,control,NA,NA,NA,0,0,NA,0,NA,NA,NA,NA,0,0,NA,NA,NA,dead
2023,2,719,control,NA,NA,NA,0,NA,0,NA,NA,NA,NA,NA,0,NA,NA,NA,NA,dead
2016,2,720,control,NA,NA,NA,1,1,1,1,NA,32.98672286,NA,3.496105143,1,3,NA,NA,NA,F
2017,2,720,control,NA,12,3.5,1,1,1,1,32.98672286,69.11503838,3.496105143,4.235772339,3,4,NA,NA,NA,F
2018,2,720,control,NA,11,8,1,1,1,0,69.11503838,11.78097245,4.235772339,2.466485726,4,0,NA,NA,NA,F
2019,2,720,control,NA,6,2.5,1,0,0,0,11.78097245,NA,2.466485726,NA,0,0,NA,NA,NA,V
2020,2,720,control,NA,NA,NA,0,0,0,0,NA,NA,NA,NA,0,0,NA,NA,NA,dead
2021,2,720,control,NA,NA,NA,0,0,0,0,NA,NA,NA,NA,0,0,NA,NA,NA,dead
2022,2,720,control,NA,NA,NA,0,NA,0,NA,NA,NA,NA,NA,0,NA,NA,NA,NA,dead
2016,5,721,drought,NA,NA,NA,1,1,1,0,NA,25.13274123,NA,3.224171428,5,0,NA,NA,NA,F
2017,5,721,drought,NA,8,4,1,1,0,0,25.13274123,2.35619449,3.224171428,0.857047813,0,0,NA,NA,NA,V
2018,5,721,drought,NA,3,1,1,1,0,0,2.35619449,11.78097245,0.857047813,2.466485726,0,0,NA,NA,NA,V
2019,5,721,drought,NA,5,3,1,NA,0,NA,11.78097245,NA,2.466485726,NA,0,0,NA,NA,NA,V
2020,5,721,drought,NA,NA,NA,NA,0,NA,0,NA,NA,NA,NA,0,0,NA,NA,NA,NA
2021,5,721,drought,NA,NA,NA,0,0,0,NA,NA,NA,NA,NA,0,0,NA,NA,NA,dead
2022,5,721,drought,NA,NA,NA,0,0,NA,NA,NA,NA,NA,NA,0,0,NA,NA,NA,dead
2023,5,721,drought,NA,NA,NA,0,NA,NA,NA,NA,NA,NA,NA,0,NA,NA,NA,NA,dead
2017,9,724,irrigated,NA,8,4.5,1,1,0,0,28.27433388,3.141592654,3.341954463,1.144729886,0,0,NA,NA,NA,V
2018,9,724,irrigated,NA,4,1,1,0,0,0,3.141592654,NA,1.144729886,NA,0,0,NA,NA,NA,V
2019,9,724,irrigated,NA,NA,NA,0,0,0,NA,NA,NA,NA,NA,0,0,NA,NA,NA,dead
2020,9,724,irrigated,NA,NA,NA,0,0,NA,NA,NA,NA,NA,NA,0,0,NA,NA,NA,dead
2021,9,724,irrigated,NA,NA,NA,0,0,NA,NA,NA,NA,NA,NA,0,0,NA,NA,NA,dead
2022,9,724,irrigated,NA,NA,NA,0,0,NA,NA,NA,NA,NA,NA,0,0,NA,NA,NA,dead
2023,9,724,irrigated,NA,NA,NA,0,NA,NA,NA,NA,NA,NA,NA,0,NA,NA,NA,NA,dead
2017,11,726,control,NA,11.5,8.5,1,1,0,0,76.77267047,251.3274123,4.340848724,5.526756521,0,0,NA,NA,NA,V
2018,11,726,control,NA,16,20,1,1,0,0,251.3274123,32.98672286,5.526756521,3.496105143,0,0,NA,NA,NA,V
2019,11,726,control,NA,14,3,1,NA,0,NA,32.98672286,NA,3.496105143,NA,0,0,NA,NA,NA,V
2020,11,726,control,NA,NA,NA,NA,1,NA,0,NA,18.84955592,NA,2.936489355,0,0,NA,NA,NA,NA
2021,11,726,control,NA,8,3,1,1,0,0,18.84955592,31.41592654,2.936489355,3.447314979,0,0,NA,NA,NA,V
2022,11,726,control,NA,8,5,1,1,0,0,31.41592654,60.47565858,3.447314979,4.102240947,0,0,NA,NA,NA,V
2023,11,726,control,NA,11,7,1,NA,0,NA,60.47565858,NA,4.102240947,NA,0,NA,NA,NA,NA,V
2018,5,729,drought,NA,9,11,1,1,1,0,77.75441818,21.99114858,4.353555375,3.090640035,5,0,NA,NA,NA,F
2019,5,729,drought,NA,7,4,1,NA,0,NA,21.99114858,NA,3.090640035,NA,0,0,NA,NA,NA,V
2020,5,729,drought,NA,NA,NA,NA,1,NA,0,NA,7.657632093,NA,2.03570281,0,0,NA,NA,NA,NA
2021,5,729,drought,NA,6.5,1.5,1,1,0,0,7.657632093,19.63495408,2.03570281,2.97731135,0,0,NA,NA,NA,V
2022,5,729,drought,NA,5,5,1,1,0,0,19.63495408,90.71348787,2.97731135,4.507706055,0,0,NA,NA,NA,V
2023,5,729,drought,NA,11,10.5,1,NA,0,NA,90.71348787,NA,4.507706055,NA,0,NA,NA,NA,NA,V
2018,7,732,drought,NA,8,6,1,1,1,0,37.69911184,62.83185307,3.629636536,4.140462159,4,0,NA,NA,NA,F
2019,7,732,drought,NA,10,8,1,1,0,0,62.83185307,20.42035225,4.140462159,3.016532063,0,0,NA,NA,NA,V
2020,7,732,drought,NA,6.5,4,1,1,0,0,20.42035225,27.48893572,3.016532063,3.313783586,0,0,NA,NA,NA,V
2021,7,732,drought,NA,7,5,1,1,0,0,27.48893572,131.9468915,3.313783586,4.882399504,0,0,NA,NA,NA,V
2022,7,732,drought,NA,14,12,1,1,0,0,131.9468915,21.20575041,4.882399504,3.054272391,0,0,NA,NA,NA,V
2023,7,732,drought,NA,9,3,1,NA,0,NA,21.20575041,NA,3.054272391,NA,0,NA,NA,NA,NA,V
2017,3,733,control,NA,4,3,1,1,0,0,9.424777961,25.13274123,2.243342175,3.224171428,0,0,NA,NA,NA,V
2018,3,733,control,NA,8,4,1,1,0,0,25.13274123,46.73119072,3.224171428,3.844411837,0,0,NA,NA,NA,V
2019,3,733,control,NA,8.5,7,1,1,0,0,46.73119072,19.63495408,3.844411837,2.97731135,0,0,NA,NA,NA,V
2020,3,733,control,NA,5,5,1,1,0,0,19.63495408,17.86780822,2.97731135,2.88300067,0,0,NA,NA,NA,V
2021,3,733,control,NA,6.5,3.5,1,1,0,0,17.86780822,106.0287521,2.88300067,4.663710303,0,0,NA,NA,NA,V
2022,3,733,control,NA,15,9,1,1,0,1,106.0287521,69.11503838,4.663710303,4.235772339,0,6,NA,82,NA,V
2023,3,733,control,NA,11,8,1,NA,1,NA,69.11503838,NA,4.235772339,NA,6,NA,82,NA,13,F
2017,9,734,irrigated,NA,11,7,1,1,0,0,60.47565858,88.35729338,4.102240947,4.481388746,0,0,NA,NA,NA,V
2018,9,734,irrigated,NA,12.5,9,1,1,0,0,88.35729338,3.926990817,4.481388746,1.367873437,0,0,NA,NA,NA,V
2019,9,734,irrigated,NA,5,1,1,NA,0,NA,3.926990817,NA,1.367873437,NA,0,0,NA,NA,NA,V
2020,9,734,irrigated,NA,NA,NA,NA,NA,NA,NA,NA,NA,NA,NA,0,0,NA,NA,NA,NA
2021,9,734,irrigated,NA,NA,NA,NA,1,NA,0,NA,14.13716694,NA,2.648807283,0,0,NA,NA,NA,NA
2022,9,734,irrigated,NA,9,2,1,1,0,0,14.13716694,25.13274123,2.648807283,3.224171428,0,0,NA,NA,NA,V
2023,9,734,irrigated,NA,8,4,1,NA,0,NA,25.13274123,NA,3.224171428,NA,0,NA,NA,NA,NA,V
2017,6,737,irrigated,NA,14,8,1,1,1,1,87.9645943,100.7273145,4.476934396,4.612417009,6,7,NA,NA,NA,F
2018,6,737,irrigated,NA,13.5,9.5,1,1,1,1,100.7273145,68.7223393,4.612417009,4.230074318,7,5,NA,NA,NA,F
2019,6,737,irrigated,NA,12.5,7,1,1,1,1,68.7223393,16.49336143,4.230074318,2.802957962,5,0,NA,NA,NA,F
2020,6,737,irrigated,NA,7,3,1,1,1,0,16.49336143,NA,2.802957962,NA,0,0,NA,NA,NA,F
2021,6,737,irrigated,NA,NA,NA,1,1,0,0,NA,280.3871443,NA,5.636171307,0,0,NA,NA,NA,dormant
2022,6,737,irrigated,NA,21,17,1,1,0,1,280.3871443,153.1526419,5.636171307,5.031435083,0,4,NA,45,NA,V
2023,6,737,irrigated,NA,15,13,1,NA,1,NA,153.1526419,NA,5.031435083,NA,4,NA,45,NA,11,F
2017,1,738,irrigated,NA,8,4,1,1,1,0,25.13274123,16.49336143,3.224171428,2.802957962,2,0,NA,NA,NA,F
2018,1,738,irrigated,NA,6,3.5,1,1,0,1,16.49336143,17.67145868,2.802957962,2.871950834,0,1,NA,NA,NA,V
2019,1,738,irrigated,NA,7.5,3,1,NA,1,NA,17.67145868,NA,2.871950834,NA,1,0,NA,NA,NA,F
2020,1,738,irrigated,NA,NA,NA,NA,1,NA,0,NA,19.242255,NA,2.957108642,0,0,NA,NA,NA,NA
2021,1,738,irrigated,NA,7,3.5,1,0,0,0,19.242255,NA,2.957108642,NA,0,0,NA,NA,NA,V
2022,1,738,irrigated,NA,NA,NA,0,0,0,0,NA,NA,NA,NA,0,0,NA,NA,NA,dead
2023,1,738,irrigated,NA,NA,NA,0,NA,0,NA,NA,NA,NA,NA,0,NA,NA,NA,NA,dead
2017,2,74,control,NA,11,5,1,1,1,0,43.19689899,51.83627878,3.76576871,3.948090267,5,0,NA,NA,NA,F
2018,2,74,control,NA,11,6,1,1,0,0,51.83627878,38.87720909,3.948090267,3.660408194,0,0,NA,NA,NA,V
2019,2,74,control,NA,9,5.5,1,NA,0,NA,38.87720909,NA,3.660408194,NA,0,0,NA,NA,NA,V
2020,2,74,control,NA,NA,NA,NA,1,NA,0,NA,9.424777961,NA,2.243342175,0,0,NA,NA,NA,NA
2021,2,74,control,NA,6,2,1,1,0,0,9.424777961,94.24777961,2.243342175,4.545927268,0,0,NA,NA,NA,V
2022,2,74,control,NA,15,8,1,1,0,1,94.24777961,84.82300165,4.545927268,4.440566752,0,4,NA,0,NA,V
2023,2,74,control,NA,12,9,1,NA,1,NA,84.82300165,NA,4.440566752,NA,4,NA,0,NA,0,F
2017,2,740,control,NA,9,8,1,1,1,1,56.54866776,9.424777961,4.035101644,2.243342175,1,4,NA,NA,NA,F
2018,2,740,control,NA,6,2,1,0,1,0,9.424777961,NA,2.243342175,NA,4,0,NA,NA,NA,F
2019,2,740,control,NA,NA,NA,0,0,0,NA,NA,NA,NA,NA,0,0,NA,NA,NA,dead
2020,2,740,control,NA,NA,NA,0,0,NA,NA,NA,NA,NA,NA,0,0,NA,NA,NA,dead
2021,2,740,control,NA,NA,NA,0,0,NA,0,NA,NA,NA,NA,0,0,NA,NA,NA,dead
2022,2,740,control,NA,NA,NA,0,NA,0,NA,NA,NA,NA,NA,0,NA,NA,NA,NA,dead
2017,3,742,control,NA,11.5,9.5,1,1,1,1,85.80474935,113.0973355,4.452074359,4.728248824,2,6,NA,NA,NA,F
2018,3,742,control,NA,12,12,1,1,1,1,113.0973355,60.47565858,4.728248824,4.102240947,6,4,NA,NA,NA,F
2019,3,742,control,NA,11,7,1,1,1,0,60.47565858,77.75441818,4.102240947,4.353555375,4,0,NA,NA,NA,F
2020,3,742,control,NA,11,9,1,1,0,1,77.75441818,98.96016859,4.353555375,4.594717432,0,6,NA,NA,NA,V
2021,3,742,control,1,12,10.5,1,1,1,0,98.96016859,51.83627878,4.594717432,3.948090267,6,0,NA,NA,NA,F
2022,3,742,control,NA,12,5.5,1,1,0,1,51.83627878,122.5221135,3.948090267,4.808291532,0,5,NA,67,NA,V
2023,3,742,control,NA,12,13,1,NA,1,NA,122.5221135,NA,4.808291532,NA,5,NA,67,NA,13,F
2017,1,743,irrigated,NA,11,6,1,1,1,0,51.83627878,NA,3.948090267,NA,2,0,NA,NA,NA,F
2018,1,743,irrigated,NA,NA,NA,1,1,0,0,NA,NA,NA,NA,0,0,NA,NA,NA,dormant
2019,1,743,irrigated,NA,NA,NA,1,NA,0,NA,NA,NA,NA,NA,0,0,NA,NA,NA,dormant
2020,1,743,irrigated,NA,NA,NA,NA,1,NA,0,NA,16.49336143,NA,2.802957962,0,0,NA,NA,NA,NA
2021,1,743,irrigated,NA,6,3.5,1,1,0,0,16.49336143,38.48451001,2.802957962,3.650255823,0,0,NA,NA,NA,V
2022,1,743,irrigated,NA,7,7,1,1,0,0,38.48451001,24.74004215,3.650255823,3.208423071,0,0,NA,NA,NA,V
2023,1,743,irrigated,NA,10.5,3,1,NA,0,NA,24.74004215,NA,3.208423071,NA,0,NA,NA,NA,NA,V
2016,6,745,irrigated,NA,NA,NA,1,1,1,0,NA,54.97787144,NA,4.006930767,5,0,NA,NA,NA,F
2017,6,745,irrigated,NA,10,7,1,0,0,0,54.97787144,NA,4.006930767,NA,0,0,NA,NA,NA,V
2018,6,745,irrigated,NA,NA,NA,0,0,0,0,NA,NA,NA,NA,0,0,NA,NA,NA,dead
2019,6,745,irrigated,NA,NA,NA,0,0,0,0,NA,NA,NA,NA,0,0,NA,NA,NA,dead
2020,6,745,irrigated,NA,NA,NA,0,0,0,0,NA,NA,NA,NA,0,0,NA,NA,NA,dead
2021,6,745,irrigated,NA,NA,NA,0,0,0,0,NA,NA,NA,NA,0,0,NA,NA,NA,dead
2022,6,745,irrigated,NA,NA,NA,0,NA,0,NA,NA,NA,NA,NA,0,NA,NA,NA,NA,dead
2016,6,746,irrigated,NA,NA,NA,1,1,1,1,NA,112.3119374,NA,4.721280155,3,2,NA,NA,NA,F
2017,6,746,irrigated,NA,13,11,1,1,1,0,112.3119374,94.83682823,4.721280155,4.552157817,2,0,NA,NA,NA,F
2018,6,746,irrigated,NA,11.5,10.5,1,1,0,0,94.83682823,141.3716694,4.552157817,4.951392376,0,0,NA,NA,NA,V
2019,6,746,irrigated,NA,15,12,1,1,0,1,141.3716694,51.83627878,4.951392376,3.948090267,0,2,NA,NA,NA,V
2020,6,746,irrigated,NA,11,6,1,1,1,0,51.83627878,75.39822369,3.948090267,4.322783716,2,0,NA,NA,NA,F
2021,6,746,irrigated,NA,12,8,1,NA,0,NA,75.39822369,NA,4.322783716,NA,0,0,NA,NA,NA,V
2022,6,746,irrigated,NA,NA,NA,NA,1,NA,1,NA,188.4955592,NA,5.239074448,0,4,NA,16,NA,NA
2023,6,746,irrigated,NA,16,15,1,NA,1,NA,188.4955592,NA,5.239074448,NA,4,NA,16,NA,4,F
2018,2,748,control,NA,5.5,4,1,1,1,0,17.27875959,10.60287521,2.849477978,2.36112521,7,0,NA,NA,NA,F
2019,2,748,control,NA,4.5,3,1,NA,0,NA,10.60287521,NA,2.36112521,NA,0,0,NA,NA,NA,V
2020,2,748,control,NA,NA,NA,NA,1,NA,0,NA,33.37942194,NA,3.507939601,0,0,NA,NA,NA,NA
2021,2,748,control,NA,8.5,5,1,1,0,0,33.37942194,65.97344573,3.507939601,4.189252324,0,0,NA,NA,NA,V
2022,2,748,control,NA,14,6,1,1,0,0,65.97344573,45.94579256,4.189252324,3.827462279,0,0,NA,NA,NA,V
2023,2,748,control,NA,9,6.5,1,NA,0,NA,45.94579256,NA,3.827462279,NA,0,NA,NA,NA,NA,V
2017,1,750,irrigated,NA,8,4,1,1,1,0,25.13274123,54.97787144,3.224171428,4.006930767,12,0,NA,NA,NA,F
2018,1,750,irrigated,NA,10,7,1,1,0,0,54.97787144,21.20575041,4.006930767,3.054272391,0,0,NA,NA,NA,V
2019,1,750,irrigated,NA,6,4.5,1,NA,0,NA,21.20575041,NA,3.054272391,NA,0,0,NA,NA,NA,V
2020,1,750,irrigated,NA,NA,NA,NA,0,NA,NA,NA,NA,NA,NA,0,0,NA,NA,NA,NA
2021,1,750,irrigated,NA,NA,NA,0,0,NA,NA,NA,NA,NA,NA,0,0,NA,NA,NA,dead
2022,1,750,irrigated,NA,NA,NA,0,0,NA,NA,NA,NA,NA,NA,0,0,NA,NA,NA,dead
2023,1,750,irrigated,NA,NA,NA,0,NA,NA,NA,NA,NA,NA,NA,0,NA,NA,NA,NA,dead
2016,5,751,drought,NA,NA,NA,1,1,1,0,NA,113.0973355,NA,4.728248824,5,0,NA,NA,NA,F
2017,5,751,drought,NA,16,9,1,1,0,1,113.0973355,95.03317777,4.728248824,4.55422607,0,4,NA,NA,NA,V
2018,5,751,drought,NA,11,11,1,1,1,0,95.03317777,32.39767424,4.55422607,3.478086638,4,0,NA,NA,NA,F
2019,5,751,drought,NA,7.5,5.5,1,NA,0,NA,32.39767424,NA,3.478086638,NA,0,0,NA,NA,NA,V
2020,5,751,drought,NA,NA,NA,NA,1,NA,0,NA,9.424777961,NA,2.243342175,0,0,NA,NA,NA,NA
2021,5,751,drought,NA,6,2,1,1,0,0,9.424777961,NA,2.243342175,NA,0,0,NA,NA,NA,V
2022,5,751,drought,NA,NA,NA,1,1,0,0,NA,103.0835089,NA,4.635539426,0,0,NA,NA,NA,dormant
2023,5,751,drought,NA,12.5,10.5,1,NA,0,NA,103.0835089,NA,4.635539426,NA,0,NA,NA,NA,NA,V
2016,5,756,drought,NA,NA,NA,1,1,1,1,NA,77.75441818,NA,4.353555375,3,3,NA,NA,NA,F
2017,5,756,drought,NA,11,9,1,0,1,0,77.75441818,NA,4.353555375,NA,3,0,NA,NA,NA,F
2018,5,756,drought,NA,NA,NA,0,0,0,0,NA,NA,NA,NA,0,0,NA,NA,NA,dead
2019,5,756,drought,NA,NA,NA,0,0,0,NA,NA,NA,NA,NA,0,0,NA,NA,NA,dead
2020,5,756,drought,NA,NA,NA,0,0,NA,0,NA,NA,NA,NA,0,0,NA,NA,NA,dead
2021,5,756,drought,NA,NA,NA,0,0,0,0,NA,NA,NA,NA,0,0,NA,NA,NA,dead
2022,5,756,drought,NA,NA,NA,0,NA,0,NA,NA,NA,NA,NA,0,NA,NA,NA,NA,dead
2016,6,758,irrigated,NA,NA,NA,1,1,1,0,NA,43.98229715,NA,3.783787215,8,0,NA,NA,NA,F
2017,6,758,irrigated,NA,7,8,1,1,0,0,43.98229715,41.03705404,3.783787215,3.714475416,0,0,NA,NA,NA,V
2018,6,758,irrigated,NA,9.5,5.5,1,1,0,1,41.03705404,108.188597,3.714475416,4.683875973,0,4,NA,NA,NA,V
2019,6,758,irrigated,NA,14.5,9.5,1,NA,1,NA,108.188597,NA,4.683875973,NA,4,0,NA,NA,NA,F
2020,6,758,irrigated,NA,NA,NA,NA,1,NA,1,NA,56.54866776,NA,4.035101644,0,5,NA,NA,NA,NA
2021,6,758,irrigated,NA,12,6,1,1,1,0,56.54866776,76.96902001,4.035101644,4.343403003,5,0,NA,NA,NA,F
2022,6,758,irrigated,NA,14,7,1,1,0,1,76.96902001,200.2765317,4.343403003,5.29969907,0,7,NA,84,NA,V
2023,6,758,irrigated,NA,17,15,1,NA,1,NA,200.2765317,NA,5.29969907,NA,7,NA,84,NA,12,F
2018,5,76,drought,NA,8,6,1,1,1,0,37.69911184,13.35176878,3.629636536,2.591648869,7,0,NA,NA,NA,F
2019,5,76,drought,NA,8.5,2,1,NA,0,NA,13.35176878,NA,2.591648869,NA,0,0,NA,NA,NA,V
2020,5,76,drought,NA,NA,NA,NA,0,NA,NA,NA,NA,NA,NA,0,0,NA,NA,NA,NA
2021,5,76,drought,NA,NA,NA,0,0,NA,NA,NA,NA,NA,NA,0,0,NA,NA,NA,dead
2022,5,76,drought,NA,NA,NA,0,0,NA,NA,NA,NA,NA,NA,0,0,NA,NA,NA,dead
2023,5,76,drought,NA,NA,NA,0,NA,NA,NA,NA,NA,NA,NA,0,NA,NA,NA,NA,dead
2017,2,762,control,NA,10,6,1,1,0,0,47.1238898,131.9468915,3.852780087,4.882399504,0,0,NA,NA,NA,V
2018,2,762,control,NA,14,12,1,1,0,0,131.9468915,21.59844949,4.882399504,3.072621529,0,0,NA,NA,NA,V
2019,2,762,control,NA,5.5,5,1,1,0,0,21.59844949,NA,3.072621529,NA,0,0,NA,NA,NA,V
2020,2,762,control,NA,NA,NA,1,1,0,0,NA,4.71238898,NA,1.550194994,0,0,NA,NA,NA,dormant
2021,2,762,control,NA,4,1.5,1,1,0,0,4.71238898,31.41592654,1.550194994,3.447314979,0,0,NA,NA,NA,V
2022,2,762,control,NA,8,5,1,1,0,0,31.41592654,45.94579256,3.447314979,3.827462279,0,0,NA,NA,NA,V
2023,2,762,control,NA,9,6.5,1,NA,0,NA,45.94579256,NA,3.827462279,NA,0,NA,NA,NA,NA,V
2017,7,770,drought,NA,14,6,1,1,0,0,65.97344573,79.71791358,4.189252324,4.378494323,0,0,NA,NA,NA,V
2018,7,770,drought,NA,14.5,7,1,1,0,1,79.71791358,173.5729941,4.378494323,5.156598226,0,5,NA,NA,NA,V
2019,7,770,drought,NA,17,13,1,1,1,0,173.5729941,164.1482162,5.156598226,5.100769777,5,0,NA,NA,NA,F
2020,7,770,drought,NA,19,11,1,1,0,0,164.1482162,103.6725576,5.100769777,4.641237447,0,0,NA,NA,NA,V
2021,7,770,drought,NA,11,12,1,1,0,0,103.6725576,142.9424657,4.641237447,4.962442212,0,0,NA,NA,NA,V
2022,7,770,drought,NA,13,14,1,1,0,1,142.9424657,84.82300165,4.962442212,4.440566752,0,3,NA,0,NA,V
2023,7,770,drought,NA,9,12,1,NA,1,NA,84.82300165,NA,4.440566752,NA,3,NA,0,NA,0,F
2022,11,772,control,NA,9,2,1,1,0,0,14.13716694,23.5619449,2.648807283,3.159632906,0,0,NA,NA,NA,V
2023,11,772,control,NA,10,3,1,NA,0,NA,23.5619449,NA,3.159632906,NA,0,NA,NA,NA,NA,V
2018,6,773,irrigated,NA,13,9,1,1,1,1,91.89158512,129.590697,4.52060946,4.864380999,4,2,NA,NA,NA,F
2019,6,773,irrigated,NA,15,11,1,1,1,1,129.590697,59.69026042,4.864380999,4.089168865,2,5,NA,NA,NA,F
2020,6,773,irrigated,NA,9.5,8,1,1,1,1,59.69026042,84.82300165,4.089168865,4.440566752,5,4,NA,34,NA,F
2021,6,773,irrigated,1,12,9,1,1,1,1,84.82300165,76.57632093,4.440566752,4.338287903,4,0,34,0,11,F
2022,6,773,irrigated,NA,15,6.5,1,1,1,1,76.57632093,75.98727231,4.338287903,4.330565857,0,6,0,106,NA,F
2023,6,773,irrigated,NA,21.5,4.5,1,NA,1,NA,75.98727231,NA,4.330565857,NA,6,NA,106,NA,17,F
2017,3,774,control,NA,11,5,1,1,1,1,43.19689899,153.1526419,3.76576871,5.031435083,5,6,NA,NA,NA,F
2018,3,774,control,NA,15,13,1,1,1,0,153.1526419,77.75441818,5.031435083,4.353555375,6,0,NA,NA,NA,F
2019,3,774,control,NA,11,9,1,1,0,1,77.75441818,43.98229715,4.353555375,3.783787215,0,0,NA,NA,NA,V
2020,3,774,control,NA,8,7,1,1,1,1,43.98229715,60.0829595,3.783787215,4.095726266,0,6,NA,NA,NA,F
2021,3,774,control,1,9,8.5,1,1,1,1,60.0829595,131.9468915,4.095726266,4.882399504,6,5,NA,51,NA,F
2022,3,774,control,NA,14,12,1,1,1,1,131.9468915,86.39379797,4.882399504,4.458915891,5,6,51,0,10,F
2023,3,774,control,NA,11,10,1,NA,1,NA,86.39379797,NA,4.458915891,NA,6,NA,0,NA,0,F
2016,1,775,irrigated,NA,NA,NA,1,1,1,0,NA,54.97787144,NA,4.006930767,2,0,NA,NA,NA,F
2017,1,775,irrigated,NA,10,7,1,1,0,1,54.97787144,51.83627878,4.006930767,3.948090267,0,4,NA,NA,NA,V
2018,1,775,irrigated,NA,11,6,1,1,1,1,51.83627878,40.05530633,3.948090267,3.690261157,4,0,NA,NA,NA,F
2019,1,775,irrigated,NA,8.5,6,1,1,1,0,40.05530633,32.98672286,3.690261157,3.496105143,0,0,NA,NA,NA,F
2020,1,775,irrigated,NA,7,6,1,1,0,0,32.98672286,25.91813939,3.496105143,3.254943086,0,0,NA,NA,NA,V
2021,1,775,irrigated,NA,11,3,1,1,0,0,25.91813939,109.9557429,3.254943086,4.700077947,0,0,NA,NA,NA,V
2022,1,775,irrigated,NA,14,10,1,1,0,0,109.9557429,173.5729941,4.700077947,5.156598226,0,0,NA,NA,NA,V
2023,1,775,irrigated,NA,13,17,1,NA,0,NA,173.5729941,NA,5.156598226,NA,0,NA,NA,NA,NA,V
2016,5,778,drought,NA,NA,NA,1,1,1,0,NA,26.70353756,NA,3.284796049,3,0,NA,NA,NA,F
2017,5,778,drought,NA,8.5,4,1,1,0,1,26.70353756,75.39822369,3.284796049,4.322783716,0,3,NA,NA,NA,V
2018,5,778,drought,NA,12,8,1,1,1,0,75.39822369,31.41592654,4.322783716,3.447314979,3,0,NA,NA,NA,F
2019,5,778,drought,NA,8,5,1,1,0,0,31.41592654,21.20575041,3.447314979,3.054272391,0,0,NA,NA,NA,V
2020,5,778,drought,NA,6,4.5,1,1,0,0,21.20575041,9.424777961,3.054272391,2.243342175,0,0,NA,NA,NA,V
2021,5,778,drought,NA,6,2,1,0,0,0,9.424777961,NA,2.243342175,NA,0,0,NA,NA,NA,V
2022,5,778,drought,NA,NA,NA,0,0,0,0,NA,NA,NA,NA,0,0,NA,NA,NA,dead
2023,5,778,drought,NA,NA,NA,0,NA,0,NA,NA,NA,NA,NA,0,NA,NA,NA,NA,dead
2017,7,779,drought,NA,15,7,1,1,1,0,82.46680716,21.99114858,4.412395875,3.090640035,4,0,NA,NA,NA,F
2018,7,779,drought,NA,8,3.5,1,0,0,NA,21.99114858,NA,3.090640035,NA,0,0,NA,NA,NA,V
2019,7,779,drought,NA,NA,NA,0,0,NA,NA,NA,NA,NA,NA,0,0,NA,NA,NA,dead
2020,7,779,drought,NA,NA,NA,0,0,NA,NA,NA,NA,NA,NA,0,0,NA,NA,NA,dead
2021,7,779,drought,NA,NA,NA,0,0,NA,0,NA,NA,NA,NA,0,0,NA,NA,NA,dead
2022,7,779,drought,NA,NA,NA,0,NA,0,NA,NA,NA,NA,NA,0,NA,NA,NA,NA,dead
2018,5,78,drought,NA,8,6,1,0,1,0,37.69911184,NA,3.629636536,NA,5,0,NA,NA,NA,F
2019,5,78,drought,NA,NA,NA,0,0,0,NA,NA,NA,NA,NA,0,0,NA,NA,NA,dead
2020,5,78,drought,NA,NA,NA,0,0,NA,NA,NA,NA,NA,NA,0,0,NA,NA,NA,dead
2021,5,78,drought,NA,NA,NA,0,0,NA,NA,NA,NA,NA,NA,0,0,NA,NA,NA,dead
2022,5,78,drought,NA,NA,NA,0,0,NA,NA,NA,NA,NA,NA,0,0,NA,NA,NA,dead
2023,5,78,drought,NA,NA,NA,0,NA,NA,NA,NA,NA,NA,NA,0,NA,NA,NA,NA,dead
2017,11,781,control,NA,13,5,1,1,1,0,51.05088062,106.0287521,3.932822795,4.663710303,3,0,NA,NA,NA,F
2018,11,781,control,NA,15,9,1,1,0,0,106.0287521,74.61282552,4.663710303,4.312312416,0,0,NA,NA,NA,V
2019,11,781,control,NA,10,9.5,1,1,0,1,74.61282552,9.424777961,4.312312416,2.243342175,0,4,NA,NA,NA,V
2020,11,781,control,NA,4,3,1,1,1,0,9.424777961,21.20575041,2.243342175,3.054272391,4,0,NA,NA,NA,F
2021,11,781,control,NA,9,3,1,1,0,0,21.20575041,42.41150082,3.054272391,3.747419571,0,0,NA,NA,NA,V
2022,11,781,control,NA,9,6,1,1,0,1,42.41150082,49.48008429,3.747419571,3.901570251,0,3,NA,41,NA,V
2023,11,781,control,NA,9,7,1,NA,1,NA,49.48008429,NA,3.901570251,NA,3,NA,41,NA,13,F
2017,13,782,control,NA,7.5,6,1,1,1,0,35.34291735,32.98672286,3.565098014,3.496105143,3,0,NA,NA,NA,F
2018,13,782,control,NA,7,6,1,1,0,0,32.98672286,26.70353756,3.496105143,3.284796049,0,0,NA,NA,NA,V
2019,13,782,control,NA,8.5,4,1,1,0,1,26.70353756,14.13716694,3.284796049,2.648807283,0,0,NA,NA,NA,V
2020,13,782,control,NA,6,3,1,1,1,0,14.13716694,37.69911184,2.648807283,3.629636536,0,0,NA,NA,NA,F
2021,13,782,control,NA,8,6,1,1,0,1,37.69911184,91.89158512,3.629636536,4.52060946,0,3,NA,55,NA,V
2022,13,782,control,NA,13,9,1,1,1,1,91.89158512,77.75441818,4.52060946,4.353555375,3,5,55,73,18,F
2023,13,782,control,NA,11,9,1,NA,1,NA,77.75441818,NA,4.353555375,NA,5,NA,73,NA,14,F
2016,5,784,drought,NA,NA,NA,1,1,1,0,NA,71.47123287,NA,4.269295031,2,0,NA,NA,NA,F
2017,5,784,drought,NA,13,7,1,1,0,0,71.47123287,117.8097245,4.269295031,4.769070819,0,0,NA,NA,NA,V
2018,5,784,drought,NA,15,10,1,1,0,1,117.8097245,13.74446786,4.769070819,2.620636406,0,1,NA,NA,NA,V
2019,5,784,drought,NA,5,3.5,1,NA,1,NA,13.74446786,NA,2.620636406,NA,1,0,NA,NA,NA,F
2020,5,784,drought,NA,NA,NA,NA,1,NA,0,NA,14.13716694,NA,2.648807283,0,0,NA,NA,NA,NA
2021,5,784,drought,NA,9,2,1,0,0,0,14.13716694,NA,2.648807283,NA,0,0,NA,NA,NA,V
2022,5,784,drought,NA,NA,NA,0,0,0,0,NA,NA,NA,NA,0,0,NA,NA,NA,dead
2023,5,784,drought,NA,NA,NA,0,NA,0,NA,NA,NA,NA,NA,0,NA,NA,NA,NA,dead
2017,2,786,control,NA,8.5,2.5,1,1,1,1,16.68971097,49.48008429,2.81479242,3.901570251,2,4,NA,NA,NA,F
2018,2,786,control,NA,9,7,1,1,1,1,49.48008429,62.83185307,3.901570251,4.140462159,4,5,NA,NA,NA,F
2019,2,786,control,NA,10,8,1,1,1,1,62.83185307,34.55751919,4.140462159,3.542625159,5,0,NA,NA,NA,F
2020,2,786,control,NA,11,4,1,1,1,1,34.55751919,59.69026042,3.542625159,4.089168865,0,5,NA,NA,NA,F
2021,2,786,control,1,9.5,8,1,1,1,1,59.69026042,213.6283004,4.089168865,5.364237591,5,2,NA,42,NA,F
2022,2,786,control,NA,17,16,1,1,1,1,213.6283004,85.21570073,5.364237591,4.445185698,2,7,42,97,21,F
2023,2,786,control,NA,15.5,7,1,NA,1,NA,85.21570073,NA,4.445185698,NA,7,NA,97,NA,13,F
2017,3,787,control,NA,9,6,1,1,0,1,42.41150082,27.48893572,3.747419571,3.313783586,0,3,NA,NA,NA,V
2018,3,787,control,NA,10,3.5,1,1,1,0,27.48893572,25.13274123,3.313783586,3.224171428,3,0,NA,NA,NA,F
2019,3,787,control,NA,8,4,1,1,0,0,25.13274123,18.84955592,3.224171428,2.936489355,0,0,NA,NA,NA,V
2020,3,787,control,NA,6,4,1,1,0,0,18.84955592,37.69911184,2.936489355,3.629636536,0,0,NA,NA,NA,V
2021,3,787,control,NA,8,6,1,1,0,1,37.69911184,60.47565858,3.629636536,4.102240947,0,5,NA,0,NA,V
2022,3,787,control,NA,11,7,1,1,1,1,60.47565858,138.2300768,4.102240947,4.92891952,5,7,0,42,0,F
2023,3,787,control,NA,16,11,1,NA,1,NA,138.2300768,NA,4.92891952,NA,7,NA,42,NA,6,F
2018,5,788,drought,NA,9,6.5,1,1,1,0,45.94579256,27.48893572,3.827462279,3.313783586,4,0,NA,NA,NA,F
2019,5,788,drought,NA,7,5,1,NA,0,NA,27.48893572,NA,3.313783586,NA,0,0,NA,NA,NA,V
2020,5,788,drought,NA,NA,NA,NA,1,NA,0,NA,9.424777961,NA,2.243342175,0,0,NA,NA,NA,NA
2021,5,788,drought,NA,6,2,1,1,0,0,9.424777961,47.1238898,2.243342175,3.852780087,0,0,NA,NA,NA,V
2022,5,788,drought,NA,15,4,1,1,0,0,47.1238898,112.3119374,3.852780087,4.721280155,0,0,NA,NA,NA,V
2023,5,788,drought,NA,13,11,1,NA,0,NA,112.3119374,NA,4.721280155,NA,0,NA,NA,NA,NA,V
2017,8,79,control,NA,5,2.5,1,1,0,0,9.817477042,20.02765317,2.284164169,2.997113977,0,0,NA,NA,NA,V
2018,8,79,control,NA,8.5,3,1,1,0,0,20.02765317,NA,2.997113977,NA,0,0,NA,NA,NA,V
2019,8,79,control,NA,NA,NA,1,1,0,0,NA,15.31526419,NA,2.72884999,0,0,NA,NA,NA,dormant
2020,8,79,control,NA,6.5,3,1,1,0,0,15.31526419,27.48893572,2.72884999,3.313783586,0,0,NA,NA,NA,V
2021,8,79,control,NA,7,5,1,1,0,0,27.48893572,102.1017612,3.313783586,4.625969975,0,0,NA,NA,NA,V
2022,8,79,control,NA,13,10,1,1,0,0,102.1017612,137.4446786,4.625969975,4.923221499,0,0,NA,NA,NA,V
2023,8,79,control,NA,14,12.5,1,NA,0,NA,137.4446786,NA,4.923221499,NA,0,NA,NA,NA,NA,V
2016,2,792,control,NA,NA,NA,1,1,1,1,NA,62.83185307,NA,4.140462159,2,3,NA,NA,NA,F
2017,2,792,control,NA,10,8,1,1,1,1,62.83185307,87.9645943,4.140462159,4.476934396,3,3,NA,NA,NA,F
2018,2,792,control,NA,14,8,1,1,1,1,87.9645943,37.69911184,4.476934396,3.629636536,3,5,NA,NA,NA,F
2019,2,792,control,NA,8,6,1,0,1,0,37.69911184,NA,3.629636536,NA,5,0,NA,NA,NA,F
2020,2,792,control,NA,NA,NA,0,0,0,0,NA,NA,NA,NA,0,0,NA,NA,NA,dead
2021,2,792,control,NA,NA,NA,0,0,0,0,NA,NA,NA,NA,0,0,NA,NA,NA,dead
2022,2,792,control,NA,NA,NA,0,NA,0,NA,NA,NA,NA,NA,0,NA,NA,NA,NA,dead
2016,5,798,drought,NA,NA,NA,1,1,1,0,NA,31.80862562,NA,3.459737499,3,0,NA,NA,NA,F
2017,5,798,drought,NA,9,4.5,1,1,0,1,31.80862562,35.34291735,3.459737499,3.565098014,0,0,NA,NA,NA,V
2018,5,798,drought,NA,9,5,1,1,1,0,35.34291735,43.98229715,3.565098014,3.783787215,0,0,NA,NA,NA,F
2019,5,798,drought,NA,8,7,1,1,0,0,43.98229715,NA,3.783787215,NA,0,0,NA,NA,NA,V
2020,5,798,drought,NA,NA,NA,1,1,0,0,NA,1.963495408,NA,0.674726257,0,0,NA,NA,NA,dormant
2021,5,798,drought,NA,5,0.5,1,NA,0,NA,1.963495408,NA,0.674726257,NA,0,0,NA,NA,NA,V
2022,5,798,drought,NA,NA,NA,NA,0,NA,0,NA,NA,NA,NA,0,0,NA,NA,NA,NA
2023,5,798,drought,NA,NA,NA,0,NA,0,NA,NA,NA,NA,NA,0,NA,NA,NA,NA,U
2017,1,799,irrigated,NA,10,4,1,1,1,0,31.41592654,5.890486225,3.447314979,1.773338545,5,0,NA,NA,NA,F
2018,1,799,irrigated,NA,5,1.5,1,1,0,0,5.890486225,63.61725124,1.773338545,4.152884679,0,0,NA,NA,NA,V
2019,1,799,irrigated,NA,9,9,1,NA,0,NA,63.61725124,NA,4.152884679,NA,0,0,NA,NA,NA,V
2020,1,799,irrigated,NA,NA,NA,NA,1,NA,0,NA,47.1238898,NA,3.852780087,0,0,NA,NA,NA,NA
2021,1,799,irrigated,NA,10,6,1,1,0,0,47.1238898,115.45353,3.852780087,4.748868112,0,0,NA,NA,NA,V
2022,1,799,irrigated,NA,14,10.5,1,1,0,1,115.45353,63.22455215,4.748868112,4.146692709,0,4,NA,59,NA,V
2023,1,799,irrigated,NA,11.5,7,1,NA,1,NA,63.22455215,NA,4.146692709,NA,4,NA,59,NA,14,F
2016,11,80,control,NA,NA,NA,1,1,1,0,NA,31.80862562,NA,3.459737499,3,0,NA,NA,NA,F
2017,11,80,control,NA,9,4.5,1,0,0,0,31.80862562,NA,3.459737499,NA,0,0,NA,NA,NA,V
2018,11,80,control,NA,NA,NA,0,0,0,0,NA,NA,NA,NA,0,0,NA,NA,NA,dead
2019,11,80,control,NA,NA,NA,0,0,0,NA,NA,NA,NA,NA,0,0,NA,NA,NA,dead
2020,11,80,control,NA,NA,NA,0,0,NA,NA,NA,NA,NA,NA,0,0,NA,NA,NA,dead
2021,11,80,control,NA,NA,NA,0,0,NA,NA,NA,NA,NA,NA,0,0,NA,NA,NA,dead
2022,11,80,control,NA,NA,NA,0,0,NA,0,NA,NA,NA,NA,0,0,NA,NA,NA,dead
2023,11,80,control,NA,NA,NA,0,NA,0,NA,NA,NA,NA,NA,0,NA,NA,NA,NA,dead
2018,5,800,drought,NA,6,5.5,1,1,1,0,25.91813939,32.98672286,3.254943086,3.496105143,5,0,NA,NA,NA,F
2019,5,800,drought,NA,7,6,1,NA,0,NA,32.98672286,NA,3.496105143,NA,0,0,NA,NA,NA,V
2020,5,800,drought,NA,NA,NA,NA,0,NA,0,NA,NA,NA,NA,0,0,NA,NA,NA,NA
2021,5,800,drought,NA,NA,NA,0,0,0,0,NA,NA,NA,NA,0,0,NA,NA,NA,dead
2022,5,800,drought,NA,NA,NA,0,NA,0,NA,NA,NA,NA,NA,0,NA,NA,NA,NA,dead
2017,14,801,drought,NA,10,6,1,1,0,0,47.1238898,131.9468915,3.852780087,4.882399504,0,0,NA,NA,NA,V
2018,14,801,drought,NA,12,14,1,1,0,0,131.9468915,32.98672286,4.882399504,3.496105143,0,0,NA,NA,NA,V
2019,14,801,drought,NA,10.5,4,1,1,0,0,32.98672286,60.0829595,3.496105143,4.095726266,0,0,NA,NA,NA,V
2020,14,801,drought,NA,9,8.5,1,1,0,0,60.0829595,37.69911184,4.095726266,3.629636536,0,0,NA,NA,NA,V
2021,14,801,drought,NA,8,6,1,1,0,0,37.69911184,70.68583471,3.629636536,4.258245195,0,0,NA,NA,NA,V
2022,14,801,drought,NA,10,9,1,1,0,0,70.68583471,131.9468915,4.258245195,4.882399504,0,0,NA,NA,NA,V
2023,14,801,drought,NA,14,12,1,NA,0,NA,131.9468915,NA,4.882399504,NA,0,NA,NA,NA,NA,V
2016,6,802,irrigated,NA,NA,NA,1,1,1,0,NA,28.27433388,NA,3.341954463,4,0,NA,NA,NA,F
2017,6,802,irrigated,NA,9,4,1,1,0,0,28.27433388,18.84955592,3.341954463,2.936489355,0,0,NA,NA,NA,V
2018,6,802,irrigated,NA,8,3,1,1,0,0,18.84955592,89.53539063,2.936489355,4.494633973,0,0,NA,NA,NA,V
2019,6,802,irrigated,NA,12,9.5,1,NA,0,NA,89.53539063,NA,4.494633973,NA,0,0,NA,NA,NA,V
2020,6,802,irrigated,NA,NA,NA,NA,1,NA,0,NA,18.84955592,NA,2.936489355,0,0,NA,NA,NA,NA
2021,6,802,irrigated,NA,8,3,1,1,0,0,18.84955592,31.41592654,2.936489355,3.447314979,0,0,NA,NA,NA,V
2022,6,802,irrigated,NA,8,5,1,1,0,0,31.41592654,43.19689899,3.447314979,3.76576871,0,0,NA,NA,NA,V
2023,6,802,irrigated,NA,11,5,1,NA,0,NA,43.19689899,NA,3.76576871,NA,0,NA,NA,NA,NA,V
2018,5,803,drought,NA,7,5.5,1,0,1,0,30.23782929,NA,3.409093766,NA,5,0,NA,NA,NA,F
2019,5,803,drought,NA,NA,NA,0,0,0,NA,NA,NA,NA,NA,0,0,NA,NA,NA,dead
2020,5,803,drought,NA,NA,NA,0,0,NA,0,NA,NA,NA,NA,0,0,NA,NA,NA,dead
2021,5,803,drought,NA,NA,NA,0,0,0,0,NA,NA,NA,NA,0,0,NA,NA,NA,dead
2022,5,803,drought,NA,NA,NA,0,NA,0,NA,NA,NA,NA,NA,0,NA,NA,NA,NA,dead
2017,11,805,control,NA,9,4,1,1,0,0,28.27433388,85.80474935,3.341954463,4.452074359,0,0,NA,NA,NA,V
2018,11,805,control,NA,11.5,9.5,1,1,0,0,85.80474935,23.5619449,4.452074359,3.159632906,0,0,NA,NA,NA,V
2019,11,805,control,NA,6,5,1,NA,0,NA,23.5619449,NA,3.159632906,NA,0,0,NA,NA,NA,V
2020,11,805,control,NA,NA,NA,NA,NA,NA,NA,NA,NA,NA,NA,0,0,NA,NA,NA,NA
2021,11,805,control,NA,NA,NA,NA,1,NA,0,NA,8.246680716,NA,2.109810782,0,0,NA,NA,NA,NA
2022,11,805,control,NA,7,1.5,1,1,0,0,8.246680716,11.78097245,2.109810782,2.466485726,0,0,NA,NA,NA,V
2023,11,805,control,NA,7.5,2,1,NA,0,NA,11.78097245,NA,2.466485726,NA,0,NA,NA,NA,NA,V
2017,14,807,drought,NA,11,4,1,1,0,0,34.55751919,31.41592654,3.542625159,3.447314979,0,0,NA,NA,NA,V
2018,14,807,drought,NA,10,4,1,1,0,0,31.41592654,42.41150082,3.447314979,3.747419571,0,0,NA,NA,NA,V
2019,14,807,drought,NA,9,6,1,1,0,0,42.41150082,11.78097245,3.747419571,2.466485726,0,0,NA,NA,NA,V
2020,14,807,drought,NA,5,3,1,1,0,0,11.78097245,23.5619449,2.466485726,3.159632906,0,0,NA,NA,NA,V
2021,14,807,drought,NA,10,3,1,1,0,0,23.5619449,63.61725124,3.159632906,4.152884679,0,0,NA,NA,NA,V
2022,14,807,drought,NA,9,9,1,1,0,0,63.61725124,22.97289628,4.152884679,3.134315098,0,0,NA,NA,NA,V
2023,14,807,drought,NA,6.5,4.5,1,NA,0,NA,22.97289628,NA,3.134315098,NA,0,NA,NA,NA,NA,V
2018,5,808,drought,NA,7,5,1,1,1,0,27.48893572,15.70796327,3.313783586,2.754167798,2,0,NA,NA,NA,F
2019,5,808,drought,NA,5,4,1,NA,0,NA,15.70796327,NA,2.754167798,NA,0,0,NA,NA,NA,V
2020,5,808,drought,NA,NA,NA,NA,0,NA,NA,NA,NA,NA,NA,0,0,NA,NA,NA,NA
2021,5,808,drought,NA,NA,NA,0,0,NA,0,NA,NA,NA,NA,0,0,NA,NA,NA,dead
2022,5,808,drought,NA,NA,NA,0,0,0,0,NA,NA,NA,NA,0,0,NA,NA,NA,dead
2023,5,808,drought,NA,NA,NA,0,NA,0,NA,NA,NA,NA,NA,0,NA,NA,NA,NA,dead
2016,6,809,irrigated,NA,NA,NA,1,1,1,0,NA,138.2300768,NA,4.92891952,7,0,NA,NA,NA,F
2017,6,809,irrigated,NA,16,11,1,1,0,1,138.2300768,86.39379797,4.92891952,4.458915891,0,5,NA,NA,NA,V
2018,6,809,irrigated,NA,11,10,1,1,1,1,86.39379797,153.93804,4.458915891,5.036550184,5,10,NA,NA,NA,F
2019,6,809,irrigated,NA,14,14,1,1,1,1,153.93804,96.99667318,5.036550184,4.574676681,10,0,NA,NA,NA,F
2020,6,809,irrigated,NA,13,9.5,1,1,1,1,96.99667318,62.83185307,4.574676681,4.140462159,0,6,NA,NA,NA,F
2021,6,809,irrigated,1,10,8,1,1,1,1,62.83185307,70.68583471,4.140462159,4.258245195,6,6,NA,108,NA,F
2022,6,809,irrigated,NA,10,9,1,1,1,0,70.68583471,21.20575041,4.258245195,3.054272391,6,0,108,NA,18,F
2023,6,809,irrigated,NA,9,3,1,NA,0,NA,21.20575041,NA,3.054272391,NA,0,NA,NA,NA,NA,V
2016,6,81,irrigated,NA,NA,NA,1,1,1,0,NA,84.82300165,NA,4.440566752,6,0,NA,NA,NA,F
2017,6,81,irrigated,NA,12,9,1,1,0,0,84.82300165,125.6637061,4.440566752,4.83360934,0,0,NA,NA,NA,V
2018,6,81,irrigated,NA,16,10,1,1,0,0,125.6637061,51.05088062,4.83360934,3.932822795,0,0,NA,NA,NA,V
2019,6,81,irrigated,NA,10,6.5,1,NA,0,NA,51.05088062,NA,3.932822795,NA,0,0,NA,NA,NA,V
2020,6,81,irrigated,NA,NA,NA,NA,NA,NA,NA,NA,NA,NA,NA,0,0,NA,NA,NA,NA
2021,6,81,irrigated,NA,NA,NA,NA,1,NA,0,NA,82.46680716,NA,4.412395875,0,0,NA,NA,NA,NA
2022,6,81,irrigated,NA,17.5,6,1,0,0,0,82.46680716,NA,4.412395875,NA,0,0,NA,NA,NA,V
2023,6,81,irrigated,NA,NA,NA,0,NA,0,NA,NA,NA,NA,NA,0,NA,NA,NA,NA,U
2017,2,811,control,NA,10.2,8,1,0,1,NA,64.08849013,NA,4.160264787,NA,3,0,NA,NA,NA,F
2018,2,811,control,NA,NA,NA,0,0,NA,NA,NA,NA,NA,NA,0,0,NA,NA,NA,dead
2019,2,811,control,NA,NA,NA,0,0,NA,NA,NA,NA,NA,NA,0,0,NA,NA,NA,dead
2020,2,811,control,NA,NA,NA,0,0,NA,NA,NA,NA,NA,NA,0,0,NA,NA,NA,dead
2021,2,811,control,NA,NA,NA,0,0,NA,NA,NA,NA,NA,NA,0,0,NA,NA,NA,dead
2022,2,811,control,NA,NA,NA,0,0,NA,NA,NA,NA,NA,NA,0,0,NA,NA,NA,dead
2023,2,811,control,NA,NA,NA,0,NA,NA,NA,NA,NA,NA,NA,0,NA,NA,NA,NA,dead
2017,12,812,irrigated,NA,4,2,1,1,0,0,6.283185307,11.78097245,1.837877066,2.466485726,0,0,NA,NA,NA,V
2018,12,812,irrigated,NA,5,3,1,1,0,0,11.78097245,1.963495408,2.466485726,0.674726257,0,0,NA,NA,NA,V
2019,12,812,irrigated,NA,2.5,1,1,NA,0,NA,1.963495408,NA,0.674726257,NA,0,0,NA,NA,NA,V
2020,12,812,irrigated,NA,NA,NA,NA,NA,NA,NA,NA,NA,NA,NA,0,0,NA,NA,NA,NA
2021,12,812,irrigated,NA,NA,NA,NA,NA,NA,NA,NA,NA,NA,NA,0,0,NA,NA,NA,NA
2022,12,812,irrigated,NA,NA,NA,NA,1,NA,0,NA,5.890486225,NA,1.773338545,0,0,NA,NA,NA,NA
2023,12,812,irrigated,NA,3,2.5,1,NA,0,NA,5.890486225,NA,1.773338545,NA,0,NA,NA,NA,NA,V
2017,11,813,control,NA,9,4,1,1,0,1,28.27433388,21.20575041,3.341954463,3.054272391,0,2,NA,NA,NA,V
2018,11,813,control,NA,9,3,1,0,1,0,21.20575041,NA,3.054272391,NA,2,0,NA,NA,NA,F
2019,11,813,control,NA,NA,NA,0,0,0,NA,NA,NA,NA,NA,0,0,NA,NA,NA,dead
2020,11,813,control,NA,NA,NA,0,0,NA,0,NA,NA,NA,NA,0,0,NA,NA,NA,dead
2021,11,813,control,NA,NA,NA,0,0,0,NA,NA,NA,NA,NA,0,0,NA,NA,NA,dead
2022,11,813,control,NA,NA,NA,0,0,NA,0,NA,NA,NA,NA,0,0,NA,NA,NA,dead
2023,11,813,control,NA,NA,NA,0,NA,0,NA,NA,NA,NA,NA,0,NA,NA,NA,NA,dead
2017,11,814,control,NA,11,7,1,1,0,0,60.47565858,27.48893572,4.102240947,3.313783586,0,0,NA,NA,NA,V
2018,11,814,control,NA,7,5,1,1,0,0,27.48893572,14.13716694,3.313783586,2.648807283,0,0,NA,NA,NA,V
2019,11,814,control,NA,6,3,1,NA,0,NA,14.13716694,NA,2.648807283,NA,0,0,NA,NA,NA,V
2020,11,814,control,NA,NA,NA,NA,0,NA,0,NA,NA,NA,NA,0,0,NA,NA,NA,NA
2021,11,814,control,NA,NA,NA,0,0,0,0,NA,NA,NA,NA,0,0,NA,NA,NA,dead
2022,11,814,control,NA,NA,NA,0,NA,0,NA,NA,NA,NA,NA,0,NA,NA,NA,NA,dead
2017,2,821,control,NA,16,8.5,1,1,1,0,106.8141502,18.84955592,4.67109041,2.936489355,9,0,NA,NA,NA,F
2018,2,821,control,NA,8,3,1,1,0,0,18.84955592,16.49336143,2.936489355,2.802957962,0,0,NA,NA,NA,V
2019,2,821,control,NA,6,3.5,1,NA,0,NA,16.49336143,NA,2.802957962,NA,0,0,NA,NA,NA,V
2020,2,821,control,NA,NA,NA,NA,1,NA,0,NA,10.79922475,NA,2.379474349,0,0,NA,NA,NA,NA
2021,2,821,control,NA,5.5,2.5,1,1,0,0,10.79922475,42.41150082,2.379474349,3.747419571,0,0,NA,NA,NA,V
2022,2,821,control,NA,9,6,1,1,0,0,42.41150082,30.04147975,3.747419571,3.402579085,0,0,NA,NA,NA,V
2023,2,821,control,NA,8.5,4.5,1,NA,0,NA,30.04147975,NA,3.402579085,NA,0,NA,NA,NA,NA,V
2017,9,824,irrigated,NA,10,5.5,1,1,0,0,43.19689899,21.99114858,3.76576871,3.090640035,0,0,NA,NA,NA,V
2018,9,824,irrigated,NA,7,4,1,0,0,0,21.99114858,NA,3.090640035,NA,0,0,NA,NA,NA,V
2019,9,824,irrigated,NA,NA,NA,0,0,0,0,NA,NA,NA,NA,0,0,NA,NA,NA,dead
2020,9,824,irrigated,NA,NA,NA,0,0,0,0,NA,NA,NA,NA,0,0,NA,NA,NA,dead
2021,9,824,irrigated,NA,NA,NA,0,0,0,0,NA,NA,NA,NA,0,0,NA,NA,NA,dead
2022,9,824,irrigated,NA,NA,NA,0,NA,0,NA,NA,NA,NA,NA,0,NA,NA,NA,NA,dead
2018,1,825,irrigated,NA,9.5,4,1,1,1,0,29.84513021,27.48893572,3.396021684,3.313783586,6,0,NA,NA,NA,F
2019,1,825,irrigated,NA,7,5,1,NA,0,NA,27.48893572,NA,3.313783586,NA,0,0,NA,NA,NA,V
2020,1,825,irrigated,NA,NA,NA,NA,1,NA,0,NA,18.84955592,NA,2.936489355,0,0,NA,NA,NA,NA
2021,1,825,irrigated,NA,8,3,1,1,0,1,18.84955592,56.54866776,2.936489355,4.035101644,0,5,NA,0,NA,V
2022,1,825,irrigated,NA,12,6,1,1,1,1,56.54866776,32.98672286,4.035101644,3.496105143,5,4,0,0,0,F
2023,1,825,irrigated,NA,6,7,1,NA,1,NA,32.98672286,NA,3.496105143,NA,4,NA,0,NA,0,F
2017,11,829,control,NA,9,3,1,1,0,0,21.20575041,18.84955592,3.054272391,2.936489355,0,0,NA,NA,NA,V
2018,11,829,control,NA,8,3,1,1,0,0,18.84955592,200.6692307,2.936489355,5.301657934,0,0,NA,NA,NA,V
2019,11,829,control,NA,73,3.5,1,1,0,0,200.6692307,24.74004215,5.301657934,3.208423071,0,0,NA,NA,NA,V
2020,11,829,control,NA,10.5,3,1,1,0,0,24.74004215,50.26548246,3.208423071,3.917318608,0,0,NA,NA,NA,V
2021,11,829,control,NA,8,8,1,1,0,0,50.26548246,32.98672286,3.917318608,3.496105143,0,0,NA,0,NA,V
2022,11,829,control,NA,7,6,1,1,0,0,32.98672286,60.47565858,3.496105143,4.102240947,0,0,0,NA,NA,V
2023,11,829,control,NA,11,7,1,NA,0,NA,60.47565858,NA,4.102240947,NA,0,NA,NA,NA,NA,V
2021,14,8301,drought,NA,4,2,1,1,0,0,6.283185307,10.99557429,1.837877066,2.397492854,0,0,NA,NA,NA,V
2022,14,8301,drought,NA,7,2,1,1,0,0,10.99557429,6.283185307,2.397492854,1.837877066,0,0,NA,NA,NA,V
2023,14,8301,drought,NA,4,2,1,NA,0,NA,6.283185307,NA,1.837877066,NA,0,NA,NA,NA,NA,V
2021,14,8302,drought,NA,8,4,1,1,0,0,25.13274123,54.97787144,3.224171428,4.006930767,0,0,NA,NA,NA,V
2022,14,8302,drought,NA,10,7,1,1,0,0,54.97787144,41.03705404,4.006930767,3.714475416,0,0,NA,NA,NA,V
2023,14,8302,drought,NA,9.5,5.5,1,NA,0,NA,41.03705404,NA,3.714475416,NA,0,NA,NA,NA,NA,V
2021,14,8303,drought,NA,9,4,1,1,0,0,28.27433388,81.28870991,3.341954463,4.398007137,0,0,NA,NA,NA,V
2022,14,8303,drought,NA,11.5,9,1,1,0,0,81.28870991,47.1238898,4.398007137,3.852780087,0,0,NA,NA,NA,V
2023,14,8303,drought,NA,12,5,1,NA,0,NA,47.1238898,NA,3.852780087,NA,0,NA,NA,NA,NA,V
2021,14,8304,drought,NA,8,7,1,1,0,0,43.98229715,70.68583471,3.783787215,4.258245195,0,0,NA,NA,NA,V
2022,14,8304,drought,NA,9,10,1,1,0,1,70.68583471,49.48008429,4.258245195,3.901570251,0,3,NA,21,NA,V
2023,14,8304,drought,NA,9,7,1,NA,1,NA,49.48008429,NA,3.901570251,NA,3,NA,21,NA,7,F
2021,14,8305,drought,NA,5,3,1,1,0,0,11.78097245,60.47565858,2.466485726,4.102240947,0,0,NA,NA,NA,V
2022,14,8305,drought,NA,11,7,1,1,0,0,60.47565858,31.41592654,4.102240947,3.447314979,0,0,NA,NA,NA,V
2023,14,8305,drought,NA,10,4,1,NA,0,NA,31.41592654,NA,3.447314979,NA,0,NA,NA,NA,NA,V
2021,11,8306,control,NA,3,1,1,1,0,0,2.35619449,11.78097245,0.857047813,2.466485726,0,0,NA,NA,NA,V
2022,11,8306,control,NA,5,3,1,0,0,0,11.78097245,NA,2.466485726,NA,0,0,NA,NA,NA,V
2023,11,8306,control,NA,NA,NA,0,NA,0,NA,NA,NA,NA,NA,0,NA,NA,NA,NA,U
2018,11,8307,control,NA,9,7,1,1,0,0,49.48008429,6.479534848,3.901570251,1.868648725,0,0,NA,NA,NA,V
2019,11,8307,control,NA,5.5,1.5,1,1,0,0,6.479534848,19.242255,1.868648725,2.957108642,0,0,NA,NA,NA,V
2020,11,8307,control,NA,7,3.5,1,1,0,0,19.242255,60.47565858,2.957108642,4.102240947,0,0,NA,NA,NA,V
2021,11,8307,control,NA,7,11,1,1,0,0,60.47565858,31.41592654,4.102240947,3.447314979,0,0,NA,NA,NA,V
2022,11,8307,control,NA,10,4,1,1,0,0,31.41592654,39.26990817,3.447314979,3.67045853,0,0,NA,NA,NA,V
2023,11,8307,control,NA,10,5,1,NA,0,NA,39.26990817,NA,3.67045853,NA,0,NA,NA,NA,NA,V
2021,11,8308,control,NA,10,4,1,1,0,0,31.41592654,62.83185307,3.447314979,4.140462159,0,0,NA,NA,NA,V
2022,11,8308,control,NA,10,8,1,1,0,0,62.83185307,106.0287521,4.140462159,4.663710303,0,0,NA,NA,NA,V
2023,11,8308,control,NA,15,9,1,NA,0,NA,106.0287521,NA,4.663710303,NA,0,NA,NA,NA,NA,V
2021,11,8309,control,NA,11,8,1,1,0,0,69.11503838,46.73119072,4.235772339,3.844411837,0,0,NA,NA,NA,V
2022,11,8309,control,NA,17,3.5,1,1,0,0,46.73119072,56.54866776,3.844411837,4.035101644,0,0,NA,NA,NA,V
2023,11,8309,control,NA,9,8,1,NA,0,NA,56.54866776,NA,4.035101644,NA,0,NA,NA,NA,NA,V
2021,11,8310,control,NA,4,2,1,1,0,0,6.283185307,15.70796327,1.837877066,2.754167798,0,0,NA,NA,NA,V
2022,11,8310,control,NA,5,4,1,1,0,0,15.70796327,34.55751919,2.754167798,3.542625159,0,0,NA,NA,NA,V
2023,11,8310,control,NA,11,4,1,NA,0,NA,34.55751919,NA,3.542625159,NA,0,NA,NA,NA,NA,V
2017,11,8311,control,NA,9.5,6,1,1,0,0,44.76769531,71.47123287,3.801486793,4.269295031,0,0,NA,NA,NA,V
2018,11,8311,control,NA,13,7,1,1,0,0,71.47123287,NA,4.269295031,NA,0,0,NA,NA,NA,V
2019,11,8311,control,NA,NA,NA,1,NA,0,NA,NA,NA,NA,NA,0,0,NA,NA,NA,dormant
2020,11,8311,control,NA,NA,NA,NA,1,NA,0,NA,15.70796327,NA,2.754167798,0,0,NA,NA,NA,NA
2021,11,8311,control,NA,8,2.5,1,0,0,0,15.70796327,NA,2.754167798,NA,0,0,NA,NA,NA,V
2022,11,8311,control,NA,NA,NA,0,0,0,0,NA,NA,NA,NA,0,0,NA,NA,NA,dead
2023,11,8311,control,NA,NA,NA,0,NA,0,NA,NA,NA,NA,NA,0,NA,NA,NA,NA,dead
2017,11,8312,control,NA,14,8,1,1,0,0,87.9645943,94.24777961,4.476934396,4.545927268,0,0,NA,NA,NA,V
2018,11,8312,control,NA,15,8,1,1,0,0,94.24777961,77.75441818,4.545927268,4.353555375,0,0,NA,NA,NA,V
2019,11,8312,control,NA,11,9,1,NA,0,NA,77.75441818,NA,4.353555375,NA,0,0,NA,NA,NA,V
2020,11,8312,control,NA,NA,NA,NA,1,NA,0,NA,117.8097245,NA,4.769070819,0,0,NA,NA,NA,NA
2021,11,8312,control,NA,15,10,1,1,0,0,117.8097245,69.11503838,4.769070819,4.235772339,0,0,NA,NA,NA,V
2022,11,8312,control,NA,11,8,1,1,0,0,69.11503838,150.7964474,4.235772339,5.015930897,0,0,NA,NA,NA,V
2023,11,8312,control,NA,16,12,1,NA,0,NA,150.7964474,NA,5.015930897,NA,0,NA,NA,NA,NA,V
2021,11,8313,control,NA,10,5,1,1,0,0,39.26990817,11.78097245,3.67045853,2.466485726,0,0,NA,NA,NA,V
2022,11,8313,control,NA,6,2.5,1,1,0,0,11.78097245,43.19689899,2.466485726,3.76576871,0,0,NA,NA,NA,V
2023,11,8313,control,NA,11,5,1,NA,0,NA,43.19689899,NA,3.76576871,NA,0,NA,NA,NA,NA,V
2021,11,8314,control,1,9,4,1,1,1,0,28.27433388,75.39822369,3.341954463,4.322783716,3,0,NA,NA,NA,F
2022,11,8314,control,NA,12,8,1,1,0,1,75.39822369,28.27433388,4.322783716,3.341954463,0,6,NA,0,NA,V
2023,11,8314,control,NA,9,4,1,NA,1,NA,28.27433388,NA,3.341954463,NA,6,NA,0,NA,0,F
2021,11,8315,control,NA,12,4,1,1,0,0,37.69911184,22.38384766,3.629636536,3.108339612,0,0,NA,NA,NA,V
2022,11,8315,control,NA,9.5,3,1,1,0,0,22.38384766,35.34291735,3.108339612,3.565098014,0,0,NA,NA,NA,V
2023,11,8315,control,NA,9,5,1,NA,0,NA,35.34291735,NA,3.565098014,NA,0,NA,NA,NA,NA,V
2021,11,8316,control,NA,14,6,1,1,0,0,65.97344573,28.27433388,4.189252324,3.341954463,0,0,NA,NA,NA,V
2022,11,8316,control,NA,9,4,1,1,0,0,28.27433388,49.48008429,3.341954463,3.901570251,0,0,NA,NA,NA,V
2023,11,8316,control,NA,9,7,1,NA,0,NA,49.48008429,NA,3.901570251,NA,0,NA,NA,NA,NA,V
2018,9,8317,irrigated,NA,8,5,1,1,0,0,31.41592654,31.41592654,3.447314979,3.447314979,0,0,NA,NA,NA,V
2019,9,8317,irrigated,NA,8,5,1,NA,0,NA,31.41592654,NA,3.447314979,NA,0,0,NA,NA,NA,V
2020,9,8317,irrigated,NA,NA,NA,NA,1,NA,0,NA,30.63052837,NA,3.421997171,0,0,NA,NA,NA,NA
2021,9,8317,irrigated,0,13,3,1,1,0,0,30.63052837,12.76272016,3.421997171,2.546528434,0,0,NA,NA,NA,V
2022,9,8317,irrigated,NA,6.5,2.5,1,1,0,0,12.76272016,39.26990817,2.546528434,3.67045853,0,0,NA,NA,NA,V
2023,9,8317,irrigated,NA,10,5,1,NA,0,NA,39.26990817,NA,3.67045853,NA,0,NA,NA,NA,NA,V
2021,9,8318,irrigated,0,8,3,1,1,0,0,18.84955592,63.42090169,2.936489355,4.149793487,0,0,NA,NA,NA,V
2022,9,8318,irrigated,NA,8.5,9.5,1,1,0,0,63.42090169,84.82300165,4.149793487,4.440566752,0,0,NA,NA,NA,V
2023,9,8318,irrigated,NA,18,6,1,NA,0,NA,84.82300165,NA,4.440566752,NA,0,NA,NA,NA,NA,V
2021,9,8319,irrigated,0,6,5,1,1,0,0,23.5619449,5.497787144,3.159632906,1.704345674,0,0,NA,NA,NA,V
2022,9,8319,irrigated,NA,7,1,1,0,0,0,5.497787144,NA,1.704345674,NA,0,0,NA,NA,NA,V
2023,9,8319,irrigated,NA,NA,NA,0,NA,0,NA,NA,NA,NA,NA,0,NA,NA,NA,NA,U
2017,1,832,irrigated,NA,5,2,1,1,0,0,7.853981634,14.13716694,2.061020618,2.648807283,0,0,NA,NA,NA,V
2018,1,832,irrigated,NA,6,3,1,1,0,0,14.13716694,12.56637061,2.648807283,2.531024247,0,0,NA,NA,NA,V
2019,1,832,irrigated,NA,8,2,1,1,0,0,12.56637061,7.853981634,2.531024247,2.061020618,0,0,NA,NA,NA,V
2020,1,832,irrigated,NA,5,2,1,NA,0,NA,7.853981634,NA,2.061020618,NA,0,0,NA,NA,NA,V
2021,1,832,irrigated,NA,NA,NA,NA,0,NA,0,NA,8.835729338,NA,2.178803653,0,0,NA,NA,NA,NA
2022,1,832,irrigated,NA,7.5,1.5,0,0,0,0,8.835729338,NA,2.178803653,NA,0,0,NA,NA,NA,dead
2023,1,832,irrigated,NA,NA,NA,0,NA,0,NA,NA,NA,NA,NA,0,NA,NA,NA,NA,dead
2021,9,8320,irrigated,0,11,7,1,1,0,0,60.47565858,43.98229715,4.102240947,3.783787215,0,0,NA,NA,NA,V
2022,9,8320,irrigated,NA,16,3.5,1,1,0,1,43.98229715,53.99612373,3.783787215,3.988912261,0,5,NA,0,NA,V
2023,9,8320,irrigated,NA,5.5,12.5,1,NA,1,NA,53.99612373,NA,3.988912261,NA,5,NA,0,NA,0,F
2021,15,8321,drought,NA,3,1,1,1,0,0,2.35619449,7.068583471,0.857047813,1.955660102,0,0,NA,NA,NA,V
2022,15,8321,drought,NA,4.5,2,1,0,0,0,7.068583471,NA,1.955660102,NA,0,0,NA,NA,NA,V
2023,15,8321,drought,NA,NA,NA,0,NA,0,NA,NA,NA,NA,NA,0,NA,NA,NA,NA,U
2021,15,8322,drought,NA,7,3,1,1,0,0,16.49336143,51.24723016,2.802957962,3.936661571,0,0,NA,NA,NA,V
2022,15,8322,drought,NA,14.5,4.5,1,1,0,1,51.24723016,70.68583471,3.936661571,4.258245195,0,1,NA,8,NA,V
2023,15,8322,drought,NA,10,9,1,NA,1,NA,70.68583471,NA,4.258245195,NA,1,NA,8,NA,8,F
2021,1,8323,irrigated,NA,8,2,1,1,0,0,12.56637061,21.99114858,2.531024247,3.090640035,0,0,NA,NA,NA,V
2022,1,8323,irrigated,NA,7,4,1,1,0,0,21.99114858,54.97787144,3.090640035,4.006930767,0,0,NA,NA,NA,V
2023,1,8323,irrigated,NA,10,7,1,NA,0,NA,54.97787144,NA,4.006930767,NA,0,NA,NA,NA,NA,V
2021,1,8324,irrigated,NA,8,3,1,1,0,0,18.84955592,28.27433388,2.936489355,3.341954463,0,0,NA,NA,NA,V
2022,1,8324,irrigated,NA,9,4,1,1,0,0,28.27433388,51.83627878,3.341954463,3.948090267,0,0,NA,NA,NA,V
2023,1,8324,irrigated,NA,11,6,1,NA,0,NA,51.83627878,NA,3.948090267,NA,0,NA,NA,NA,NA,V
2021,1,8325,irrigated,NA,9,4,1,1,0,0,28.27433388,45.35674394,3.341954463,3.814558874,0,0,NA,NA,NA,V
2022,1,8325,irrigated,NA,10.5,5.5,1,1,0,1,45.35674394,102.1017612,3.814558874,4.625969975,0,4,NA,79,NA,V
2023,1,8325,irrigated,NA,13,10,1,NA,1,NA,102.1017612,NA,4.625969975,NA,4,NA,79,NA,19,F
2021,1,8326,irrigated,NA,4,3,1,1,0,0,9.424777961,25.13274123,2.243342175,3.224171428,0,0,NA,NA,NA,V
2022,1,8326,irrigated,NA,8,4,1,1,0,0,25.13274123,27.48893572,3.224171428,3.313783586,0,0,NA,NA,NA,V
2023,1,8326,irrigated,NA,7,5,1,NA,0,NA,27.48893572,NA,3.313783586,NA,0,NA,NA,NA,NA,V
2021,1,8327,irrigated,NA,5,5,1,1,0,0,19.63495408,65.97344573,2.97731135,4.189252324,0,0,NA,NA,NA,V
2022,1,8327,irrigated,NA,12,7,1,1,0,1,65.97344573,71.47123287,4.189252324,4.269295031,0,3,NA,35,NA,V
2023,1,8327,irrigated,NA,13,7,1,NA,1,NA,71.47123287,NA,4.269295031,NA,3,NA,35,NA,11,F
2021,1,8328,irrigated,NA,8,4,1,1,0,0,25.13274123,63.81360078,3.224171428,4.155966346,0,0,NA,NA,NA,V
2022,1,8328,irrigated,NA,12.5,6.5,1,1,0,1,63.81360078,86.39379797,4.155966346,4.458915891,0,6,NA,0,NA,V
2023,1,8328,irrigated,NA,11,10,1,NA,1,NA,86.39379797,NA,4.458915891,NA,6,NA,0,NA,0,F
2021,1,8329,irrigated,NA,8,4,1,1,0,0,25.13274123,37.69911184,3.224171428,3.629636536,0,0,NA,NA,NA,V
2022,1,8329,irrigated,NA,12,4,1,1,0,1,37.69911184,84.82300165,3.629636536,4.440566752,0,7,NA,36,NA,V
2023,1,8329,irrigated,NA,12,9,1,NA,1,NA,84.82300165,NA,4.440566752,NA,7,NA,36,NA,5,F
2016,5,833,drought,NA,NA,NA,1,1,1,0,NA,11.78097245,NA,2.466485726,3,0,NA,NA,NA,F
2017,5,833,drought,NA,5,3,1,1,0,0,11.78097245,62.83185307,2.466485726,4.140462159,0,0,NA,NA,NA,V
2018,5,833,drought,NA,10,8,1,1,0,0,62.83185307,NA,4.140462159,NA,0,0,NA,NA,NA,V
2019,5,833,drought,NA,NA,NA,1,NA,0,NA,NA,NA,NA,NA,0,0,NA,NA,NA,dormant
2020,5,833,drought,NA,NA,NA,NA,1,NA,0,NA,1.963495408,NA,0.674726257,0,0,NA,NA,NA,NA
2021,5,833,drought,NA,5,0.5,1,NA,0,NA,1.963495408,NA,0.674726257,NA,0,0,NA,NA,NA,V
2022,5,833,drought,NA,NA,NA,NA,1,NA,1,NA,88.35729338,NA,4.481388746,0,5,NA,29,NA,NA
2023,5,833,drought,NA,12.5,9,1,NA,1,NA,88.35729338,NA,4.481388746,NA,5,NA,29,NA,5,F
2021,1,8330,irrigated,NA,8,3,1,1,0,0,18.84955592,16.49336143,2.936489355,2.802957962,0,0,NA,NA,NA,V
2022,1,8330,irrigated,NA,6,3.5,1,1,0,0,16.49336143,29.84513021,2.802957962,3.396021684,0,0,NA,NA,NA,V
2023,1,8330,irrigated,NA,9.5,4,1,NA,0,NA,29.84513021,NA,3.396021684,NA,0,NA,NA,NA,NA,V
2021,1,8331,irrigated,NA,5,3,1,0,0,0,11.78097245,NA,2.466485726,NA,0,0,NA,NA,NA,V
2022,1,8331,irrigated,NA,NA,NA,0,0,0,0,NA,NA,NA,NA,0,0,NA,NA,NA,dead
2023,1,8331,irrigated,NA,NA,NA,0,NA,0,NA,NA,NA,NA,NA,0,NA,NA,NA,NA,dead
2021,1,8332,irrigated,NA,NA,NA,NA,1,1,0,NA,66.75884389,NA,4.201086781,3,0,NA,NA,NA,F
2022,1,8332,irrigated,NA,17,5,1,1,0,1,66.75884389,54.97787144,4.201086781,4.006930767,0,4,NA,0,NA,V
2023,1,8332,irrigated,NA,10,7,1,NA,1,NA,54.97787144,NA,4.006930767,NA,4,NA,0,NA,0,F
2017,3,834,control,NA,7,4,1,1,0,0,21.99114858,74.61282552,3.090640035,4.312312416,0,0,NA,NA,NA,V
2018,3,834,control,NA,10,9.5,1,1,0,1,74.61282552,86.39379797,4.312312416,4.458915891,0,5,NA,NA,NA,V
2019,3,834,control,NA,11,10,1,1,1,1,86.39379797,40.8407045,4.458915891,3.709679243,5,2,NA,NA,NA,F
2020,3,834,control,NA,8,6.5,1,1,1,1,40.8407045,70.68583471,3.709679243,4.258245195,2,5,NA,NA,NA,F
2021,3,834,control,1,10,9,1,1,1,1,70.68583471,77.75441818,4.258245195,4.353555375,5,4,NA,78,NA,F
2022,3,834,control,NA,11,9,1,1,1,1,77.75441818,82.46680716,4.353555375,4.412395875,4,5,78,27,19,F
2023,3,834,control,NA,15,7,1,NA,1,NA,82.46680716,NA,4.412395875,NA,5,NA,27,NA,5,F
2017,2,835,control,NA,6,3,1,1,1,0,14.13716694,4.71238898,2.648807283,1.550194994,2,0,NA,NA,NA,F
2018,2,835,control,NA,3,2,1,0,0,0,4.71238898,NA,1.550194994,NA,0,0,NA,NA,NA,V
2019,2,835,control,NA,NA,NA,0,0,0,NA,NA,NA,NA,NA,0,0,NA,NA,NA,dead
2020,2,835,control,NA,NA,NA,0,0,NA,0,NA,NA,NA,NA,0,0,NA,NA,NA,dead
2021,2,835,control,NA,NA,NA,0,0,0,0,NA,NA,NA,NA,0,0,NA,NA,NA,dead
2022,2,835,control,NA,NA,NA,0,NA,0,NA,NA,NA,NA,NA,0,NA,NA,NA,NA,dead
2017,1,836,irrigated,NA,11.5,6.5,1,1,0,0,58.70851271,43.39324853,4.072584737,3.770303865,0,0,NA,NA,NA,V
2018,1,836,irrigated,NA,8.5,6.5,1,1,0,0,43.39324853,50.26548246,3.770303865,3.917318608,0,0,NA,NA,NA,V
2019,1,836,irrigated,NA,8,8,1,1,0,0,50.26548246,4.71238898,3.917318608,1.550194994,0,0,NA,NA,NA,V
2020,1,836,irrigated,NA,3,2,1,0,0,NA,4.71238898,NA,1.550194994,NA,0,0,NA,NA,NA,V
2021,1,836,irrigated,NA,NA,NA,0,0,NA,NA,NA,NA,NA,NA,0,0,NA,NA,NA,dead
2022,1,836,irrigated,NA,NA,NA,0,0,NA,0,NA,NA,NA,NA,0,0,NA,NA,NA,dead
2023,1,836,irrigated,NA,NA,NA,0,NA,0,NA,NA,NA,NA,NA,0,NA,NA,NA,NA,dead
2017,3,839,control,NA,17.5,13,1,1,1,1,178.6780822,213.6283004,5.185585763,5.364237591,3,11,NA,NA,NA,F
2018,3,839,control,NA,17,16,1,1,1,1,213.6283004,155.5088364,5.364237591,5.046702555,11,4,NA,NA,NA,F
2019,3,839,control,NA,16.5,12,1,1,1,1,155.5088364,120.9513172,5.046702555,4.795388127,4,0,NA,NA,NA,F
2020,3,839,control,NA,14,11,1,1,1,1,120.9513172,56.54866776,4.795388127,4.035101644,0,4,NA,NA,NA,F
2021,3,839,control,1,12,6,1,1,1,1,56.54866776,120.9513172,4.035101644,4.795388127,4,3,NA,57,NA,F
2022,3,839,control,NA,14,11,1,1,1,1,120.9513172,186.9247629,4.795388127,5.230706198,3,6,57,58,19,F
2023,3,839,control,NA,17,14,1,NA,1,NA,186.9247629,NA,5.230706198,NA,6,NA,58,NA,9,F
2018,3,84,control,NA,14,13.5,1,1,1,1,148.4402529,142.9424657,5.00018254,4.962442212,8,2,NA,NA,NA,F
2019,3,84,control,NA,14,13,1,1,1,1,142.9424657,43.39324853,4.962442212,3.770303865,2,3,NA,NA,NA,F
2020,3,84,control,NA,8.5,6.5,1,1,1,0,43.39324853,37.69911184,3.770303865,3.629636536,3,0,NA,NA,NA,F
2021,3,84,control,NA,8,6,1,1,0,1,37.69911184,141.3716694,3.629636536,4.951392376,0,3,NA,63,NA,V
2022,3,84,control,NA,15,12,1,1,1,1,141.3716694,129.590697,4.951392376,4.864380999,3,6,63,87,21,F
2023,3,84,control,NA,15,11,1,NA,1,NA,129.590697,NA,4.864380999,NA,6,NA,87,NA,14,F
2017,11,840,control,NA,11,5,1,0,1,0,43.19689899,NA,3.76576871,NA,1,0,NA,NA,NA,F
2018,11,840,control,NA,NA,NA,0,0,0,0,NA,NA,NA,NA,0,0,NA,NA,NA,dead
2019,11,840,control,NA,NA,NA,0,0,0,NA,NA,NA,NA,NA,0,0,NA,NA,NA,dead
2020,11,840,control,NA,NA,NA,0,0,NA,NA,NA,NA,NA,NA,0,0,NA,NA,NA,dead
2021,11,840,control,NA,NA,NA,0,0,NA,0,NA,NA,NA,NA,0,0,NA,NA,NA,dead
2022,11,840,control,NA,NA,NA,0,NA,0,NA,NA,NA,NA,NA,0,NA,NA,NA,NA,dead
2016,11,841,control,NA,NA,NA,1,1,1,1,NA,129.590697,NA,4.864380999,4,10,NA,NA,NA,F
2017,11,841,control,NA,15,11,1,1,1,1,129.590697,226.1946711,4.864380999,5.421396005,10,6,NA,NA,NA,F
2018,11,841,control,NA,18,16,1,1,1,0,226.1946711,77.75441818,5.421396005,4.353555375,6,0,NA,NA,NA,F
2019,11,841,control,NA,11,9,1,NA,0,NA,77.75441818,NA,4.353555375,NA,0,0,NA,NA,NA,V
2020,11,841,control,NA,NA,NA,NA,1,NA,1,NA,54.97787144,NA,4.006930767,0,2,NA,NA,NA,NA
2021,11,841,control,1,10,7,1,1,1,0,54.97787144,27.48893572,4.006930767,3.313783586,2,0,NA,NA,NA,F
2022,11,841,control,NA,7,5,1,1,0,0,27.48893572,40.8407045,3.313783586,3.709679243,0,0,NA,NA,NA,V
2023,11,841,control,NA,13,4,1,NA,0,NA,40.8407045,NA,3.709679243,NA,0,NA,NA,NA,NA,V
2017,3,842,control,NA,6,3,1,1,0,0,14.13716694,28.27433388,2.648807283,3.341954463,0,0,NA,NA,NA,V
2018,3,842,control,NA,9,4,1,1,0,0,28.27433388,37.30641276,3.341954463,3.619165236,0,0,NA,NA,NA,V
2019,3,842,control,NA,9.5,5,1,1,0,0,37.30641276,25.91813939,3.619165236,3.254943086,0,0,NA,NA,NA,V
2020,3,842,control,NA,6,5.5,1,1,0,1,25.91813939,17.67145868,3.254943086,2.871950834,0,4,NA,NA,NA,V
2021,3,842,control,NA,5,4.5,1,1,1,0,17.67145868,51.83627878,2.871950834,3.948090267,4,0,NA,NA,NA,F
2022,3,842,control,NA,11,6,1,1,0,1,51.83627878,75.39822369,3.948090267,4.322783716,0,9,NA,0,NA,V
2023,3,842,control,NA,12,8,1,NA,1,NA,75.39822369,NA,4.322783716,NA,9,NA,0,NA,0,F
2017,3,843,control,NA,10,7,1,1,1,1,54.97787144,47.1238898,4.006930767,3.852780087,3,4,NA,NA,NA,F
2018,3,843,control,NA,8,7.5,1,1,1,0,47.1238898,47.1238898,3.852780087,3.852780087,4,0,NA,NA,NA,F
2019,3,843,control,NA,12,5,1,1,0,0,47.1238898,1.963495408,3.852780087,0.674726257,0,0,NA,NA,NA,V
2020,3,843,control,NA,2.5,1,1,1,0,0,1.963495408,18.84955592,0.674726257,2.936489355,0,0,NA,NA,NA,V
2021,3,843,control,NA,6,4,1,1,0,0,18.84955592,86.39379797,2.936489355,4.458915891,0,0,NA,NA,NA,V
2022,3,843,control,NA,11,10,1,1,0,1,86.39379797,141.3716694,4.458915891,4.951392376,0,5,NA,0,NA,V
2023,3,843,control,NA,12,15,1,NA,1,NA,141.3716694,NA,4.951392376,NA,5,NA,0,NA,0,F
2017,2,844,control,NA,8.5,2,1,1,0,0,13.35176878,62.83185307,2.591648869,4.140462159,0,0,NA,NA,NA,V
2018,2,844,control,NA,8,10,1,1,0,0,62.83185307,32.98672286,4.140462159,3.496105143,0,0,NA,NA,NA,V
2019,2,844,control,NA,6,7,1,0,0,0,32.98672286,NA,3.496105143,NA,0,0,NA,NA,NA,V
2020,2,844,control,NA,NA,NA,0,0,0,0,NA,NA,NA,NA,0,0,NA,NA,NA,dead
2021,2,844,control,NA,NA,NA,0,0,0,0,NA,NA,NA,NA,0,0,NA,NA,NA,dead
2022,2,844,control,NA,NA,NA,0,NA,0,NA,NA,NA,NA,NA,0,NA,NA,NA,NA,dead
2016,11,846,control,NA,NA,NA,1,1,1,0,NA,102.1017612,NA,4.625969975,6,0,NA,NA,NA,F
2017,11,846,control,NA,13,10,1,1,0,0,102.1017612,82.07410808,4.625969975,4.407622596,0,0,NA,NA,NA,V
2018,11,846,control,NA,11,9.5,1,1,0,1,82.07410808,60.0829595,4.407622596,4.095726266,0,2,NA,NA,NA,V
2019,11,846,control,NA,9,8.5,1,NA,1,NA,60.0829595,NA,4.095726266,NA,2,0,NA,NA,NA,F
2020,11,846,control,NA,NA,NA,NA,0,NA,NA,NA,NA,NA,NA,0,0,NA,NA,NA,NA
2021,11,846,control,NA,NA,NA,0,0,NA,0,NA,NA,NA,NA,0,0,NA,NA,NA,dead
2022,11,846,control,NA,NA,NA,0,NA,0,NA,NA,NA,NA,NA,0,NA,NA,NA,NA,dead
2017,1,848,irrigated,NA,11,6.5,1,1,1,0,56.15596868,1.963495408,4.028132974,0.674726257,6,0,NA,NA,NA,F
2018,1,848,irrigated,NA,2.5,1,1,1,0,0,1.963495408,18.84955592,0.674726257,2.936489355,0,0,NA,NA,NA,V
2019,1,848,irrigated,NA,6,4,1,NA,0,NA,18.84955592,NA,2.936489355,NA,0,0,NA,NA,NA,V
2020,1,848,irrigated,NA,NA,NA,NA,0,NA,0,NA,NA,NA,NA,0,0,NA,NA,NA,NA
2021,1,848,irrigated,NA,NA,NA,0,0,0,0,NA,NA,NA,NA,0,0,NA,NA,NA,dead
2022,1,848,irrigated,NA,NA,NA,0,0,0,0,NA,NA,NA,NA,0,0,NA,NA,NA,dead
2023,1,848,irrigated,NA,NA,NA,0,NA,0,NA,NA,NA,NA,NA,0,NA,NA,NA,NA,dead
2018,7,849,drought,NA,6,4,1,1,1,0,18.84955592,32.98672286,2.936489355,3.496105143,5,0,NA,NA,NA,F
2019,7,849,drought,NA,12,3.5,1,1,0,0,32.98672286,16.49336143,3.496105143,2.802957962,0,0,NA,NA,NA,V
2020,7,849,drought,NA,7,3,1,0,0,0,16.49336143,NA,2.802957962,NA,0,0,NA,NA,NA,V
2021,7,849,drought,NA,NA,NA,0,0,0,NA,NA,NA,NA,NA,0,0,NA,NA,NA,dead
2022,7,849,drought,NA,NA,NA,0,0,NA,NA,NA,NA,NA,NA,0,0,NA,NA,NA,dead
2023,7,849,drought,NA,NA,NA,0,NA,NA,NA,NA,NA,NA,NA,0,NA,NA,NA,NA,dead
2016,6,851,irrigated,NA,NA,NA,1,1,1,0,NA,43.98229715,NA,3.783787215,5,0,NA,NA,NA,F
2017,6,851,irrigated,NA,8,7,1,1,0,0,43.98229715,61.26105675,3.783787215,4.115144351,0,0,NA,NA,NA,V
2018,6,851,irrigated,NA,13,6,1,1,0,0,61.26105675,56.15596868,4.115144351,4.028132974,0,0,NA,NA,NA,V
2019,6,851,irrigated,NA,11,6.5,1,NA,0,NA,56.15596868,NA,4.028132974,NA,0,0,NA,NA,NA,V
2020,6,851,irrigated,NA,NA,NA,NA,0,NA,NA,NA,NA,NA,NA,0,0,NA,NA,NA,NA
2021,6,851,irrigated,NA,NA,NA,0,0,NA,NA,NA,NA,NA,NA,0,0,NA,NA,NA,dead
2022,6,851,irrigated,NA,NA,NA,0,0,NA,NA,NA,NA,NA,NA,0,0,NA,NA,NA,dead
2023,6,851,irrigated,NA,NA,NA,0,NA,NA,NA,NA,NA,NA,NA,0,NA,NA,NA,NA,dead
2017,13,852,control,NA,12,10,1,1,0,1,94.24777961,112.3119374,4.545927268,4.721280155,0,5,NA,NA,NA,V
2018,13,852,control,NA,11,13,1,1,1,0,112.3119374,77.75441818,4.721280155,4.353555375,5,0,NA,NA,NA,F
2019,13,852,control,NA,11,9,1,1,0,0,77.75441818,12.9590697,4.353555375,2.561795906,0,0,NA,NA,NA,V
2020,13,852,control,NA,5.5,3,1,NA,0,NA,12.9590697,NA,2.561795906,NA,0,0,NA,NA,NA,V
2021,13,852,control,NA,NA,NA,NA,1,NA,1,NA,58.90486225,NA,4.075923638,0,0,NA,0,NA,NA
2022,13,852,control,NA,10,7.5,1,1,1,1,58.90486225,63.81360078,4.075923638,4.155966346,0,6,0,90,NA,F
2023,13,852,control,NA,12.5,6.5,1,NA,1,NA,63.81360078,NA,4.155966346,NA,6,NA,90,NA,15,F
2016,7,853,drought,NA,NA,NA,1,1,1,0,NA,54.97787144,NA,4.006930767,5,0,NA,NA,NA,F
2017,7,853,drought,NA,10,7,1,1,0,1,54.97787144,31.41592654,4.006930767,3.447314979,0,5,NA,NA,NA,V
2018,7,853,drought,NA,8,5,1,1,1,0,31.41592654,35.73561643,3.447314979,3.576147851,5,0,NA,NA,NA,F
2019,7,853,drought,NA,7,6.5,1,1,0,0,35.73561643,8.639379797,3.576147851,2.156330798,0,0,NA,NA,NA,V
2020,7,853,drought,NA,5.5,2,1,1,0,0,8.639379797,7.853981634,2.156330798,2.061020618,0,0,NA,NA,NA,V
2021,7,853,drought,NA,5,2,1,1,0,0,7.853981634,32.98672286,2.061020618,3.496105143,0,0,NA,NA,NA,V
2022,7,853,drought,NA,7,6,1,1,0,0,32.98672286,54.97787144,3.496105143,4.006930767,0,0,NA,NA,NA,V
2023,7,853,drought,NA,10,7,1,NA,0,NA,54.97787144,NA,4.006930767,NA,0,NA,NA,NA,NA,V
2016,6,854,irrigated,NA,NA,NA,1,1,1,1,NA,197.9203372,NA,5.287864612,5,3,NA,NA,NA,F
2017,6,854,irrigated,NA,18,14,1,0,1,0,197.9203372,NA,5.287864612,NA,3,0,NA,NA,NA,F
2018,6,854,irrigated,NA,NA,NA,0,0,0,0,NA,NA,NA,NA,0,0,NA,NA,NA,dead
2019,6,854,irrigated,NA,NA,NA,0,0,0,NA,NA,NA,NA,NA,0,0,NA,NA,NA,dead
2020,6,854,irrigated,NA,NA,NA,0,0,NA,0,NA,NA,NA,NA,0,0,NA,NA,NA,dead
2021,6,854,irrigated,NA,NA,NA,0,0,0,0,NA,NA,NA,NA,0,0,NA,NA,NA,dead
2022,6,854,irrigated,NA,NA,NA,0,NA,0,NA,NA,NA,NA,NA,0,NA,NA,NA,NA,dead
2016,7,855,drought,NA,NA,NA,1,1,1,1,NA,45.94579256,NA,3.827462279,6,5,NA,NA,NA,F
2017,7,855,drought,NA,9,6.5,1,1,1,0,45.94579256,44.76769531,3.827462279,3.801486793,5,0,NA,NA,NA,F
2018,7,855,drought,NA,9.5,6,1,1,0,0,44.76769531,26.70353756,3.801486793,3.284796049,0,0,NA,NA,NA,V
2019,7,855,drought,NA,8.5,4,1,0,0,0,26.70353756,NA,3.284796049,NA,0,0,NA,NA,NA,V
2020,7,855,drought,NA,NA,NA,0,0,0,0,NA,NA,NA,NA,0,0,NA,NA,NA,dead
2021,7,855,drought,NA,NA,NA,0,0,0,0,NA,NA,NA,NA,0,0,NA,NA,NA,dead
2022,7,855,drought,NA,NA,NA,0,NA,0,NA,NA,NA,NA,NA,0,NA,NA,NA,NA,dead
2018,2,856,control,NA,10,7,1,1,1,0,54.97787144,9.424777961,4.006930767,2.243342175,4,0,NA,NA,NA,F
2019,2,856,control,NA,4,3,1,0,0,NA,9.424777961,NA,2.243342175,NA,0,0,NA,NA,NA,V
2020,2,856,control,NA,NA,NA,0,0,NA,NA,NA,NA,NA,NA,0,0,NA,NA,NA,dead
2021,2,856,control,NA,NA,NA,0,0,NA,NA,NA,NA,NA,NA,0,0,NA,NA,NA,dead
2022,2,856,control,NA,NA,NA,0,0,NA,0,NA,NA,NA,NA,0,0,NA,NA,NA,dead
2023,2,856,control,NA,NA,NA,0,NA,0,NA,NA,NA,NA,NA,0,NA,NA,NA,NA,dead
2018,3,857,control,NA,12.5,8,1,1,1,0,78.53981634,61.26105675,4.363605711,4.115144351,1,0,NA,NA,NA,F
2019,3,857,control,NA,12,6.5,1,1,0,1,61.26105675,51.83627878,4.115144351,3.948090267,0,2,NA,NA,NA,V
2020,3,857,control,NA,11,6,1,1,1,1,51.83627878,35.34291735,3.948090267,3.565098014,2,3,NA,NA,NA,F
2021,3,857,control,1,9,5,1,1,1,0,35.34291735,77.75441818,3.565098014,4.353555375,3,0,NA,NA,NA,F
2022,3,857,control,NA,11,9,1,1,0,1,77.75441818,84.82300165,4.353555375,4.440566752,0,6,NA,39,NA,V
2023,3,857,control,NA,12,9,1,NA,1,NA,84.82300165,NA,4.440566752,NA,6,NA,39,NA,6,F
2017,2,858,control,NA,9.5,2,1,1,0,0,14.9225651,7.853981634,2.702874504,2.061020618,0,0,NA,NA,NA,V
2018,2,858,control,NA,5,2,1,1,0,0,7.853981634,6.479534848,2.061020618,1.868648725,0,0,NA,NA,NA,V
2019,2,858,control,NA,5.5,1.5,1,0,0,0,6.479534848,NA,1.868648725,NA,0,0,NA,NA,NA,V
2020,2,858,control,NA,NA,NA,0,0,0,0,NA,NA,NA,NA,0,0,NA,NA,NA,dead
2021,2,858,control,NA,NA,NA,0,0,0,0,NA,NA,NA,NA,0,0,NA,NA,NA,dead
2022,2,858,control,NA,NA,NA,0,NA,0,NA,NA,NA,NA,NA,0,NA,NA,NA,NA,dead
2018,1,859,irrigated,NA,15,4,1,1,0,0,47.1238898,40.05530633,3.852780087,3.690261157,0,0,NA,NA,NA,V
2019,1,859,irrigated,NA,8.5,6,1,NA,0,NA,40.05530633,NA,3.690261157,NA,0,0,NA,NA,NA,V
2020,1,859,irrigated,NA,NA,NA,NA,1,NA,1,NA,37.69911184,NA,3.629636536,0,6,NA,NA,NA,NA
2021,1,859,irrigated,1,8,6,1,1,1,0,37.69911184,21.99114858,3.629636536,3.090640035,6,0,NA,NA,NA,F
2022,1,859,irrigated,NA,7,4,1,1,0,0,21.99114858,25.91813939,3.090640035,3.254943086,0,0,NA,NA,NA,V
2023,1,859,irrigated,NA,11,3,1,NA,0,NA,25.91813939,NA,3.254943086,NA,0,NA,NA,NA,NA,V
2017,1,86,irrigated,NA,5,2.5,1,1,0,0,9.817477042,7.853981634,2.284164169,2.061020618,0,0,NA,NA,NA,V
2018,1,86,irrigated,NA,5,2,1,0,0,0,7.853981634,NA,2.061020618,NA,0,0,NA,NA,NA,V
2019,1,86,irrigated,NA,NA,NA,0,0,0,0,NA,NA,NA,NA,0,0,NA,NA,NA,dead
2020,1,86,irrigated,NA,NA,NA,0,0,0,0,NA,NA,NA,NA,0,0,NA,NA,NA,dead
2021,1,86,irrigated,NA,NA,NA,0,0,0,0,NA,NA,NA,NA,0,0,NA,NA,NA,dead
2022,1,86,irrigated,NA,NA,NA,0,NA,0,NA,NA,NA,NA,NA,0,NA,NA,NA,NA,dead
2016,7,860,drought,NA,NA,NA,1,1,1,0,NA,37.69911184,NA,3.629636536,2,0,NA,NA,NA,F
2017,7,860,drought,NA,12,4,1,0,0,0,37.69911184,NA,3.629636536,NA,0,0,NA,NA,NA,V
2018,7,860,drought,NA,NA,NA,0,0,0,NA,NA,NA,NA,NA,0,0,NA,NA,NA,dead
2019,7,860,drought,NA,NA,NA,0,0,NA,0,NA,NA,NA,NA,0,0,NA,NA,NA,dead
2020,7,860,drought,NA,NA,NA,0,0,0,0,NA,NA,NA,NA,0,0,NA,NA,NA,dead
2021,7,860,drought,NA,NA,NA,0,0,0,0,NA,NA,NA,NA,0,0,NA,NA,NA,dead
2022,7,860,drought,NA,NA,NA,0,NA,0,NA,NA,NA,NA,NA,0,NA,NA,NA,NA,dead
2016,5,861,drought,NA,NA,NA,1,0,1,0,NA,NA,NA,NA,8,0,NA,NA,NA,F
2017,5,861,drought,NA,NA,NA,0,0,0,0,NA,NA,NA,NA,0,0,NA,NA,NA,dead
2018,5,861,drought,NA,NA,NA,0,0,0,0,NA,NA,NA,NA,0,0,NA,NA,NA,dead
2019,5,861,drought,NA,NA,NA,0,0,0,0,NA,NA,NA,NA,0,0,NA,NA,NA,dead
2020,5,861,drought,NA,NA,NA,0,0,0,0,NA,NA,NA,NA,0,0,NA,NA,NA,dead
2021,5,861,drought,NA,NA,NA,0,0,0,0,NA,NA,NA,NA,0,0,NA,NA,NA,dead
2022,5,861,drought,NA,NA,NA,0,NA,0,NA,NA,NA,NA,NA,0,NA,NA,NA,NA,dead
2017,2,862,control,NA,8,3.5,1,1,0,0,21.99114858,19.242255,3.090640035,2.957108642,0,0,NA,NA,NA,V
2018,2,862,control,NA,3.5,7,1,1,0,0,19.242255,14.13716694,2.957108642,2.648807283,0,0,NA,NA,NA,V
2019,2,862,control,NA,6,3,1,1,0,0,14.13716694,NA,2.648807283,NA,0,0,NA,NA,NA,V
2020,2,862,control,NA,NA,NA,1,1,0,0,NA,15.31526419,NA,2.72884999,0,0,NA,NA,NA,dormant
2021,2,862,control,NA,6.5,3,1,0,0,0,15.31526419,NA,2.72884999,NA,0,0,NA,NA,NA,V
2022,2,862,control,NA,NA,NA,0,0,0,0,NA,NA,NA,NA,0,0,NA,NA,NA,dead
2023,2,862,control,NA,NA,NA,0,NA,0,NA,NA,NA,NA,NA,0,NA,NA,NA,NA,dead
2017,13,863,control,NA,9,7,1,1,0,1,49.48008429,41.23340358,3.901570251,3.719248694,0,6,NA,NA,NA,V
2018,13,863,control,NA,7,7.5,1,1,1,0,41.23340358,31.41592654,3.719248694,3.447314979,6,0,NA,NA,NA,F
2019,13,863,control,NA,8,5,1,0,0,0,31.41592654,NA,3.447314979,NA,0,0,NA,NA,NA,V
2020,13,863,control,NA,NA,NA,0,0,0,0,NA,NA,NA,NA,0,0,NA,NA,NA,dead
2021,13,863,control,NA,NA,NA,0,0,0,0,NA,NA,NA,NA,0,0,NA,NA,NA,dead
2022,13,863,control,NA,NA,NA,0,NA,0,NA,NA,NA,NA,NA,0,NA,NA,NA,NA,dead
2017,14,865,drought,NA,13,9,1,0,0,NA,91.89158512,NA,4.52060946,NA,0,0,NA,NA,NA,V
2018,14,865,drought,NA,NA,NA,0,0,NA,0,NA,NA,NA,NA,0,0,NA,NA,NA,dead
2019,14,865,drought,NA,NA,NA,0,0,0,0,NA,NA,NA,NA,0,0,NA,NA,NA,dead
2020,14,865,drought,NA,NA,NA,0,0,0,NA,NA,NA,NA,NA,0,0,NA,NA,NA,dead
2021,14,865,drought,NA,NA,NA,0,0,NA,NA,NA,NA,NA,NA,0,0,NA,NA,NA,dead
2022,14,865,drought,NA,NA,NA,0,0,NA,0,NA,NA,NA,NA,0,0,NA,NA,NA,dead
2023,14,865,drought,NA,NA,NA,0,NA,0,NA,NA,NA,NA,NA,0,NA,NA,NA,NA,dead
2017,15,866,drought,NA,6,4,1,1,0,0,18.84955592,35.34291735,2.936489355,3.565098014,0,0,NA,NA,NA,V
2018,15,866,drought,NA,9,5,1,1,0,0,35.34291735,25.91813939,3.565098014,3.254943086,0,0,NA,NA,NA,V
2019,15,866,drought,NA,6,5.5,1,1,0,0,25.91813939,16.49336143,3.254943086,2.802957962,0,0,NA,NA,NA,V
2020,15,866,drought,NA,7,3,1,1,0,0,16.49336143,16.49336143,2.802957962,2.802957962,0,0,NA,NA,NA,V
2021,15,866,drought,NA,7,3,1,1,0,0,16.49336143,42.33296101,2.802957962,3.745566003,0,0,NA,NA,NA,V
2022,15,866,drought,NA,7.7,7,1,1,0,0,42.33296101,9.817477042,3.745566003,2.284164169,0,0,NA,NA,NA,V
2023,15,866,drought,NA,5,2.5,1,NA,0,NA,9.817477042,NA,2.284164169,NA,0,NA,NA,NA,NA,V
2017,15,867,drought,NA,11,8,1,1,0,1,69.11503838,31.41592654,4.235772339,3.447314979,0,5,NA,NA,NA,V
2018,15,867,drought,NA,8,5,1,1,1,0,31.41592654,18.84955592,3.447314979,2.936489355,5,0,NA,NA,NA,F
2019,15,867,drought,NA,6,4,1,1,0,0,18.84955592,NA,2.936489355,NA,0,0,NA,NA,NA,V
2020,15,867,drought,NA,NA,NA,1,1,0,0,NA,11.78097245,NA,2.466485726,0,0,NA,NA,NA,dormant
2021,15,867,drought,NA,5,3,1,1,0,0,11.78097245,25.91813939,2.466485726,3.254943086,0,0,NA,NA,NA,V
2022,15,867,drought,NA,11,3,1,1,0,0,25.91813939,16.49336143,3.254943086,2.802957962,0,0,NA,NA,NA,V
2023,15,867,drought,NA,7,3,1,NA,0,NA,16.49336143,NA,2.802957962,NA,0,NA,NA,NA,NA,V
2017,14,868,drought,NA,8.5,4,1,1,0,0,26.70353756,25.13274123,3.284796049,3.224171428,0,0,NA,NA,NA,V
2018,14,868,drought,NA,8,4,1,1,0,0,25.13274123,35.34291735,3.224171428,3.565098014,0,0,NA,NA,NA,V
2019,14,868,drought,NA,7.5,6,1,1,0,0,35.34291735,10.21017612,3.565098014,2.323384882,0,0,NA,NA,NA,V
2020,14,868,drought,NA,6.5,2,1,1,0,0,10.21017612,16.49336143,2.323384882,2.802957962,0,0,NA,NA,NA,V
2021,14,868,drought,NA,7,3,1,1,0,0,16.49336143,40.8407045,2.802957962,3.709679243,0,0,NA,NA,NA,V
2022,14,868,drought,NA,13,4,1,1,0,0,40.8407045,49.48008429,3.709679243,3.901570251,0,0,NA,NA,NA,V
2023,14,868,drought,NA,14,4.5,1,NA,0,NA,49.48008429,NA,3.901570251,NA,0,NA,NA,NA,NA,V
2017,14,869,drought,NA,8,8,1,1,0,1,50.26548246,60.0829595,3.917318608,4.095726266,0,4,NA,NA,NA,V
2018,14,869,drought,NA,8.5,9,1,1,1,0,60.0829595,74.22012644,4.095726266,4.307035359,4,0,NA,NA,NA,F
2019,14,869,drought,NA,10.5,9,1,1,0,0,74.22012644,NA,4.307035359,NA,0,0,NA,NA,NA,V
2020,14,869,drought,NA,NA,NA,1,1,0,0,NA,24.74004215,NA,3.208423071,0,0,NA,NA,NA,dormant
2021,14,869,drought,NA,9,3.5,1,1,0,0,24.74004215,51.83627878,3.208423071,3.948090267,0,0,NA,NA,NA,V
2022,14,869,drought,NA,11,6,1,1,0,0,51.83627878,42.41150082,3.948090267,3.747419571,0,0,NA,NA,NA,V
2023,14,869,drought,NA,12,4.5,1,NA,0,NA,42.41150082,NA,3.747419571,NA,0,NA,NA,NA,NA,V
2017,15,870,drought,NA,8,3.5,1,1,0,0,21.99114858,15.70796327,3.090640035,2.754167798,0,0,NA,NA,NA,V
2018,15,870,drought,NA,5,4,1,1,0,0,15.70796327,32.98672286,2.754167798,3.496105143,0,0,NA,NA,NA,V
2019,15,870,drought,NA,7,6,1,1,0,0,32.98672286,13.74446786,3.496105143,2.620636406,0,0,NA,NA,NA,V
2020,15,870,drought,NA,5,3.5,1,1,0,0,13.74446786,11.78097245,2.620636406,2.466485726,0,0,NA,NA,NA,V
2021,15,870,drought,NA,5,3,1,1,0,0,11.78097245,10.60287521,2.466485726,2.36112521,0,0,NA,NA,NA,V
2022,15,870,drought,NA,4.5,3,1,1,0,0,10.60287521,14.13716694,2.36112521,2.648807283,0,0,NA,NA,NA,V
2023,15,870,drought,NA,6,3,1,NA,0,NA,14.13716694,NA,2.648807283,NA,0,NA,NA,NA,NA,V
2018,15,871,drought,NA,8,6,1,1,0,0,37.69911184,51.83627878,3.629636536,3.948090267,0,0,NA,NA,NA,V
2019,15,871,drought,NA,11,6,1,1,0,0,51.83627878,21.59844949,3.948090267,3.072621529,0,0,NA,NA,NA,V
2020,15,871,drought,NA,5.5,5,1,1,0,0,21.59844949,39.26990817,3.072621529,3.67045853,0,0,NA,NA,NA,V
2021,15,871,drought,NA,10,5,1,1,0,0,39.26990817,121.7367153,3.67045853,4.801860642,0,0,NA,NA,NA,V
2022,15,871,drought,NA,15.5,10,1,1,0,1,121.7367153,113.0973355,4.801860642,4.728248824,0,5,NA,37,NA,V
2023,15,871,drought,NA,12,12,1,NA,1,NA,113.0973355,NA,4.728248824,NA,5,NA,37,NA,7,F
2017,15,872,drought,NA,11,4,1,1,0,1,34.55751919,37.69911184,3.542625159,3.629636536,0,3,NA,NA,NA,V
2018,15,872,drought,NA,8,6,1,1,1,1,37.69911184,51.05088062,3.629636536,3.932822795,3,4,NA,NA,NA,F
2019,15,872,drought,NA,13,5,1,1,1,1,51.05088062,82.46680716,3.932822795,4.412395875,4,0,NA,NA,NA,F
2020,15,872,drought,NA,10.5,10,1,1,1,1,82.46680716,43.19689899,4.412395875,3.76576871,0,6,NA,NA,NA,F
2021,15,872,drought,1,11,5,1,1,1,1,43.19689899,120.9513172,3.76576871,4.795388127,6,4,NA,41,NA,F
2022,15,872,drought,NA,14,11,1,1,1,1,120.9513172,183.7831702,4.795388127,5.21375664,4,5,41,39,10,F
2023,15,872,drought,NA,18,13,1,NA,1,NA,183.7831702,NA,5.21375664,NA,5,NA,39,NA,7,F
2017,15,873,drought,NA,6,3,1,1,0,0,14.13716694,35.34291735,2.648807283,3.565098014,0,0,NA,NA,NA,V
2018,15,873,drought,NA,5,9,1,1,0,0,35.34291735,33.37942194,3.565098014,3.507939601,0,0,NA,NA,NA,V
2019,15,873,drought,NA,8.5,5,1,1,0,0,33.37942194,17.67145868,3.507939601,2.871950834,0,0,NA,NA,NA,V
2020,15,873,drought,NA,7.5,3,1,1,0,0,17.67145868,16.49336143,2.871950834,2.802957962,0,0,NA,NA,NA,V
2021,15,873,drought,NA,7,3,1,1,0,0,16.49336143,32.98672286,2.802957962,3.496105143,0,0,NA,NA,NA,V
2022,15,873,drought,NA,6,7,1,1,0,0,32.98672286,47.1238898,3.496105143,3.852780087,0,0,NA,NA,NA,V
2023,15,873,drought,NA,12,5,1,NA,0,NA,47.1238898,NA,3.852780087,NA,0,NA,NA,NA,NA,V
2017,7,874,drought,NA,13,8,1,0,1,0,81.68140899,NA,4.402826424,NA,3,0,NA,NA,NA,F
2018,7,874,drought,NA,NA,NA,0,0,0,0,NA,NA,NA,NA,0,0,NA,NA,NA,dead
2019,7,874,drought,NA,NA,NA,0,0,0,NA,NA,NA,NA,NA,0,0,NA,NA,NA,dead
2020,7,874,drought,NA,NA,NA,0,0,NA,0,NA,NA,NA,NA,0,0,NA,NA,NA,dead
2021,7,874,drought,NA,NA,NA,0,0,0,0,NA,NA,NA,NA,0,0,NA,NA,NA,dead
2022,7,874,drought,NA,NA,NA,0,NA,0,NA,NA,NA,NA,NA,0,NA,NA,NA,NA,dead
2017,15,875,drought,NA,7,3,1,1,0,0,16.49336143,38.48451001,2.802957962,3.650255823,0,0,NA,NA,NA,V
2018,15,875,drought,NA,7,7,1,1,0,0,38.48451001,74.61282552,3.650255823,4.312312416,0,0,NA,NA,NA,V
2019,15,875,drought,NA,10,9.5,1,1,0,0,74.61282552,38.87720909,4.312312416,3.660408194,0,0,NA,NA,NA,V
2020,15,875,drought,NA,9,5.5,1,1,0,0,38.87720909,14.13716694,3.660408194,2.648807283,0,0,NA,NA,NA,V
2021,15,875,drought,NA,6,3,1,1,0,0,14.13716694,55.95961914,2.648807283,4.024630344,0,0,NA,NA,NA,V
2022,15,875,drought,NA,9.5,7.5,1,1,0,0,55.95961914,77.75441818,4.024630344,4.353555375,0,0,NA,NA,NA,V
2023,15,875,drought,NA,11,9,1,NA,0,NA,77.75441818,NA,4.353555375,NA,0,NA,NA,NA,NA,V
2017,15,876,drought,NA,7.5,3,1,1,0,0,17.67145868,64.79534848,2.871950834,4.171233818,0,0,NA,NA,NA,V
2018,15,876,drought,NA,11,7.5,1,1,0,1,64.79534848,43.19689899,4.171233818,3.76576871,0,1,NA,NA,NA,V
2019,15,876,drought,NA,11,5,1,1,1,0,43.19689899,31.41592654,3.76576871,3.447314979,1,0,NA,NA,NA,F
2020,15,876,drought,NA,8,5,1,1,0,0,31.41592654,42.41150082,3.447314979,3.747419571,0,0,NA,NA,NA,V
2021,15,876,drought,NA,12,4.5,1,1,0,0,42.41150082,81.68140899,3.747419571,4.402826424,0,0,NA,NA,NA,V
2022,15,876,drought,NA,13,8,1,1,0,1,81.68140899,186.9247629,4.402826424,5.230706198,0,3,NA,28,NA,V
2023,15,876,drought,NA,17,14,1,NA,1,NA,186.9247629,NA,5.230706198,NA,3,NA,28,NA,9,F
2017,15,877,drought,NA,11,5,1,1,0,0,43.19689899,65.97344573,3.76576871,4.189252324,0,0,NA,NA,NA,V
2018,15,877,drought,NA,12,7,1,1,0,0,65.97344573,7.853981634,4.189252324,2.061020618,0,0,NA,NA,NA,V
2019,15,877,drought,NA,5,2,1,NA,0,NA,7.853981634,NA,2.061020618,NA,0,0,NA,NA,NA,V
2020,15,877,drought,NA,NA,NA,NA,NA,NA,NA,NA,NA,NA,NA,0,0,NA,NA,NA,NA
2021,15,877,drought,NA,NA,NA,NA,1,NA,0,NA,14.72621556,NA,2.689629277,0,0,NA,NA,NA,NA
2022,15,877,drought,NA,7.5,2.5,1,0,0,0,14.72621556,NA,2.689629277,NA,0,0,NA,NA,NA,V
2023,15,877,drought,NA,NA,NA,0,NA,0,NA,NA,NA,NA,NA,0,NA,NA,NA,NA,U
2017,15,878,drought,NA,6,3,1,1,0,0,14.13716694,28.27433388,2.648807283,3.341954463,0,0,NA,NA,NA,V
2018,15,878,drought,NA,9,4,1,1,0,0,28.27433388,28.27433388,3.341954463,3.341954463,0,0,NA,NA,NA,V
2019,15,878,drought,NA,8,4.5,1,1,0,0,28.27433388,19.242255,3.341954463,2.957108642,0,0,NA,NA,NA,V
2020,15,878,drought,NA,7,3.5,1,1,0,0,19.242255,7.853981634,2.957108642,2.061020618,0,0,NA,NA,NA,V
2021,15,878,drought,NA,5,2,1,1,0,0,7.853981634,53.60342465,2.061020618,3.981612959,0,0,NA,NA,NA,V
2022,15,878,drought,NA,10.5,6.5,1,1,0,0,53.60342465,31.41592654,3.981612959,3.447314979,0,0,NA,NA,NA,V
2023,15,878,drought,NA,10,4,1,NA,0,NA,31.41592654,NA,3.447314979,NA,0,NA,NA,NA,NA,V
2017,7,879,drought,NA,12,6,1,1,0,0,56.54866776,16.49336143,4.035101644,2.802957962,0,0,NA,NA,NA,V
2018,7,879,drought,NA,6,3.5,1,1,0,0,16.49336143,21.20575041,2.802957962,3.054272391,0,0,NA,NA,NA,V
2019,7,879,drought,NA,9,3,1,NA,0,NA,21.20575041,NA,3.054272391,NA,0,0,NA,NA,NA,V
2020,7,879,drought,NA,NA,NA,NA,0,NA,NA,NA,NA,NA,NA,0,0,NA,NA,NA,NA
2021,7,879,drought,NA,NA,NA,0,0,NA,0,NA,NA,NA,NA,0,0,NA,NA,NA,dead
2022,7,879,drought,NA,NA,NA,0,NA,0,NA,NA,NA,NA,NA,0,NA,NA,NA,NA,dead
2017,11,88,control,NA,11,8,1,1,1,0,69.11503838,75.39822369,4.235772339,4.322783716,4,0,NA,NA,NA,F
2018,11,88,control,NA,12,8,1,1,0,1,75.39822369,53.40707511,4.322783716,3.97794323,0,4,NA,NA,NA,V
2019,11,88,control,NA,8.5,8,1,1,1,0,53.40707511,7.853981634,3.97794323,2.061020618,4,0,NA,NA,NA,F
2020,11,88,control,NA,5,2,1,1,0,0,7.853981634,9.817477042,2.061020618,2.284164169,0,0,NA,NA,NA,V
2021,11,88,control,NA,5,2.5,1,1,0,0,9.817477042,10.99557429,2.284164169,2.397492854,0,0,NA,NA,NA,V
2022,11,88,control,NA,7,2,1,1,0,0,10.99557429,25.91813939,2.397492854,3.254943086,0,0,NA,NA,NA,V
2023,11,88,control,NA,11,3,1,NA,0,NA,25.91813939,NA,3.254943086,NA,0,NA,NA,NA,NA,V
2017,13,880,control,NA,11,8,1,1,1,0,69.11503838,113.0973355,4.235772339,4.728248824,3,0,NA,NA,NA,F
2018,13,880,control,NA,12,12,1,1,0,1,113.0973355,141.3716694,4.728248824,4.951392376,0,5,NA,NA,NA,V
2019,13,880,control,NA,15,12,1,1,1,1,141.3716694,26.70353756,4.951392376,3.284796049,5,0,NA,NA,NA,F
2020,13,880,control,NA,8.5,4,1,1,1,1,26.70353756,50.26548246,3.284796049,3.917318608,0,3,NA,NA,NA,F
2021,13,880,control,1,8,8,1,1,1,0,50.26548246,76.57632093,3.917318608,4.338287903,3,0,NA,NA,NA,F
2022,13,880,control,NA,13,7.5,1,1,0,1,76.57632093,35.73561643,4.338287903,3.576147851,0,7,NA,43,NA,V
2023,13,880,control,NA,13,3.5,1,NA,1,NA,35.73561643,NA,3.576147851,NA,7,NA,43,NA,6,F
2017,7,881,drought,NA,13.5,8,1,1,0,0,84.82300165,117.8097245,4.440566752,4.769070819,0,0,NA,NA,NA,V
2018,7,881,drought,NA,12.5,12,1,0,0,NA,117.8097245,NA,4.769070819,NA,0,0,NA,NA,NA,V
2019,7,881,drought,NA,NA,NA,0,0,NA,0,NA,NA,NA,NA,0,0,NA,NA,NA,dead
2020,7,881,drought,NA,NA,NA,0,0,0,NA,NA,NA,NA,NA,0,0,NA,NA,NA,dead
2021,7,881,drought,NA,NA,NA,0,0,NA,NA,NA,NA,NA,NA,0,0,NA,NA,NA,dead
2022,7,881,drought,NA,NA,NA,0,0,NA,NA,NA,NA,NA,NA,0,0,NA,NA,NA,dead
2023,7,881,drought,NA,NA,NA,0,NA,NA,NA,NA,NA,NA,NA,0,NA,NA,NA,NA,dead
2017,15,882,drought,NA,10.5,4,1,1,0,1,32.98672286,41.23340358,3.496105143,3.719248694,0,3,NA,NA,NA,V
2018,15,882,drought,NA,7,7.5,1,0,1,NA,41.23340358,NA,3.719248694,NA,3,0,NA,NA,NA,F
2019,15,882,drought,NA,NA,NA,0,0,NA,NA,NA,NA,NA,NA,0,0,NA,NA,NA,dead
2020,15,882,drought,NA,NA,NA,0,0,NA,0,NA,NA,NA,NA,0,0,NA,NA,NA,dead
2021,15,882,drought,NA,NA,NA,0,0,0,0,NA,NA,NA,NA,0,0,NA,NA,NA,dead
2022,15,882,drought,NA,NA,NA,0,NA,0,NA,NA,NA,NA,NA,0,NA,NA,NA,NA,dead
2017,7,883,drought,NA,6,NA,1,NA,1,NA,NA,NA,NA,NA,4,0,NA,NA,NA,F
2018,7,883,drought,NA,NA,NA,NA,1,NA,0,NA,40.05530633,NA,3.690261157,0,0,NA,NA,NA,NA
2019,7,883,drought,NA,8.5,6,1,1,0,0,40.05530633,NA,3.690261157,NA,0,0,NA,NA,NA,V
2020,7,883,drought,NA,NA,NA,1,1,0,0,NA,3.141592654,NA,1.144729886,0,0,NA,NA,NA,dormant
2021,7,883,drought,NA,4,1,1,0,0,NA,3.141592654,NA,1.144729886,NA,0,0,NA,NA,NA,V
2022,7,883,drought,NA,NA,NA,0,0,NA,0,NA,NA,NA,NA,0,0,NA,NA,NA,dead
2023,7,883,drought,NA,NA,NA,0,NA,0,NA,NA,NA,NA,NA,0,NA,NA,NA,NA,dead
2017,15,884,drought,NA,9,2.5,1,1,0,0,17.67145868,14.13716694,2.871950834,2.648807283,0,0,NA,NA,NA,V
2018,15,884,drought,NA,6,3,1,1,0,0,14.13716694,38.87720909,2.648807283,3.660408194,0,0,NA,NA,NA,V
2019,15,884,drought,NA,9,5.5,1,1,0,1,38.87720909,14.13716694,3.660408194,2.648807283,0,0,NA,NA,NA,V
2020,15,884,drought,NA,6,3,1,1,1,0,14.13716694,27.48893572,2.648807283,3.313783586,0,0,NA,NA,NA,F
2021,15,884,drought,NA,7,5,1,1,0,0,27.48893572,54.97787144,3.313783586,4.006930767,0,0,NA,NA,NA,V
2022,15,884,drought,NA,10,7,1,1,0,1,54.97787144,75.39822369,4.006930767,4.322783716,0,4,NA,15,NA,V
2023,15,884,drought,NA,12,8,1,NA,1,NA,75.39822369,NA,4.322783716,NA,4,NA,15,NA,3,F
2017,7,885,drought,NA,10,8,1,1,0,1,62.83185307,77.75441818,4.140462159,4.353555375,0,3,NA,NA,NA,V
2018,7,885,drought,NA,9,11,1,1,1,0,77.75441818,54.97787144,4.353555375,4.006930767,3,0,NA,NA,NA,F
2019,7,885,drought,NA,10,7,1,1,0,0,54.97787144,21.99114858,4.006930767,3.090640035,0,0,NA,NA,NA,V
2020,7,885,drought,NA,8,3.5,1,1,0,0,21.99114858,15.70796327,3.090640035,2.754167798,0,0,NA,NA,NA,V
2021,7,885,drought,NA,5,4,1,1,0,0,15.70796327,60.47565858,2.754167798,4.102240947,0,0,NA,NA,NA,V
2022,7,885,drought,NA,14,5.5,1,1,0,0,60.47565858,102.1017612,4.102240947,4.625969975,0,0,NA,NA,NA,V
2023,7,885,drought,NA,10,13,1,NA,0,NA,102.1017612,NA,4.625969975,NA,0,NA,NA,NA,NA,V
2017,15,886,drought,NA,10,7,1,1,1,0,54.97787144,28.8633825,4.006930767,3.36257375,5,0,NA,NA,NA,F
2018,15,886,drought,NA,10.5,3.5,1,1,0,0,28.8633825,53.01437603,3.36257375,3.970563123,0,0,NA,NA,NA,V
2019,15,886,drought,NA,9,7.5,1,1,0,0,53.01437603,54.97787144,3.970563123,4.006930767,0,0,NA,NA,NA,V
2020,15,886,drought,NA,10,7,1,1,0,0,54.97787144,42.41150082,4.006930767,3.747419571,0,0,NA,NA,NA,V
2021,15,886,drought,NA,9,6,1,1,0,0,42.41150082,150.7964474,3.747419571,5.015930897,0,0,NA,NA,NA,V
2022,15,886,drought,NA,12,16,1,1,0,1,150.7964474,142.9424657,5.015930897,4.962442212,0,4,NA,0,NA,V
2023,15,886,drought,NA,14,13,1,NA,1,NA,142.9424657,NA,4.962442212,NA,4,NA,0,NA,0,F
2017,14,887,drought,NA,10,10,1,1,0,1,78.53981634,78.53981634,4.363605711,4.363605711,0,9,NA,NA,NA,V
2018,14,887,drought,NA,12.5,8,1,1,1,1,78.53981634,31.41592654,4.363605711,3.447314979,9,3,NA,NA,NA,F
2019,14,887,drought,NA,8,5,1,1,1,0,31.41592654,26.70353756,3.447314979,3.284796049,3,0,NA,NA,NA,F
2020,14,887,drought,NA,8.5,4,1,1,0,0,26.70353756,37.69911184,3.284796049,3.629636536,0,0,NA,NA,NA,V
2021,14,887,drought,NA,8,6,1,1,0,1,37.69911184,52.22897787,3.629636536,3.955637472,0,2,NA,15,NA,V
2022,14,887,drought,NA,9.5,7,1,1,1,1,52.22897787,43.98229715,3.955637472,3.783787215,2,2,15,7,7,F
2023,14,887,drought,NA,8,7,1,NA,1,NA,43.98229715,NA,3.783787215,NA,2,NA,7,NA,3,F
2017,7,888,drought,NA,11.5,4.5,1,1,0,1,40.64435496,71.47123287,3.704859957,4.269295031,0,3,NA,NA,NA,V
2018,7,888,drought,NA,14,6.5,1,1,1,0,71.47123287,32.98672286,4.269295031,3.496105143,3,0,NA,NA,NA,F
2019,7,888,drought,NA,7,6,1,NA,0,NA,32.98672286,NA,3.496105143,NA,0,0,NA,NA,NA,V
2020,7,888,drought,NA,NA,NA,NA,0,NA,0,NA,NA,NA,NA,0,0,NA,NA,NA,NA
2021,7,888,drought,NA,NA,NA,0,0,0,0,NA,NA,NA,NA,0,0,NA,NA,NA,dead
2022,7,888,drought,NA,NA,NA,0,NA,0,NA,NA,NA,NA,NA,0,NA,NA,NA,NA,dead
2017,7,889,drought,NA,13.5,11,1,1,0,1,116.6316273,51.83627878,4.759020483,3.948090267,0,8,NA,NA,NA,V
2018,7,889,drought,NA,11,6,1,0,1,NA,51.83627878,NA,3.948090267,NA,8,0,NA,NA,NA,F
2019,7,889,drought,NA,NA,NA,0,0,NA,NA,NA,NA,NA,NA,0,0,NA,NA,NA,dead
2020,7,889,drought,NA,NA,NA,0,0,NA,NA,NA,NA,NA,NA,0,0,NA,NA,NA,dead
2021,7,889,drought,NA,NA,NA,0,0,NA,NA,NA,NA,NA,NA,0,0,NA,NA,NA,dead
2022,7,889,drought,NA,NA,NA,0,0,NA,NA,NA,NA,NA,NA,0,0,NA,NA,NA,dead
2023,7,889,drought,NA,NA,NA,0,NA,NA,NA,NA,NA,NA,NA,0,NA,NA,NA,NA,dead
2017,7,890,drought,NA,11,8,1,1,1,1,69.11503838,113.0973355,4.235772339,4.728248824,3,3,NA,NA,NA,F
2018,7,890,drought,NA,16,9,1,1,1,0,113.0973355,32.98672286,4.728248824,3.496105143,3,0,NA,NA,NA,F
2019,7,890,drought,NA,10.5,4,1,NA,0,NA,32.98672286,NA,3.496105143,NA,0,0,NA,NA,NA,V
2020,7,890,drought,NA,NA,NA,NA,0,NA,0,NA,NA,NA,NA,0,0,NA,NA,NA,NA
2021,7,890,drought,NA,NA,NA,0,0,0,0,NA,NA,NA,NA,0,0,NA,NA,NA,dead
2022,7,890,drought,NA,NA,NA,0,NA,0,NA,NA,NA,NA,NA,0,NA,NA,NA,NA,dead
2017,7,891,drought,NA,13,4,1,1,0,0,40.8407045,163.362818,3.709679243,5.095973604,0,0,NA,NA,NA,V
2018,7,891,drought,NA,16,13,1,1,0,1,163.362818,95.42587685,5.095973604,4.558349788,0,3,NA,NA,NA,V
2019,7,891,drought,NA,13.5,9,1,1,1,1,95.42587685,35.34291735,4.558349788,3.565098014,3,0,NA,NA,NA,F
2020,7,891,drought,NA,9,5,1,1,1,0,35.34291735,14.13716694,3.565098014,2.648807283,0,0,NA,NA,NA,F
2021,7,891,drought,NA,6,3,1,1,0,0,14.13716694,153.1526419,2.648807283,5.031435083,0,0,NA,NA,NA,V
2022,7,891,drought,NA,15,13,1,1,0,0,153.1526419,76.96902001,5.031435083,4.343403003,0,0,NA,NA,NA,V
2023,7,891,drought,NA,14,7,1,NA,0,NA,76.96902001,NA,4.343403003,NA,0,NA,NA,NA,NA,V
2017,7,892,drought,NA,15,6,1,0,0,0,70.68583471,NA,4.258245195,NA,0,0,NA,NA,NA,V
2018,7,892,drought,NA,NA,NA,0,0,0,NA,NA,NA,NA,NA,0,0,NA,NA,NA,dead
2019,7,892,drought,NA,NA,NA,0,0,NA,NA,NA,NA,NA,NA,0,0,NA,NA,NA,dead
2020,7,892,drought,NA,NA,NA,0,0,NA,NA,NA,NA,NA,NA,0,0,NA,NA,NA,dead
2021,7,892,drought,NA,NA,NA,0,0,NA,NA,NA,NA,NA,NA,0,0,NA,NA,NA,dead
2022,7,892,drought,NA,NA,NA,0,0,NA,NA,NA,NA,NA,NA,0,0,NA,NA,NA,dead
2023,7,892,drought,NA,NA,NA,0,NA,NA,NA,NA,NA,NA,NA,0,NA,NA,NA,NA,dead
2017,13,893,control,NA,7,5,1,1,1,0,27.48893572,50.26548246,3.313783586,3.917318608,3,0,NA,NA,NA,F
2018,13,893,control,NA,8,8,1,1,0,1,50.26548246,77.75441818,3.917318608,4.353555375,0,3,NA,NA,NA,V
2019,13,893,control,NA,11,9,1,1,1,0,77.75441818,34.55751919,4.353555375,3.542625159,3,0,NA,NA,NA,F
2020,13,893,control,NA,8,5.5,1,1,0,0,34.55751919,31.41592654,3.542625159,3.447314979,0,0,NA,NA,NA,V
2021,13,893,control,NA,8,5,1,1,0,0,31.41592654,39.26990817,3.447314979,3.67045853,0,0,NA,NA,NA,V
2022,13,893,control,NA,10,5,1,1,0,0,39.26990817,84.82300165,3.67045853,4.440566752,0,0,NA,NA,NA,V
2023,13,893,control,NA,12,9,1,NA,0,NA,84.82300165,NA,4.440566752,NA,0,NA,NA,NA,NA,V
2017,15,894,drought,NA,13.5,5.5,1,1,0,0,58.31581363,68.32964022,4.065873302,4.224343643,0,0,NA,NA,NA,V
2018,15,894,drought,NA,14.5,6,1,1,0,0,68.32964022,43.98229715,4.224343643,3.783787215,0,0,NA,NA,NA,V
2019,15,894,drought,NA,8,7,1,1,0,0,43.98229715,44.17864669,3.783787215,3.788241566,0,0,NA,NA,NA,V
2020,15,894,drought,NA,12.5,4.5,1,1,0,0,44.17864669,15.70796327,3.788241566,2.754167798,0,0,NA,NA,NA,V
2021,15,894,drought,NA,10,2,1,1,0,0,15.70796327,163.362818,2.754167798,5.095973604,0,0,NA,NA,NA,V
2022,15,894,drought,NA,16,13,1,1,0,1,163.362818,61.26105675,5.095973604,4.115144351,0,3,NA,22,NA,V
2023,15,894,drought,NA,13,6,1,NA,1,NA,61.26105675,NA,4.115144351,NA,3,NA,22,NA,7,F
2017,14,895,drought,NA,9,7,1,1,1,0,49.48008429,35.34291735,3.901570251,3.565098014,3,0,NA,NA,NA,F
2018,14,895,drought,NA,10,4.5,1,1,0,0,35.34291735,42.41150082,3.565098014,3.747419571,0,0,NA,NA,NA,V
2019,14,895,drought,NA,9,6,1,1,0,0,42.41150082,23.5619449,3.747419571,3.159632906,0,0,NA,NA,NA,V
2020,14,895,drought,NA,7.5,4,1,1,0,0,23.5619449,84.82300165,3.159632906,4.440566752,0,0,NA,NA,NA,V
2021,14,895,drought,NA,12,9,1,1,0,0,84.82300165,81.68140899,4.440566752,4.402826424,0,0,NA,NA,NA,V
2022,14,895,drought,NA,13,8,1,1,0,0,81.68140899,63.22455215,4.402826424,4.146692709,0,0,NA,NA,NA,V
2023,14,895,drought,NA,11.5,7,1,NA,0,NA,63.22455215,NA,4.146692709,NA,0,NA,NA,NA,NA,V
2017,13,896,control,NA,4,3,1,1,0,0,9.424777961,4.71238898,2.243342175,1.550194994,0,0,NA,NA,NA,V
2018,13,896,control,NA,2,3,1,1,0,0,4.71238898,2.35619449,1.550194994,0.857047813,0,0,NA,NA,NA,V
2019,13,896,control,NA,3,1,1,1,0,0,2.35619449,NA,0.857047813,NA,0,0,NA,NA,NA,V
2020,13,896,control,NA,NA,NA,1,1,0,0,NA,NA,NA,NA,0,0,NA,NA,NA,dormant
2021,13,896,control,NA,NA,NA,1,1,0,0,NA,6.283185307,NA,1.837877066,0,0,NA,NA,NA,dormant
2022,13,896,control,NA,4,2,1,1,0,0,6.283185307,9.621127502,1.837877066,2.263961462,0,0,NA,NA,NA,V
2023,13,896,control,NA,3.5,3.5,1,NA,0,NA,9.621127502,NA,2.263961462,NA,0,NA,NA,NA,NA,V
2017,7,897,drought,NA,11.5,7,1,0,1,0,63.22455215,NA,4.146692709,NA,4,0,NA,NA,NA,F
2018,7,897,drought,NA,NA,NA,0,0,0,NA,NA,NA,NA,NA,0,0,NA,NA,NA,dead
2019,7,897,drought,NA,NA,NA,0,0,NA,NA,NA,NA,NA,NA,0,0,NA,NA,NA,dead
2020,7,897,drought,NA,NA,NA,0,0,NA,0,NA,NA,NA,NA,0,0,NA,NA,NA,dead
2021,7,897,drought,NA,NA,NA,0,0,0,0,NA,NA,NA,NA,0,0,NA,NA,NA,dead
2022,7,897,drought,NA,NA,NA,0,NA,0,NA,NA,NA,NA,NA,0,NA,NA,NA,NA,dead
2017,13,898,control,NA,9.5,8,1,1,0,1,59.69026042,107.2068493,4.089168865,4.674760139,0,3,NA,NA,NA,V
2018,13,898,control,NA,13,10.5,1,1,1,1,107.2068493,86.78649706,4.674760139,4.463451046,3,3,NA,NA,NA,F
2019,13,898,control,NA,13,8.5,1,1,1,1,86.78649706,16.49336143,4.463451046,2.802957962,3,0,NA,NA,NA,F
2020,13,898,control,NA,7,3,1,1,1,0,16.49336143,54.97787144,2.802957962,4.006930767,0,0,NA,NA,NA,F
2021,13,898,control,NA,10,7,1,1,0,1,54.97787144,64.79534848,4.006930767,4.171233818,0,3,NA,52,NA,V
2022,13,898,control,NA,11,7.5,1,1,1,1,64.79534848,32.98672286,4.171233818,3.496105143,3,2,52,27,17,F
2023,13,898,control,NA,6,7,1,NA,1,NA,32.98672286,NA,3.496105143,NA,2,NA,27,NA,13,F
2017,15,899,drought,NA,8,5.5,1,1,0,0,34.55751919,39.26990817,3.542625159,3.67045853,0,0,NA,NA,NA,V
2018,15,899,drought,NA,10,5,1,1,0,0,39.26990817,27.48893572,3.67045853,3.313783586,0,0,NA,NA,NA,V
2019,15,899,drought,NA,10,3.5,1,1,0,0,27.48893572,12.76272016,3.313783586,2.546528434,0,0,NA,NA,NA,V
2020,15,899,drought,NA,6.5,2.5,1,0,0,NA,12.76272016,NA,2.546528434,NA,0,0,NA,NA,NA,V
2021,15,899,drought,NA,NA,NA,0,0,NA,0,NA,NA,NA,NA,0,0,NA,NA,NA,dead
2022,15,899,drought,NA,NA,NA,0,NA,0,NA,NA,NA,NA,NA,0,NA,NA,NA,NA,dead
2017,2,9,control,NA,11,5,1,1,0,0,43.19689899,87.9645943,3.76576871,4.476934396,0,0,NA,NA,NA,V
2018,2,9,control,NA,14,8,1,1,0,0,87.9645943,53.40707511,4.476934396,3.97794323,0,0,NA,NA,NA,V
2019,2,9,control,NA,8.5,8,1,1,0,0,53.40707511,NA,3.97794323,NA,0,0,NA,NA,NA,V
2020,2,9,control,NA,NA,NA,1,1,0,0,NA,3.534291735,NA,1.262512922,0,0,NA,NA,NA,dormant
2021,2,9,control,NA,3,1.5,1,0,0,0,3.534291735,NA,1.262512922,NA,0,0,NA,NA,NA,V
2022,2,9,control,NA,NA,NA,0,0,0,0,NA,NA,NA,NA,0,0,NA,NA,NA,dead
2023,2,9,control,NA,NA,NA,0,NA,0,NA,NA,NA,NA,NA,0,NA,NA,NA,NA,dead
2018,5,90,drought,NA,3,3,1,1,0,0,7.068583471,1.570796327,1.955660102,0.451582705,0,0,NA,NA,NA,V
2019,5,90,drought,NA,2,1,1,1,0,0,1.570796327,NA,0.451582705,NA,0,0,NA,NA,NA,V
2020,5,90,drought,NA,NA,NA,1,1,0,0,NA,NA,NA,NA,0,0,NA,NA,NA,dormant
2021,5,90,drought,NA,NA,NA,1,1,0,0,NA,24.74004215,NA,3.208423071,0,0,NA,NA,NA,dormant
2022,5,90,drought,NA,10.5,3,1,1,0,0,24.74004215,6.479534848,3.208423071,1.868648725,0,0,NA,NA,NA,V
2023,5,90,drought,NA,5.5,1.5,1,NA,0,NA,6.479534848,NA,1.868648725,NA,0,NA,NA,NA,NA,V
2017,7,900,drought,NA,12,6,1,1,0,0,56.54866776,63.22455215,4.035101644,4.146692709,0,0,NA,NA,NA,V
2018,7,900,drought,NA,11.5,7,1,0,0,NA,63.22455215,NA,4.146692709,NA,0,0,NA,NA,NA,V
2019,7,900,drought,NA,NA,NA,0,0,NA,NA,NA,NA,NA,NA,0,0,NA,NA,NA,dead
2020,7,900,drought,NA,NA,NA,0,0,NA,0,NA,NA,NA,NA,0,0,NA,NA,NA,dead
2021,7,900,drought,NA,NA,NA,0,0,0,0,NA,NA,NA,NA,0,0,NA,NA,NA,dead
2022,7,900,drought,NA,NA,NA,0,NA,0,NA,NA,NA,NA,NA,0,NA,NA,NA,NA,dead
2017,6,901,irrigated,NA,8,8,1,1,0,1,50.26548246,54.97787144,3.917318608,4.006930767,0,4,NA,NA,NA,V
2018,6,901,irrigated,NA,10,7,1,1,1,0,54.97787144,73.43472828,4.006930767,4.296396961,4,0,NA,NA,NA,F
2019,6,901,irrigated,NA,11,8.5,1,NA,0,NA,73.43472828,NA,4.296396961,NA,0,0,NA,NA,NA,V
2020,6,901,irrigated,NA,NA,NA,NA,1,NA,0,NA,9.424777961,NA,2.243342175,0,0,NA,NA,NA,NA
2021,6,901,irrigated,NA,6,2,1,NA,0,NA,9.424777961,NA,2.243342175,NA,0,0,NA,NA,NA,V
2022,6,901,irrigated,NA,NA,NA,NA,1,NA,1,NA,238.7610417,NA,5.475463226,0,9,NA,0,NA,NA
2023,6,901,irrigated,NA,16,19,1,NA,1,NA,238.7610417,NA,5.475463226,NA,9,NA,0,NA,0,F
2017,7,902,drought,NA,10,7,1,1,0,0,54.97787144,31.41592654,4.006930767,3.447314979,0,0,NA,NA,NA,V
2018,7,902,drought,NA,8,5,1,1,0,0,31.41592654,90.32078879,3.447314979,4.503367653,0,0,NA,NA,NA,V
2019,7,902,drought,NA,11.5,10,1,1,0,0,90.32078879,67.15154297,4.503367653,4.206951901,0,0,NA,NA,NA,V
2020,7,902,drought,NA,9.5,9,1,1,0,0,67.15154297,7.853981634,4.206951901,2.061020618,0,0,NA,NA,NA,V
2021,7,902,drought,NA,5,2,1,0,0,NA,7.853981634,NA,2.061020618,NA,0,0,NA,NA,NA,V
2022,7,902,drought,NA,NA,NA,0,0,NA,NA,NA,NA,NA,NA,0,0,NA,NA,NA,dead
2023,7,902,drought,NA,NA,NA,0,NA,NA,NA,NA,NA,NA,NA,0,NA,NA,NA,NA,dead
2017,6,903,irrigated,NA,10.5,8,1,1,0,0,65.97344573,94.24777961,4.189252324,4.545927268,0,0,NA,NA,NA,V
2018,6,903,irrigated,NA,15,8,1,1,0,0,94.24777961,57.72676501,4.545927268,4.055720931,0,0,NA,NA,NA,V
2019,6,903,irrigated,NA,10.5,7,1,NA,0,NA,57.72676501,NA,4.055720931,NA,0,0,NA,NA,NA,V
2020,6,903,irrigated,NA,NA,NA,NA,0,NA,0,NA,NA,NA,NA,0,0,NA,NA,NA,NA
2021,6,903,irrigated,NA,NA,NA,0,0,0,0,NA,NA,NA,NA,0,0,NA,NA,NA,dead
2022,6,903,irrigated,NA,NA,NA,0,NA,0,NA,NA,NA,NA,NA,0,NA,NA,NA,NA,dead
2017,6,904,irrigated,NA,11.5,7.5,1,1,0,0,67.74059159,3.534291735,4.215685581,1.262512922,0,0,NA,NA,NA,V
2018,6,904,irrigated,NA,3,1.5,1,0,0,0,3.534291735,NA,1.262512922,NA,0,0,NA,NA,NA,V
2019,6,904,irrigated,NA,NA,NA,0,0,0,NA,NA,NA,NA,NA,0,0,NA,NA,NA,dead
2020,6,904,irrigated,NA,NA,NA,0,0,NA,NA,NA,NA,NA,NA,0,0,NA,NA,NA,dead
2021,6,904,irrigated,NA,NA,NA,0,0,NA,NA,NA,NA,NA,NA,0,0,NA,NA,NA,dead
2022,6,904,irrigated,NA,NA,NA,0,NA,NA,NA,NA,NA,NA,NA,0,NA,NA,NA,NA,dead
2023,6,904.new,irrigated,NA,12,4,1,NA,0,NA,37.69911184,NA,3.629636536,NA,0,NA,NA,NA,NA,V
2017,6,905,irrigated,NA,10,3.5,1,1,0,1,27.48893572,17.67145868,3.313783586,2.871950834,0,3,NA,NA,NA,V
2018,6,905,irrigated,NA,9,2.5,1,1,1,1,17.67145868,91.89158512,2.871950834,4.52060946,3,0,NA,NA,NA,F
2019,6,905,irrigated,NA,13,9,1,NA,1,NA,91.89158512,NA,4.52060946,NA,0,0,NA,NA,NA,F
2020,6,905,irrigated,NA,NA,NA,NA,1,NA,1,NA,95.03317777,NA,4.55422607,0,2,NA,NA,NA,NA
2021,6,905,irrigated,NA,11,11,1,1,1,0,95.03317777,102.1017612,4.55422607,4.625969975,2,0,NA,NA,NA,F
2022,6,905,irrigated,NA,13,10,1,1,0,1,102.1017612,141.3716694,4.625969975,4.951392376,0,8,NA,117,NA,V
2023,6,905,irrigated,NA,18,10,1,NA,1,NA,141.3716694,NA,4.951392376,NA,8,NA,117,NA,14,F
2017,6,906,irrigated,NA,9,6,1,1,1,0,42.41150082,25.91813939,3.747419571,3.254943086,3,0,NA,NA,NA,F
2018,6,906,irrigated,NA,11,3,1,1,0,1,25.91813939,141.3716694,3.254943086,4.951392376,0,2,NA,NA,NA,V
2019,6,906,irrigated,NA,15,12,1,1,1,0,141.3716694,62.83185307,4.951392376,4.140462159,2,0,NA,NA,NA,F
2020,6,906,irrigated,NA,10,8,1,1,0,0,62.83185307,16.49336143,4.140462159,2.802957962,0,0,NA,NA,NA,V
2021,6,906,irrigated,NA,7,3,1,0,0,NA,16.49336143,NA,2.802957962,NA,0,0,NA,NA,NA,V
2022,6,906,irrigated,NA,NA,NA,0,0,NA,NA,NA,NA,NA,NA,0,0,NA,NA,NA,dead
2023,6,906,irrigated,NA,NA,NA,0,NA,NA,NA,NA,NA,NA,NA,0,NA,NA,NA,NA,dead
2017,6,907,irrigated,NA,8.5,3,1,1,1,0,20.02765317,188.4955592,2.997113977,5.239074448,4,0,NA,NA,NA,F
2018,6,907,irrigated,NA,16,15,1,1,0,0,188.4955592,133.5176878,5.239074448,4.894233962,0,0,NA,NA,NA,V
2019,6,907,irrigated,NA,17,10,1,NA,0,NA,133.5176878,NA,4.894233962,NA,0,0,NA,NA,NA,V
2020,6,907,irrigated,NA,NA,NA,NA,1,NA,0,NA,106.0287521,NA,4.663710303,0,0,NA,NA,NA,NA
2021,6,907,irrigated,NA,15,9,1,1,0,0,106.0287521,146.0840584,4.663710303,4.984182198,0,0,NA,NA,NA,V
2022,6,907,irrigated,NA,15.5,12,1,1,0,1,146.0840584,200.2765317,4.984182198,5.29969907,0,7,NA,0,NA,V
2023,6,907,irrigated,NA,17,15,1,NA,1,NA,200.2765317,NA,5.29969907,NA,7,NA,0,NA,0,F
2017,6,908,irrigated,NA,14.5,8,1,1,1,0,91.10618695,142.9424657,4.512025716,4.962442212,3,0,NA,NA,NA,F
2018,6,908,irrigated,NA,13,14,1,1,0,1,142.9424657,74.61282552,4.962442212,4.312312416,0,3,NA,NA,NA,V
2019,6,908,irrigated,NA,10,9.5,1,NA,1,NA,74.61282552,NA,4.312312416,NA,3,0,NA,NA,NA,F
2020,6,908,irrigated,NA,NA,NA,NA,1,NA,0,NA,NA,NA,NA,0,0,NA,NA,NA,NA
2021,6,908,irrigated,NA,NA,NA,1,1,0,0,NA,47.1238898,NA,3.852780087,0,0,NA,NA,NA,dormant
2022,6,908,irrigated,NA,10,6,1,1,0,0,47.1238898,106.0287521,3.852780087,4.663710303,0,0,NA,NA,NA,V
2023,6,908,irrigated,NA,13.5,10,1,NA,0,NA,106.0287521,NA,4.663710303,NA,0,NA,NA,NA,NA,V
2017,6,909,irrigated,NA,9,7,1,1,0,0,49.48008429,44.76769531,3.901570251,3.801486793,0,0,NA,NA,NA,V
2018,6,909,irrigated,NA,9.5,6,1,1,0,0,44.76769531,78.3434668,3.801486793,4.36110258,0,0,NA,NA,NA,V
2019,6,909,irrigated,NA,10.5,9.5,1,1,0,0,78.3434668,33.57577149,4.36110258,3.51380472,0,0,NA,NA,NA,V
2020,6,909,irrigated,NA,9.5,4.5,1,1,0,0,33.57577149,56.54866776,3.51380472,4.035101644,0,0,NA,NA,NA,V
2021,6,909,irrigated,NA,9,8,1,1,0,0,56.54866776,122.5221135,4.035101644,4.808291532,0,0,NA,NA,NA,V
2022,6,909,irrigated,NA,13,12,1,1,0,1,122.5221135,188.8882583,4.808291532,5.241155614,0,3,NA,0,NA,V
2023,6,909,irrigated,NA,18.5,13,1,NA,1,NA,188.8882583,NA,5.241155614,NA,3,NA,0,NA,0,F
2017,5,91,drought,NA,9,8,1,1,1,0,56.54866776,20.42035225,4.035101644,3.016532063,3,0,NA,NA,NA,F
2018,5,91,drought,NA,6.5,4,1,1,0,0,20.42035225,43.98229715,3.016532063,3.783787215,0,0,NA,NA,NA,V
2019,5,91,drought,NA,8,7,1,NA,0,NA,43.98229715,NA,3.783787215,NA,0,0,NA,NA,NA,V
2020,5,91,drought,NA,NA,NA,NA,0,NA,NA,NA,NA,NA,NA,0,0,NA,NA,NA,NA
2021,5,91,drought,NA,NA,NA,0,0,NA,0,NA,NA,NA,NA,0,0,NA,NA,NA,dead
2022,5,91,drought,NA,NA,NA,0,0,0,0,NA,NA,NA,NA,0,0,NA,NA,NA,dead
2023,5,91,drought,NA,NA,NA,0,NA,0,NA,NA,NA,NA,NA,0,NA,NA,NA,NA,dead
2017,5,910,drought,NA,7,6,1,1,0,1,32.98672286,49.48008429,3.496105143,3.901570251,0,6,NA,NA,NA,V
2018,5,910,drought,NA,7,9,1,1,1,0,49.48008429,58.70851271,3.901570251,4.072584737,6,0,NA,NA,NA,F
2019,5,910,drought,NA,11.5,6.5,1,NA,0,NA,58.70851271,NA,4.072584737,NA,0,0,NA,NA,NA,V
2020,5,910,drought,NA,NA,NA,NA,0,NA,0,NA,NA,NA,NA,0,0,NA,NA,NA,NA
2021,5,910,drought,NA,NA,NA,0,0,0,0,NA,NA,NA,NA,0,0,NA,NA,NA,dead
2022,5,910,drought,NA,NA,NA,0,0,0,0,NA,NA,NA,NA,0,0,NA,NA,NA,dead
2023,5,910,drought,NA,NA,NA,0,NA,0,NA,NA,NA,NA,NA,0,NA,NA,NA,NA,dead
2017,5,912,drought,NA,10,9,1,1,0,0,70.68583471,74.61282552,4.258245195,4.312312416,0,0,NA,NA,NA,V
2018,5,912,drought,NA,10,9.5,1,1,0,0,74.61282552,42.41150082,4.312312416,3.747419571,0,0,NA,NA,NA,V
2019,5,912,drought,NA,9,6,1,NA,0,NA,42.41150082,NA,3.747419571,NA,0,0,NA,NA,NA,V
2020,5,912,drought,NA,NA,NA,NA,0,NA,NA,NA,NA,NA,NA,0,0,NA,NA,NA,NA
2021,5,912,drought,NA,NA,NA,0,0,NA,NA,NA,NA,NA,NA,0,0,NA,NA,NA,dead
2022,5,912,drought,NA,NA,NA,0,0,NA,0,NA,NA,NA,NA,0,0,NA,NA,NA,dead
2023,5,912,drought,NA,NA,NA,0,NA,0,NA,NA,NA,NA,NA,0,NA,NA,NA,NA,dead
2017,5,913,drought,NA,7,5,1,1,1,1,27.48893572,7.068583471,3.313783586,1.955660102,3,2,NA,NA,NA,F
2018,5,913,drought,NA,3,3,1,1,1,0,7.068583471,7.068583471,1.955660102,1.955660102,2,0,NA,NA,NA,F
2019,5,913,drought,NA,4.5,2,1,1,0,0,7.068583471,7.853981634,1.955660102,2.061020618,0,0,NA,NA,NA,V
2020,5,913,drought,NA,5,2,1,0,0,0,7.853981634,NA,2.061020618,NA,0,0,NA,NA,NA,V
2021,5,913,drought,NA,NA,NA,0,0,0,0,NA,NA,NA,NA,0,0,NA,NA,NA,dead
2022,5,913,drought,NA,NA,NA,0,NA,0,NA,NA,NA,NA,NA,0,NA,NA,NA,NA,dead
2017,5,915,drought,NA,10,4,1,1,1,1,31.41592654,27.48893572,3.447314979,3.313783586,2,2,NA,NA,NA,F
2018,5,915,drought,NA,7,5,1,1,1,0,27.48893572,22.97289628,3.313783586,3.134315098,2,0,NA,NA,NA,F
2019,5,915,drought,NA,6.5,4.5,1,1,0,0,22.97289628,9.817477042,3.134315098,2.284164169,0,0,NA,NA,NA,V
2020,5,915,drought,NA,5,2.5,1,0,0,0,9.817477042,NA,2.284164169,NA,0,0,NA,NA,NA,V
2021,5,915,drought,NA,NA,NA,0,0,0,0,NA,NA,NA,NA,0,0,NA,NA,NA,dead
2022,5,915,drought,NA,NA,NA,0,NA,0,NA,NA,NA,NA,NA,0,NA,NA,NA,NA,dead
2017,6,916,irrigated,NA,7,3.5,1,1,0,1,19.242255,25.13274123,2.957108642,3.224171428,0,4,NA,NA,NA,V
2018,6,916,irrigated,NA,8,4,1,1,1,0,25.13274123,40.05530633,3.224171428,3.690261157,4,0,NA,NA,NA,F
2019,6,916,irrigated,NA,8.5,6,1,NA,0,NA,40.05530633,NA,3.690261157,NA,0,0,NA,NA,NA,V
2020,6,916,irrigated,NA,NA,NA,NA,1,NA,0,NA,117.8097245,NA,4.769070819,0,0,NA,NA,NA,NA
2021,6,916,irrigated,NA,15,10,1,1,0,0,117.8097245,37.69911184,4.769070819,3.629636536,0,0,NA,NA,NA,V
2022,6,916,irrigated,NA,12,4,1,1,0,0,37.69911184,69.11503838,3.629636536,4.235772339,0,0,NA,NA,NA,V
2023,6,916,irrigated,NA,16,5.5,1,NA,0,NA,69.11503838,NA,4.235772339,NA,0,NA,NA,NA,NA,V
2017,6,917,irrigated,NA,6,3,1,1,0,0,14.13716694,35.34291735,2.648807283,3.565098014,0,0,NA,NA,NA,V
2018,6,917,irrigated,NA,9,5,1,1,0,0,35.34291735,49.48008429,3.565098014,3.901570251,0,0,NA,NA,NA,V
2019,6,917,irrigated,NA,9,7,1,NA,0,NA,49.48008429,NA,3.901570251,NA,0,0,NA,NA,NA,V
2020,6,917,irrigated,NA,NA,NA,NA,1,NA,1,NA,47.1238898,NA,3.852780087,0,2,NA,NA,NA,NA
2021,6,917,irrigated,1,12,5,1,1,1,1,47.1238898,153.93804,3.852780087,5.036550184,2,5,NA,118,NA,F
2022,6,917,irrigated,NA,14,14,1,1,1,1,153.93804,164.9336143,5.036550184,5.105543055,5,10,118,81,23,F
2023,6,917,irrigated,NA,15,14,1,NA,1,NA,164.9336143,NA,5.105543055,NA,10,NA,81,NA,8,F
2017,6,918,irrigated,NA,15,12,1,1,0,1,141.3716694,163.362818,4.951392376,5.095973604,0,6,NA,NA,NA,V
2018,6,918,irrigated,NA,16,13,1,1,1,1,163.362818,137.4446786,5.095973604,4.923221499,6,4,NA,NA,NA,F
2019,6,918,irrigated,NA,17.5,10,1,1,1,0,137.4446786,28.27433388,4.923221499,3.341954463,4,0,NA,NA,NA,F
2020,6,918,irrigated,NA,9,4,1,1,0,0,28.27433388,78.53981634,3.341954463,4.363605711,0,0,NA,NA,NA,V
2021,6,918,irrigated,NA,10,10,1,1,0,0,78.53981634,78.53981634,4.363605711,4.363605711,0,0,NA,NA,NA,V
2022,6,918,irrigated,NA,10,10,1,1,0,0,78.53981634,75.39822369,4.363605711,4.322783716,0,0,NA,NA,NA,V
2023,6,918,irrigated,NA,12,8,1,NA,0,NA,75.39822369,NA,4.322783716,NA,0,NA,NA,NA,NA,V
2017,6,919,irrigated,NA,9,5,1,1,0,0,35.34291735,43.98229715,3.565098014,3.783787215,0,0,NA,NA,NA,V
2018,6,919,irrigated,NA,8,7,1,1,0,1,43.98229715,72.25663103,3.783787215,4.280224102,0,3,NA,NA,NA,V
2019,6,919,irrigated,NA,11.5,8,1,1,1,0,72.25663103,75.39822369,4.280224102,4.322783716,3,0,NA,NA,NA,F
2020,6,919,irrigated,NA,12,8,1,1,0,0,75.39822369,17.67145868,4.322783716,2.871950834,0,0,NA,NA,NA,V
2021,6,919,irrigated,NA,9,2.5,1,1,0,0,17.67145868,76.96902001,2.871950834,4.343403003,0,0,NA,NA,NA,V
2022,6,919,irrigated,NA,14,7,1,1,0,1,76.96902001,102.1017612,4.343403003,4.625969975,0,5,NA,36,NA,V
2023,6,919,irrigated,NA,13,10,1,NA,1,NA,102.1017612,NA,4.625969975,NA,5,NA,36,NA,7,F
2017,6,920,irrigated,NA,11,10,1,1,1,0,86.39379797,30.63052837,4.458915891,3.421997171,0,0,NA,NA,NA,F
2018,6,920,irrigated,NA,6.5,6,1,1,0,1,30.63052837,82.07410808,3.421997171,4.407622596,0,4,NA,NA,NA,V
2019,6,920,irrigated,NA,11,9.5,1,1,1,0,82.07410808,41.23340358,4.407622596,3.719248694,4,0,NA,NA,NA,F
2020,6,920,irrigated,NA,10.5,5,1,1,0,1,41.23340358,53.40707511,3.719248694,3.97794323,0,2,NA,NA,NA,V
2021,6,920,irrigated,1,8.5,8,1,1,1,0,53.40707511,84.82300165,3.97794323,4.440566752,2,0,NA,NA,NA,F
2022,6,920,irrigated,NA,13.5,8,1,1,0,1,84.82300165,133.5176878,4.440566752,4.894233962,0,5,NA,48,NA,V
2023,6,920,irrigated,NA,17,10,1,NA,1,NA,133.5176878,NA,4.894233962,NA,5,NA,48,NA,9,F
2017,6,921,irrigated,NA,11,4,1,1,0,0,34.55751919,37.69911184,3.542625159,3.629636536,0,0,NA,NA,NA,V
2018,6,921,irrigated,NA,12,4,1,1,0,1,37.69911184,40.64435496,3.629636536,3.704859957,0,3,NA,NA,NA,V
2019,6,921,irrigated,NA,11.5,4.5,1,1,1,0,40.64435496,63.61725124,3.704859957,4.152884679,3,0,NA,NA,NA,F
2020,6,921,irrigated,NA,9,9,1,1,0,0,63.61725124,65.97344573,4.152884679,4.189252324,0,0,NA,NA,NA,V
2021,6,921,irrigated,NA,12,7,1,1,0,1,65.97344573,238.7610417,4.189252324,5.475463226,0,3,NA,73,NA,V
2022,6,921,irrigated,NA,19,16,1,1,1,1,238.7610417,238.7610417,5.475463226,5.475463226,3,5,73,34,24,F
2023,6,921,irrigated,NA,19,16,1,NA,1,NA,238.7610417,NA,5.475463226,NA,5,NA,34,NA,6,F
2017,6,922,irrigated,NA,13,6,1,1,0,1,61.26105675,131.9468915,4.115144351,4.882399504,0,4,NA,NA,NA,V
2018,6,922,irrigated,NA,14,12,1,1,1,0,131.9468915,76.96902001,4.882399504,4.343403003,4,0,NA,NA,NA,F
2019,6,922,irrigated,NA,14,7,1,1,0,1,76.96902001,47.1238898,4.343403003,3.852780087,0,8,NA,NA,NA,V
2020,6,922,irrigated,NA,12,5,1,1,1,0,47.1238898,84.82300165,3.852780087,4.440566752,8,0,NA,NA,NA,F
2021,6,922,irrigated,NA,12,9,1,1,0,0,84.82300165,160.2212253,4.440566752,5.076555519,0,0,NA,NA,NA,V
2022,6,922,irrigated,NA,17,12,1,1,0,1,160.2212253,148.4402529,5.076555519,5.00018254,0,6,NA,52,NA,V
2023,6,922,irrigated,NA,21,9,1,NA,1,NA,148.4402529,NA,5.00018254,NA,6,NA,52,NA,8,F
2017,5,923,drought,NA,11.5,5,1,1,1,0,45.1603944,39.26990817,3.810220473,3.67045853,2,0,NA,NA,NA,F
2018,5,923,drought,NA,10,5,1,1,0,0,39.26990817,39.26990817,3.67045853,3.67045853,0,0,NA,NA,NA,V
2019,5,923,drought,NA,10,5,1,1,0,0,39.26990817,32.98672286,3.67045853,3.496105143,0,0,NA,NA,NA,V
2020,5,923,drought,NA,10.5,4,1,1,0,0,32.98672286,25.13274123,3.496105143,3.224171428,0,0,NA,NA,NA,V
2021,5,923,drought,NA,8,4,1,1,0,1,25.13274123,58.90486225,3.224171428,4.075923638,0,1,NA,0,NA,V
2022,5,923,drought,NA,15,5,1,1,1,0,58.90486225,193.9933464,4.075923638,5.267823861,1,0,0,NA,0,F
2023,5,923,drought,NA,19,13,1,NA,0,NA,193.9933464,NA,5.267823861,NA,0,NA,NA,NA,NA,V
2017,5,924,drought,NA,9,7,1,1,1,0,49.48008429,21.99114858,3.901570251,3.090640035,5,0,NA,NA,NA,F
2018,5,924,drought,NA,8,3.5,1,1,0,0,21.99114858,32.39767424,3.090640035,3.478086638,0,0,NA,NA,NA,V
2019,5,924,drought,NA,7.5,5.5,1,NA,0,NA,32.39767424,NA,3.478086638,NA,0,0,NA,NA,NA,V
2020,5,924,drought,NA,NA,NA,NA,0,NA,0,NA,NA,NA,NA,0,0,NA,NA,NA,NA
2021,5,924,drought,NA,NA,NA,0,0,0,NA,NA,NA,NA,NA,0,0,NA,NA,NA,dead
2022,5,924,drought,NA,NA,NA,0,0,NA,0,NA,NA,NA,NA,0,0,NA,NA,NA,dead
2023,5,924,drought,NA,NA,NA,0,NA,0,NA,NA,NA,NA,NA,0,NA,NA,NA,NA,dead
2017,5,925,drought,NA,7.5,6.5,1,1,0,0,38.28816047,95.03317777,3.645140722,4.55422607,0,0,NA,NA,NA,V
2018,5,925,drought,NA,11,11,1,1,0,0,95.03317777,14.13716694,4.55422607,2.648807283,0,0,NA,NA,NA,V
2019,5,925,drought,NA,6,3,1,0,0,0,14.13716694,NA,2.648807283,NA,0,0,NA,NA,NA,V
2020,5,925,drought,NA,NA,NA,0,0,0,NA,NA,NA,NA,NA,0,0,NA,NA,NA,dead
2021,5,925,drought,NA,NA,NA,0,0,NA,NA,NA,NA,NA,NA,0,0,NA,NA,NA,dead
2022,5,925,drought,NA,NA,NA,0,0,NA,NA,NA,NA,NA,NA,0,0,NA,NA,NA,dead
2023,5,925,drought,NA,NA,NA,0,NA,NA,NA,NA,NA,NA,NA,0,NA,NA,NA,NA,dead
2017,5,926,drought,NA,7,4,1,1,0,0,21.99114858,32.98672286,3.090640035,3.496105143,0,0,NA,NA,NA,V
2018,5,926,drought,NA,7,6,1,1,0,0,32.98672286,7.068583471,3.496105143,1.955660102,0,0,NA,NA,NA,V
2019,5,926,drought,NA,6,1.5,1,NA,0,NA,7.068583471,NA,1.955660102,NA,0,0,NA,NA,NA,V
2020,5,926,drought,NA,NA,NA,NA,0,NA,0,NA,NA,NA,NA,0,0,NA,NA,NA,NA
2021,5,926,drought,NA,NA,NA,0,0,0,0,NA,NA,NA,NA,0,0,NA,NA,NA,dead
2022,5,926,drought,NA,NA,NA,0,NA,0,NA,NA,NA,NA,NA,0,NA,NA,NA,NA,dead
2017,5,927,drought,NA,7.5,4,1,1,0,1,23.5619449,18.84955592,3.159632906,2.936489355,0,0,NA,NA,NA,V
2018,5,927,drought,NA,8,3,1,1,1,0,18.84955592,32.98672286,2.936489355,3.496105143,0,0,NA,NA,NA,F
2019,5,927,drought,NA,7,6,1,1,0,0,32.98672286,25.91813939,3.496105143,3.254943086,0,0,NA,NA,NA,V
2020,5,927,drought,NA,11,3,1,1,0,0,25.91813939,35.34291735,3.254943086,3.565098014,0,0,NA,NA,NA,V
2021,5,927,drought,NA,9,5,1,1,0,0,35.34291735,34.55751919,3.565098014,3.542625159,0,0,NA,NA,NA,V
2022,5,927,drought,NA,11,4,1,1,0,0,34.55751919,144.5132621,3.542625159,4.973371282,0,0,NA,NA,NA,V
2023,5,927,drought,NA,16,11.5,1,NA,0,NA,144.5132621,NA,4.973371282,NA,0,NA,NA,NA,NA,V
2017,5,928,drought,NA,11,3.5,1,1,0,1,30.23782929,11.78097245,3.409093766,2.466485726,0,0,NA,NA,NA,V
2018,5,928,drought,NA,5,3,1,1,1,0,11.78097245,4.123340358,2.466485726,1.416663601,0,0,NA,NA,NA,F
2019,5,928,drought,NA,3.5,1.5,1,1,0,0,4.123340358,8.639379797,1.416663601,2.156330798,0,0,NA,NA,NA,V
2020,5,928,drought,NA,5.5,2,1,1,0,0,8.639379797,0.785398163,2.156330798,-0.241564475,0,0,NA,NA,NA,V
2021,5,928,drought,NA,1,1,1,1,0,0,0.785398163,15.70796327,-0.241564475,2.754167798,0,0,NA,NA,NA,V
2022,5,928,drought,NA,10,2,1,1,0,0,15.70796327,21.20575041,2.754167798,3.054272391,0,0,NA,NA,NA,V
2023,5,928,drought,NA,9,3,1,NA,0,NA,21.20575041,NA,3.054272391,NA,0,NA,NA,NA,NA,V
2017,6,929,irrigated,NA,9,5,1,1,0,0,35.34291735,49.48008429,3.565098014,3.901570251,0,0,NA,NA,NA,V
2018,6,929,irrigated,NA,10.5,6,1,1,0,0,49.48008429,120.9513172,3.901570251,4.795388127,0,0,NA,NA,NA,V
2019,6,929,irrigated,NA,14,11,1,NA,0,NA,120.9513172,NA,4.795388127,NA,0,0,NA,NA,NA,V
2020,6,929,irrigated,NA,NA,NA,NA,1,NA,0,NA,54.97787144,NA,4.006930767,0,0,NA,NA,NA,NA
2021,6,929,irrigated,NA,10,7,1,1,0,0,54.97787144,69.11503838,4.006930767,4.235772339,0,0,NA,NA,NA,V
2022,6,929,irrigated,NA,11,8,1,0,0,0,69.11503838,NA,4.235772339,NA,0,0,NA,NA,NA,V
2023,6,929,irrigated,NA,NA,NA,0,NA,0,NA,NA,NA,NA,NA,0,NA,NA,NA,NA,U
2017,5,930,drought,NA,4.5,4,1,1,0,0,14.13716694,10.60287521,2.648807283,2.36112521,0,0,NA,NA,NA,V
2018,5,930,drought,NA,4.5,3,1,1,0,0,10.60287521,19.242255,2.36112521,2.957108642,0,0,NA,NA,NA,V
2019,5,930,drought,NA,7,3.5,1,1,0,0,19.242255,NA,2.957108642,NA,0,0,NA,NA,NA,V
2020,5,930,drought,NA,NA,NA,1,1,0,0,NA,4.71238898,NA,1.550194994,0,0,NA,NA,NA,dormant
2021,5,930,drought,NA,4,1.5,1,NA,0,NA,4.71238898,NA,1.550194994,NA,0,0,NA,NA,NA,V
2022,5,930,drought,NA,NA,NA,NA,1,NA,0,NA,60.47565858,NA,4.102240947,0,0,NA,NA,NA,NA
2023,5,930,drought,NA,11,7,1,NA,0,NA,60.47565858,NA,4.102240947,NA,0,NA,NA,NA,NA,V
2017,7,931,drought,NA,10,3,1,1,0,0,23.5619449,18.84955592,3.159632906,2.936489355,0,0,NA,NA,NA,V
2018,7,931,drought,NA,6,4,1,1,0,0,18.84955592,40.8407045,2.936489355,3.709679243,0,0,NA,NA,NA,V
2019,7,931,drought,NA,8,6.5,1,1,0,0,40.8407045,23.5619449,3.709679243,3.159632906,0,0,NA,NA,NA,V
2020,7,931,drought,NA,7.5,4,1,1,0,0,23.5619449,27.48893572,3.159632906,3.313783586,0,0,NA,NA,NA,V
2021,7,931,drought,NA,7,5,1,1,0,0,27.48893572,52.22897787,3.313783586,3.955637472,0,0,NA,NA,NA,V
2022,7,931,drought,NA,9.5,7,1,1,0,0,52.22897787,43.98229715,3.955637472,3.783787215,0,0,NA,NA,NA,V
2023,7,931,drought,NA,14,4,1,NA,0,NA,43.98229715,NA,3.783787215,NA,0,NA,NA,NA,NA,V
2017,5,932,drought,NA,13,10,1,1,0,1,102.1017612,94.24777961,4.625969975,4.545927268,0,4,NA,NA,NA,V
2018,5,932,drought,NA,12,10,1,1,1,0,94.24777961,176.7145868,4.545927268,5.174535927,4,0,NA,NA,NA,F
2019,5,932,drought,NA,18,12.5,1,NA,0,NA,176.7145868,NA,5.174535927,NA,0,0,NA,NA,NA,V
2020,5,932,drought,NA,NA,NA,NA,1,NA,0,NA,14.13716694,NA,2.648807283,0,0,NA,NA,NA,NA
2021,5,932,drought,NA,6,3,1,0,0,0,14.13716694,NA,2.648807283,NA,0,0,NA,NA,NA,V
2022,5,932,drought,NA,NA,NA,0,0,0,0,NA,NA,NA,NA,0,0,NA,NA,NA,dead
2023,5,932,drought,NA,NA,NA,0,NA,0,NA,NA,NA,NA,NA,0,NA,NA,NA,NA,dead
2017,6,933,irrigated,NA,9,3.5,1,1,0,0,24.74004215,52.22897787,3.208423071,3.955637472,0,0,NA,NA,NA,V
2018,6,933,irrigated,NA,9.5,7,1,1,0,0,52.22897787,88.35729338,3.955637472,4.481388746,0,0,NA,NA,NA,V
2019,6,933,irrigated,NA,12.5,9,1,NA,0,NA,88.35729338,NA,4.481388746,NA,0,0,NA,NA,NA,V
2020,6,933,irrigated,NA,NA,NA,NA,1,NA,1,NA,50.26548246,NA,3.917318608,0,2,NA,NA,NA,NA
2021,6,933,irrigated,1,8,8,1,1,1,0,50.26548246,213.6283004,3.917318608,5.364237591,2,0,NA,NA,NA,F
2022,6,933,irrigated,NA,17,16,1,1,0,1,213.6283004,267.0353756,5.364237591,5.587381142,0,5,NA,0,NA,V
2023,6,933,irrigated,NA,20,17,1,NA,1,NA,267.0353756,NA,5.587381142,NA,5,NA,0,NA,0,F
2017,6,934,irrigated,NA,9,3,1,1,0,0,21.20575041,42.41150082,3.054272391,3.747419571,0,0,NA,NA,NA,V
2018,6,934,irrigated,NA,9,6,1,1,0,0,42.41150082,49.67643383,3.747419571,3.905530652,0,0,NA,NA,NA,V
2019,6,934,irrigated,NA,11.5,5.5,1,1,0,0,49.67643383,53.01437603,3.905530652,3.970563123,0,0,NA,NA,NA,V
2020,6,934,irrigated,NA,13.5,5,1,1,0,0,53.01437603,70.09678608,3.970563123,4.249876945,0,0,NA,NA,NA,V
2021,6,934,irrigated,NA,10.5,8.5,1,1,0,0,70.09678608,94.24777961,4.249876945,4.545927268,0,0,NA,NA,NA,V
2022,6,934,irrigated,NA,15,8,1,1,0,0,94.24777961,125.6637061,4.545927268,4.83360934,0,0,NA,NA,NA,V
2023,6,934,irrigated,NA,16,10,1,NA,0,NA,125.6637061,NA,4.83360934,NA,0,NA,NA,NA,NA,V
2017,6,935,irrigated,NA,6,3,1,1,0,0,14.13716694,21.99114858,2.648807283,3.090640035,0,0,NA,NA,NA,V
2018,6,935,irrigated,NA,7,4,1,1,0,0,21.99114858,35.34291735,3.090640035,3.565098014,0,0,NA,NA,NA,V
2019,6,935,irrigated,NA,7.5,6,1,1,0,1,35.34291735,37.69911184,3.565098014,3.629636536,0,5,NA,NA,NA,V
2020,6,935,irrigated,NA,8,6,1,1,1,0,37.69911184,32.98672286,3.629636536,3.496105143,5,0,NA,NA,NA,F
2021,6,935,irrigated,NA,7,6,1,1,0,0,32.98672286,129.590697,3.496105143,4.864380999,0,0,NA,NA,NA,V
2022,6,935,irrigated,NA,15,11,1,1,0,1,129.590697,125.6637061,4.864380999,4.83360934,0,6,NA,79,NA,V
2023,6,935,irrigated,NA,16,10,1,NA,1,NA,125.6637061,NA,4.83360934,NA,6,NA,79,NA,13,F
2017,5,936,drought,NA,7,5,1,1,0,0,27.48893572,21.99114858,3.313783586,3.090640035,0,0,NA,NA,NA,V
2018,5,936,drought,NA,7,4,1,0,0,0,21.99114858,NA,3.090640035,NA,0,0,NA,NA,NA,V
2019,5,936,drought,NA,NA,NA,0,0,0,0,NA,NA,NA,NA,0,0,NA,NA,NA,dead
2020,5,936,drought,NA,NA,NA,0,0,0,0,NA,NA,NA,NA,0,0,NA,NA,NA,dead
2021,5,936,drought,NA,NA,NA,0,0,0,0,NA,NA,NA,NA,0,0,NA,NA,NA,dead
2022,5,936,drought,NA,NA,NA,0,NA,0,NA,NA,NA,NA,NA,0,NA,NA,NA,NA,dead
2017,6,937,irrigated,NA,6,2,1,1,0,0,9.424777961,10.60287521,2.243342175,2.36112521,0,0,NA,NA,NA,V
2018,6,937,irrigated,NA,4.5,3,1,1,0,0,10.60287521,10.21017612,2.36112521,2.323384882,0,0,NA,NA,NA,V
2019,6,937,irrigated,NA,6.5,2,1,1,0,0,10.21017612,20.02765317,2.323384882,2.997113977,0,0,NA,NA,NA,V
2020,6,937,irrigated,NA,8.5,3,1,1,0,1,20.02765317,70.68583471,2.997113977,4.258245195,0,4,NA,NA,NA,V
2021,6,937,irrigated,1,10,9,1,1,1,0,70.68583471,122.5221135,4.258245195,4.808291532,4,0,NA,NA,NA,F
2022,6,937,irrigated,NA,13,12,1,1,0,0,122.5221135,153.93804,4.808291532,5.036550184,0,0,NA,NA,NA,V
2023,6,937,irrigated,NA,14,14,1,NA,0,NA,153.93804,NA,5.036550184,NA,0,NA,NA,NA,NA,V
2017,6,938,irrigated,NA,6,3.5,1,1,0,0,16.49336143,4.71238898,2.802957962,1.550194994,0,0,NA,NA,NA,V
2018,6,938,irrigated,NA,4,1.5,1,1,0,0,4.71238898,90.32078879,1.550194994,4.503367653,0,0,NA,NA,NA,V
2019,6,938,irrigated,NA,11.5,10,1,NA,0,NA,90.32078879,NA,4.503367653,NA,0,0,NA,NA,NA,V
2020,6,938,irrigated,NA,NA,NA,NA,1,NA,0,NA,23.5619449,NA,3.159632906,0,0,NA,NA,NA,NA
2021,6,938,irrigated,NA,10,3,1,NA,0,NA,23.5619449,NA,3.159632906,NA,0,0,NA,NA,NA,V
2022,6,938,irrigated,NA,NA,NA,NA,1,NA,0,NA,109.9557429,NA,4.700077947,0,0,NA,NA,NA,NA
2023,6,938,irrigated,NA,14,10,1,NA,0,NA,109.9557429,NA,4.700077947,NA,0,NA,NA,NA,NA,V
2017,6,939,irrigated,NA,9.5,4,1,1,0,0,29.84513021,63.42090169,3.396021684,4.149793487,0,0,NA,NA,NA,V
2018,6,939,irrigated,NA,9.5,8.5,1,1,0,0,63.42090169,47.1238898,4.149793487,3.852780087,0,0,NA,NA,NA,V
2019,6,939,irrigated,NA,12,5,1,1,0,0,47.1238898,65.97344573,3.852780087,4.189252324,0,0,NA,NA,NA,V
2020,6,939,irrigated,NA,10.5,8,1,1,0,0,65.97344573,62.83185307,4.189252324,4.140462159,0,0,NA,NA,NA,V
2021,6,939,irrigated,NA,10,8,1,1,0,1,62.83185307,188.4955592,4.140462159,5.239074448,0,4,NA,55,NA,V
2022,6,939,irrigated,NA,16,15,1,1,1,1,188.4955592,176.7145868,5.239074448,5.174535927,4,4,55,47,13,F
2023,6,939,irrigated,NA,15,15,1,NA,1,NA,176.7145868,NA,5.174535927,NA,4,NA,47,NA,11,F
2017,5,940,drought,NA,5.5,3,1,1,0,0,12.9590697,31.41592654,2.561795906,3.447314979,0,0,NA,NA,NA,V
2018,5,940,drought,NA,8,5,1,1,0,1,31.41592654,22.38384766,3.447314979,3.108339612,0,1,NA,NA,NA,V
2019,5,940,drought,NA,9.5,3,1,1,1,0,22.38384766,NA,3.108339612,NA,1,0,NA,NA,NA,F
2020,5,940,drought,NA,NA,NA,1,1,0,0,NA,0.785398163,NA,-0.241564475,0,0,NA,NA,NA,dormant
2021,5,940,drought,NA,1,1,1,1,0,0,0.785398163,14.72621556,-0.241564475,2.689629277,0,0,NA,NA,NA,V
2022,5,940,drought,NA,7.5,2.5,1,1,0,0,14.72621556,21.59844949,2.689629277,3.072621529,0,0,NA,NA,NA,V
2023,5,940,drought,NA,11,2.5,1,NA,0,NA,21.59844949,NA,3.072621529,NA,0,NA,NA,NA,NA,V
2017,5,941,drought,NA,7,4,1,1,1,0,21.99114858,14.13716694,3.090640035,2.648807283,2,0,NA,NA,NA,F
2018,5,941,drought,NA,4.5,4,1,1,0,0,14.13716694,21.59844949,2.648807283,3.072621529,0,0,NA,NA,NA,V
2019,5,941,drought,NA,5.5,5,1,1,0,0,21.59844949,NA,3.072621529,NA,0,0,NA,NA,NA,V
2020,5,941,drought,NA,NA,NA,1,1,0,0,NA,7.853981634,NA,2.061020618,0,0,NA,NA,NA,dormant
2021,5,941,drought,NA,5,2,1,1,0,0,7.853981634,54.97787144,2.061020618,4.006930767,0,0,NA,NA,NA,V
2022,5,941,drought,NA,14,5,1,1,0,0,54.97787144,127.2345025,4.006930767,4.84603186,0,0,NA,NA,NA,V
2023,5,941,drought,NA,18,9,1,NA,0,NA,127.2345025,NA,4.84603186,NA,0,NA,NA,NA,NA,V
2017,6,942,irrigated,NA,11.5,6,1,1,0,0,54.19247327,84.82300165,3.992542029,4.440566752,0,0,NA,NA,NA,V
2018,6,942,irrigated,NA,12,9,1,1,0,0,84.82300165,76.77267047,4.440566752,4.340848724,0,0,NA,NA,NA,V
2019,6,942,irrigated,NA,11.5,8.5,1,0,0,0,76.77267047,NA,4.340848724,NA,0,0,NA,NA,NA,V
2020,6,942,irrigated,NA,NA,NA,0,0,0,0,NA,NA,NA,NA,0,0,NA,NA,NA,dead
2021,6,942,irrigated,NA,NA,NA,0,0,0,0,NA,NA,NA,NA,0,0,NA,NA,NA,dead
2022,6,942,irrigated,NA,NA,NA,0,NA,0,NA,NA,NA,NA,NA,0,NA,NA,NA,NA,dead
2017,7,943,drought,NA,10.5,8,1,1,0,1,65.97344573,70.09678608,4.189252324,4.249876945,0,5,NA,NA,NA,V
2018,7,943,drought,NA,10.5,8.5,1,0,1,0,70.09678608,NA,4.249876945,NA,5,0,NA,NA,NA,F
2019,7,943,drought,NA,NA,NA,0,0,0,NA,NA,NA,NA,NA,0,0,NA,NA,NA,dead
2020,7,943,drought,NA,NA,NA,0,0,NA,NA,NA,NA,NA,NA,0,0,NA,NA,NA,dead
2021,7,943,drought,NA,NA,NA,0,0,NA,0,NA,NA,NA,NA,0,0,NA,NA,NA,dead
2022,7,943,drought,NA,NA,NA,0,NA,0,NA,NA,NA,NA,NA,0,NA,NA,NA,NA,dead
2017,7,944,drought,NA,6,4,1,1,0,0,18.84955592,27.48893572,2.936489355,3.313783586,0,0,NA,NA,NA,V
2018,7,944,drought,NA,7,5,1,1,0,0,27.48893572,23.5619449,3.313783586,3.159632906,0,0,NA,NA,NA,V
2019,7,944,drought,NA,6,5,1,1,0,0,23.5619449,15.70796327,3.159632906,2.754167798,0,0,NA,NA,NA,V
2020,7,944,drought,NA,5,4,1,1,0,0,15.70796327,4.71238898,2.754167798,1.550194994,0,0,NA,NA,NA,V
2021,7,944,drought,NA,3,2,1,1,0,0,4.71238898,42.41150082,1.550194994,3.747419571,0,0,NA,NA,NA,V
2022,7,944,drought,NA,6,9,1,1,0,0,42.41150082,35.34291735,3.747419571,3.565098014,0,0,NA,NA,NA,V
2023,7,944,drought,NA,9,5,1,NA,0,NA,35.34291735,NA,3.565098014,NA,0,NA,NA,NA,NA,V
2017,6,945,irrigated,NA,13,7,1,0,0,0,71.47123287,NA,4.269295031,NA,0,0,NA,NA,NA,V
2018,6,945,irrigated,NA,NA,NA,0,0,0,0,NA,NA,NA,NA,0,0,NA,NA,NA,dead
2019,6,945,irrigated,NA,NA,NA,0,0,0,NA,NA,NA,NA,NA,0,0,NA,NA,NA,dead
2020,6,945,irrigated,NA,NA,NA,0,0,NA,0,NA,NA,NA,NA,0,0,NA,NA,NA,dead
2021,6,945,irrigated,NA,NA,NA,0,0,0,0,NA,NA,NA,NA,0,0,NA,NA,NA,dead
2022,6,945,irrigated,NA,NA,NA,0,NA,0,NA,NA,NA,NA,NA,0,NA,NA,NA,NA,dead
2017,6,946,irrigated,NA,9,5,1,1,1,0,35.34291735,87.9645943,3.565098014,4.476934396,1,0,NA,NA,NA,F
2018,6,946,irrigated,NA,14,8,1,1,0,1,87.9645943,98.96016859,4.476934396,4.594717432,0,5,NA,NA,NA,V
2019,6,946,irrigated,NA,14,9,1,1,1,0,98.96016859,11.78097245,4.594717432,2.466485726,5,0,NA,NA,NA,F
2020,6,946,irrigated,NA,5,3,1,1,0,0,11.78097245,15.70796327,2.466485726,2.754167798,0,0,NA,NA,NA,V
2021,6,946,irrigated,NA,8,2.5,1,1,0,0,15.70796327,56.54866776,2.754167798,4.035101644,0,0,NA,NA,NA,V
2022,6,946,irrigated,NA,8,9,1,1,0,0,56.54866776,91.89158512,4.035101644,4.52060946,0,0,NA,NA,NA,V
2023,6,946,irrigated,NA,13,9,1,NA,0,NA,91.89158512,NA,4.52060946,NA,0,NA,NA,NA,NA,V
2017,6,947,irrigated,NA,4,2,1,1,0,0,6.283185307,15.31526419,1.837877066,2.72884999,0,0,NA,NA,NA,V
2018,6,947,irrigated,NA,6.5,3,1,1,0,0,15.31526419,15.11891465,2.72884999,2.715946585,0,0,NA,NA,NA,V
2019,6,947,irrigated,NA,5.5,3.5,1,1,0,0,15.11891465,NA,2.715946585,NA,0,0,NA,NA,NA,V
2020,6,947,irrigated,NA,NA,NA,1,1,0,0,NA,109.5630438,NA,4.696500126,0,0,NA,NA,NA,dormant
2021,6,947,irrigated,NA,15.5,9,1,1,0,0,109.5630438,112.3119374,4.696500126,4.721280155,0,0,NA,NA,NA,V
2022,6,947,irrigated,NA,13,11,1,1,0,0,112.3119374,153.93804,4.721280155,5.036550184,0,0,NA,NA,NA,V
2023,6,947,irrigated,NA,14,14,1,NA,0,NA,153.93804,NA,5.036550184,NA,0,NA,NA,NA,NA,V
2017,6,948,irrigated,NA,6,4,1,NA,1,NA,18.84955592,NA,2.936489355,NA,3,0,NA,NA,NA,F
2018,6,948,irrigated,NA,NA,NA,NA,1,NA,0,NA,62.83185307,NA,4.140462159,0,0,NA,NA,NA,NA
2019,6,948,irrigated,NA,10,8,1,NA,0,NA,62.83185307,NA,4.140462159,NA,0,0,NA,NA,NA,V
2020,6,948,irrigated,NA,NA,NA,NA,1,NA,0,NA,NA,NA,NA,0,0,NA,NA,NA,NA
2021,6,948,irrigated,NA,NA,NA,1,NA,0,NA,NA,NA,NA,NA,0,0,NA,NA,NA,dormant
2022,6,948,irrigated,NA,NA,NA,NA,1,NA,1,NA,160.2212253,NA,5.076555519,0,2,NA,0,NA,NA
2023,6,948,irrigated,NA,17,12,1,NA,1,NA,160.2212253,NA,5.076555519,NA,2,NA,0,NA,0,F
2017,6,949,irrigated,NA,15,9,1,1,0,0,106.0287521,113.0973355,4.663710303,4.728248824,0,0,NA,NA,NA,V
2018,6,949,irrigated,NA,12,12,1,1,0,0,113.0973355,28.27433388,4.728248824,3.341954463,0,0,NA,NA,NA,V
2019,6,949,irrigated,NA,9,4,1,0,0,0,28.27433388,NA,3.341954463,NA,0,0,NA,NA,NA,V
2020,6,949,irrigated,NA,NA,NA,0,0,0,0,NA,NA,NA,NA,0,0,NA,NA,NA,dead
2021,6,949,irrigated,NA,NA,NA,0,0,0,0,NA,NA,NA,NA,0,0,NA,NA,NA,dead
2022,6,949,irrigated,NA,NA,NA,0,NA,0,NA,NA,NA,NA,NA,0,NA,NA,NA,NA,dead
2016,7,95,drought,NA,NA,NA,1,1,1,0,NA,131.9468915,NA,4.882399504,5,0,NA,NA,NA,F
2017,7,95,drought,NA,14,12,1,1,0,0,131.9468915,153.93804,4.882399504,5.036550184,0,0,NA,NA,NA,V
2018,7,95,drought,NA,14,14,1,1,0,0,153.93804,141.3716694,5.036550184,4.951392376,0,0,NA,NA,NA,V
2019,7,95,drought,NA,15,12,1,NA,0,NA,141.3716694,NA,4.951392376,NA,0,0,NA,NA,NA,V
2020,7,95,drought,NA,NA,NA,NA,0,NA,NA,NA,NA,NA,NA,0,0,NA,NA,NA,NA
2021,7,95,drought,NA,NA,NA,0,0,NA,NA,NA,NA,NA,NA,0,0,NA,NA,NA,dead
2022,7,95,drought,NA,NA,NA,0,0,NA,NA,NA,NA,NA,NA,0,0,NA,NA,NA,dead
2023,7,95,drought,NA,NA,NA,0,NA,NA,NA,NA,NA,NA,NA,0,NA,NA,NA,NA,dead
2017,5,951,drought,NA,11,3,1,1,1,1,25.91813939,25.91813939,3.254943086,3.254943086,5,0,NA,NA,NA,F
2018,5,951,drought,NA,11,3,1,1,1,0,25.91813939,28.27433388,3.254943086,3.341954463,0,0,NA,NA,NA,F
2019,5,951,drought,NA,12,3,1,0,0,NA,28.27433388,NA,3.341954463,NA,0,0,NA,NA,NA,V
2020,5,951,drought,NA,NA,NA,0,0,NA,NA,NA,NA,NA,NA,0,0,NA,NA,NA,dead
2021,5,951,drought,NA,NA,NA,0,0,NA,NA,NA,NA,NA,NA,0,0,NA,NA,NA,dead
2022,5,951,drought,NA,NA,NA,0,0,NA,0,NA,NA,NA,NA,0,0,NA,NA,NA,dead
2023,5,951,drought,NA,NA,NA,0,NA,0,NA,NA,NA,NA,NA,0,NA,NA,NA,NA,dead
2017,5,954,drought,NA,14,4.5,1,1,1,1,49.48008429,31.41592654,3.901570251,3.447314979,5,4,NA,NA,NA,F
2018,5,954,drought,NA,8,5,1,1,1,0,31.41592654,65.97344573,3.447314979,4.189252324,4,0,NA,NA,NA,F
2019,5,954,drought,NA,14,6,1,NA,0,NA,65.97344573,NA,4.189252324,NA,0,0,NA,NA,NA,V
2020,5,954,drought,NA,NA,NA,NA,0,NA,0,NA,NA,NA,NA,0,0,NA,NA,NA,NA
2021,5,954,drought,NA,NA,NA,0,0,0,0,NA,NA,NA,NA,0,0,NA,NA,NA,dead
2022,5,954,drought,NA,NA,NA,0,NA,0,NA,NA,NA,NA,NA,0,NA,NA,NA,NA,dead
2017,5,955,drought,NA,7,2.5,1,1,0,0,13.74446786,19.63495408,2.620636406,2.97731135,0,0,NA,NA,NA,V
2018,5,955,drought,NA,5,5,1,1,0,0,19.63495408,11.78097245,2.97731135,2.466485726,0,0,NA,NA,NA,V
2019,5,955,drought,NA,6,2.5,1,NA,0,NA,11.78097245,NA,2.466485726,NA,0,0,NA,NA,NA,V
2020,5,955,drought,NA,NA,NA,NA,NA,NA,NA,NA,NA,NA,NA,0,0,NA,NA,NA,NA
2021,5,955,drought,NA,NA,NA,NA,NA,NA,NA,NA,NA,NA,NA,0,0,NA,NA,NA,NA
2022,5,955,drought,NA,NA,NA,NA,0,NA,0,NA,NA,NA,NA,0,0,NA,NA,NA,NA
2023,5,955,drought,NA,NA,NA,0,NA,0,NA,NA,NA,NA,NA,0,NA,NA,NA,NA,U
2017,5,956,drought,NA,11,5,1,1,1,1,43.19689899,78.53981634,3.76576871,4.363605711,6,4,NA,NA,NA,F
2018,5,956,drought,NA,10,10,1,1,1,0,78.53981634,21.99114858,4.363605711,3.090640035,4,0,NA,NA,NA,F
2019,5,956,drought,NA,7,4,1,NA,0,NA,21.99114858,NA,3.090640035,NA,0,0,NA,NA,NA,V
2020,5,956,drought,NA,NA,NA,NA,1,NA,0,NA,12.56637061,NA,2.531024247,0,0,NA,NA,NA,NA
2021,5,956,drought,NA,4,4,1,0,0,0,12.56637061,NA,2.531024247,NA,0,0,NA,NA,NA,V
2022,5,956,drought,NA,NA,NA,0,0,0,0,NA,NA,NA,NA,0,0,NA,NA,NA,dead
2023,5,956,drought,NA,NA,NA,0,NA,0,NA,NA,NA,NA,NA,0,NA,NA,NA,NA,dead
2017,5,957,drought,NA,13,9,1,1,1,0,91.89158512,153.1526419,4.52060946,5.031435083,10,0,NA,NA,NA,F
2018,5,957,drought,NA,15,13,1,1,0,1,153.1526419,78.53981634,5.031435083,4.363605711,0,4,NA,NA,NA,V
2019,5,957,drought,NA,10,10,1,1,1,0,78.53981634,70.68583471,4.363605711,4.258245195,4,0,NA,NA,NA,F
2020,5,957,drought,NA,12,7.5,1,1,0,1,70.68583471,30.63052837,4.258245195,3.421997171,0,3,NA,NA,NA,V
2021,5,957,drought,1,6.5,6,1,1,1,0,30.63052837,159.0431281,3.421997171,5.069175411,3,0,NA,NA,NA,F
2022,5,957,drought,NA,15,13.5,1,1,0,0,159.0431281,78.53981634,5.069175411,4.363605711,0,0,NA,NA,NA,V
2023,5,957,drought,NA,12.5,8,1,NA,0,NA,78.53981634,NA,4.363605711,NA,0,NA,NA,NA,NA,V
2017,5,958,drought,NA,9,6.5,1,1,1,0,45.94579256,94.24777961,3.827462279,4.545927268,3,0,NA,NA,NA,F
2018,5,958,drought,NA,12,10,1,1,0,0,94.24777961,112.3119374,4.545927268,4.721280155,0,0,NA,NA,NA,V
2019,5,958,drought,NA,13,11,1,1,0,0,112.3119374,88.35729338,4.721280155,4.481388746,0,0,NA,NA,NA,V
2020,5,958,drought,NA,12.5,9,1,1,0,0,88.35729338,32.98672286,4.481388746,3.496105143,0,0,NA,NA,NA,V
2021,5,958,drought,NA,7,6,1,0,0,0,32.98672286,NA,3.496105143,NA,0,0,NA,NA,NA,V
2022,5,958,drought,NA,NA,NA,0,0,0,0,NA,NA,NA,NA,0,0,NA,NA,NA,dead
2023,5,958,drought,NA,NA,NA,0,NA,0,NA,NA,NA,NA,NA,0,NA,NA,NA,NA,dead
2017,5,959,drought,NA,10,4,1,0,1,0,31.41592654,NA,3.447314979,NA,2,0,NA,NA,NA,F
2018,5,959,drought,NA,NA,NA,0,0,0,0,NA,NA,NA,NA,0,0,NA,NA,NA,dead
2019,5,959,drought,NA,NA,NA,0,0,0,NA,NA,NA,NA,NA,0,0,NA,NA,NA,dead
2020,5,959,drought,NA,NA,NA,0,0,NA,NA,NA,NA,NA,NA,0,0,NA,NA,NA,dead
2021,5,959,drought,NA,NA,NA,0,0,NA,0,NA,NA,NA,NA,0,0,NA,NA,NA,dead
2022,5,959,drought,NA,NA,NA,0,NA,0,NA,NA,NA,NA,NA,0,NA,NA,NA,NA,dead
2017,6,960,irrigated,NA,9.5,4,1,1,0,1,29.84513021,82.46680716,3.396021684,4.412395875,0,7,NA,NA,NA,V
2018,6,960,irrigated,NA,15,7,1,1,1,0,82.46680716,56.54866776,4.412395875,4.035101644,7,0,NA,NA,NA,F
2019,6,960,irrigated,NA,12,6,1,1,0,0,56.54866776,30.23782929,4.035101644,3.409093766,0,0,NA,NA,NA,V
2020,6,960,irrigated,NA,11,3.5,1,1,0,0,30.23782929,25.13274123,3.409093766,3.224171428,0,0,NA,NA,NA,V
2021,6,960,irrigated,NA,8,4,1,1,0,0,25.13274123,58.90486225,3.224171428,4.075923638,0,0,NA,NA,NA,V
2022,6,960,irrigated,NA,15,5,1,1,0,0,58.90486225,226.1946711,4.075923638,5.421396005,0,0,NA,NA,NA,V
2023,6,960,irrigated,NA,18,16,1,NA,0,NA,226.1946711,NA,5.421396005,NA,0,NA,NA,NA,NA,V
2017,5,961,drought,NA,14,4.5,1,1,1,0,49.48008429,NA,3.901570251,NA,2,0,NA,NA,NA,F
2018,5,961,drought,NA,NA,NA,1,1,0,0,NA,3.141592654,NA,1.144729886,0,0,NA,NA,NA,dormant
2019,5,961,drought,NA,4,1,1,NA,0,NA,3.141592654,NA,1.144729886,NA,0,0,NA,NA,NA,V
2020,5,961,drought,NA,NA,NA,NA,1,NA,0,NA,5.105088062,NA,1.630237702,0,0,NA,NA,NA,NA
2021,5,961,drought,NA,6.5,1,1,1,0,0,5.105088062,21.99114858,1.630237702,3.090640035,0,0,NA,NA,NA,V
2022,5,961,drought,NA,7,4,1,1,0,0,21.99114858,102.1017612,3.090640035,4.625969975,0,0,NA,NA,NA,V
2023,5,961,drought,NA,13,10,1,NA,0,NA,102.1017612,NA,4.625969975,NA,0,NA,NA,NA,NA,V
2017,6,962,irrigated,NA,16,8,1,1,1,1,100.5309649,70.68583471,4.610465789,4.258245195,5,5,NA,NA,NA,F
2018,6,962,irrigated,NA,10,9,1,1,1,0,70.68583471,94.83682823,4.258245195,4.552157817,5,0,NA,NA,NA,F
2019,6,962,irrigated,NA,11.5,10.5,1,1,0,1,94.83682823,81.28870991,4.552157817,4.398007137,0,7,NA,NA,NA,V
2020,6,962,irrigated,NA,11.5,9,1,1,1,1,81.28870991,91.89158512,4.398007137,4.52060946,7,6,NA,185,NA,F
2021,6,962,irrigated,1,13,9,1,1,1,1,91.89158512,134.3030859,4.52060946,4.900099081,6,3,185,17,30,F
2022,6,962,irrigated,NA,19,9,1,1,1,1,134.3030859,172.7875959,4.900099081,5.152063071,3,6,17,107,5,F
2023,6,962,irrigated,NA,20,11,1,NA,1,NA,172.7875959,NA,5.152063071,NA,6,NA,107,NA,17,F
2017,6,963,irrigated,NA,12,9,1,1,1,0,84.82300165,54.97787144,4.440566752,4.006930767,6,0,NA,NA,NA,F
2018,6,963,irrigated,NA,10,7,1,1,0,0,54.97787144,112.3119374,4.006930767,4.721280155,0,0,NA,NA,NA,V
2019,6,963,irrigated,NA,13,11,1,NA,0,NA,112.3119374,NA,4.721280155,NA,0,0,NA,NA,NA,V
2020,6,963,irrigated,NA,NA,NA,NA,1,NA,0,NA,32.98672286,NA,3.496105143,0,0,NA,NA,NA,NA
2021,6,963,irrigated,NA,7,6,1,1,0,0,32.98672286,53.40707511,3.496105143,3.97794323,0,0,NA,NA,NA,V
2022,6,963,irrigated,NA,17,4,1,1,0,1,53.40707511,173.5729941,3.97794323,5.156598226,0,3,NA,15,NA,V
2023,6,963,irrigated,NA,17,13,1,NA,1,NA,173.5729941,NA,5.156598226,NA,3,NA,15,NA,5,F
2017,5,964,drought,NA,4,2,1,1,0,0,6.283185307,11.78097245,1.837877066,2.466485726,0,0,NA,NA,NA,V
2018,5,964,drought,NA,5,3,1,1,0,0,11.78097245,9.424777961,2.466485726,2.243342175,0,0,NA,NA,NA,V
2019,5,964,drought,NA,6,2,1,NA,0,NA,9.424777961,NA,2.243342175,NA,0,0,NA,NA,NA,V
2020,5,964,drought,NA,NA,NA,NA,0,NA,NA,NA,NA,NA,NA,0,0,NA,NA,NA,NA
2021,5,964,drought,NA,NA,NA,0,0,NA,0,NA,NA,NA,NA,0,0,NA,NA,NA,dead
2022,5,964,drought,NA,NA,NA,0,NA,0,NA,NA,NA,NA,NA,0,NA,NA,NA,NA,dead
2017,6,965,irrigated,NA,10.5,8,1,1,1,1,65.97344573,96.99667318,4.189252324,4.574676681,8,8,NA,NA,NA,F
2018,6,965,irrigated,NA,13,9.5,1,1,1,0,96.99667318,137.4446786,4.574676681,4.923221499,8,0,NA,NA,NA,F
2019,6,965,irrigated,NA,14,12.5,1,1,0,1,137.4446786,95.03317777,4.923221499,4.55422607,0,3,NA,NA,NA,V
2020,6,965,irrigated,NA,11,11,1,1,1,0,95.03317777,106.0287521,4.55422607,4.663710303,3,0,NA,NA,NA,F
2021,6,965,irrigated,NA,15,9,1,1,0,0,106.0287521,113.0973355,4.663710303,4.728248824,0,0,NA,NA,NA,V
2022,6,965,irrigated,NA,12,12,1,1,0,0,113.0973355,133.5176878,4.728248824,4.894233962,0,0,NA,NA,NA,V
2023,6,965,irrigated,NA,17,10,1,NA,0,NA,133.5176878,NA,4.894233962,NA,0,NA,NA,NA,NA,V
2017,5,966,drought,NA,13,5.5,1,1,1,1,56.15596868,37.30641276,4.028132974,3.619165236,3,3,NA,NA,NA,F
2018,5,966,drought,NA,9.5,5,1,1,1,0,37.30641276,26.70353756,3.619165236,3.284796049,3,0,NA,NA,NA,F
2019,5,966,drought,NA,8.5,4,1,NA,0,NA,26.70353756,NA,3.284796049,NA,0,0,NA,NA,NA,V
2020,5,966,drought,NA,NA,NA,NA,0,NA,0,NA,NA,NA,NA,0,0,NA,NA,NA,NA
2021,5,966,drought,NA,NA,NA,0,0,0,0,NA,NA,NA,NA,0,0,NA,NA,NA,dead
2022,5,966,drought,NA,NA,NA,0,NA,0,NA,NA,NA,NA,NA,0,NA,NA,NA,NA,dead
2017,5,967,drought,NA,8,4,1,1,0,1,25.13274123,29.45243113,3.224171428,3.382776458,0,3,NA,NA,NA,V
2018,5,967,drought,NA,7.5,5,1,1,1,0,29.45243113,26.50718801,3.382776458,3.277415942,3,0,NA,NA,NA,F
2019,5,967,drought,NA,7.5,4.5,1,0,0,0,26.50718801,NA,3.277415942,NA,0,0,NA,NA,NA,V
2020,5,967,drought,NA,NA,NA,0,0,0,0,NA,NA,NA,NA,0,0,NA,NA,NA,dead
2021,5,967,drought,NA,NA,NA,0,0,0,NA,NA,NA,NA,NA,0,0,NA,NA,NA,dead
2022,5,967,drought,NA,NA,NA,0,0,NA,0,NA,NA,NA,NA,0,0,NA,NA,NA,dead
2023,5,967,drought,NA,NA,NA,0,NA,0,NA,NA,NA,NA,NA,0,NA,NA,NA,NA,dead
2017,5,968,drought,NA,5,4,1,1,1,0,15.70796327,16.49336143,2.754167798,2.802957962,5,0,NA,NA,NA,F
2018,5,968,drought,NA,6,3.5,1,1,0,0,16.49336143,24.74004215,2.802957962,3.208423071,0,0,NA,NA,NA,V
2019,5,968,drought,NA,10.5,3,1,1,0,0,24.74004215,4.71238898,3.208423071,1.550194994,0,0,NA,NA,NA,V
2020,5,968,drought,NA,4,1.5,1,1,0,0,4.71238898,3.141592654,1.550194994,1.144729886,0,0,NA,NA,NA,V
2021,5,968,drought,NA,2,2,1,1,0,0,3.141592654,32.98672286,1.144729886,3.496105143,0,0,NA,NA,NA,V
2022,5,968,drought,NA,7,6,1,1,0,0,32.98672286,28.27433388,3.496105143,3.341954463,0,0,NA,NA,NA,V
2023,5,968,drought,NA,9,4,1,NA,0,NA,28.27433388,NA,3.341954463,NA,0,NA,NA,NA,NA,V
2017,6,969,irrigated,NA,12,8,1,1,1,1,75.39822369,42.41150082,4.322783716,3.747419571,3,3,NA,NA,NA,F
2018,6,969,irrigated,NA,9,6,1,1,1,0,42.41150082,78.3434668,3.747419571,4.36110258,3,0,NA,NA,NA,F
2019,6,969,irrigated,NA,10.5,9.5,1,NA,0,NA,78.3434668,NA,4.36110258,NA,0,0,NA,NA,NA,V
2020,6,969,irrigated,NA,NA,NA,NA,1,NA,1,NA,39.26990817,NA,3.67045853,0,3,NA,54,NA,NA
2021,6,969,irrigated,1,10,5,1,1,1,0,39.26990817,65.97344573,3.67045853,4.189252324,3,0,54,NA,18,F
2022,6,969,irrigated,NA,14,6,1,1,0,1,65.97344573,60.47565858,4.189252324,4.102240947,0,10,NA,124,NA,V
2023,6,969,irrigated,NA,11,7,1,NA,1,NA,60.47565858,NA,4.102240947,NA,10,NA,124,NA,12,F
2017,6,970,irrigated,NA,9,6,1,1,1,0,42.41150082,NA,3.747419571,NA,2,0,NA,NA,NA,F
2018,6,970,irrigated,NA,NA,NA,1,1,0,0,NA,25.91813939,NA,3.254943086,0,0,NA,NA,NA,dormant
2019,6,970,irrigated,NA,6,5.5,1,NA,0,NA,25.91813939,NA,3.254943086,NA,0,0,NA,NA,NA,V
2020,6,970,irrigated,NA,NA,NA,NA,1,NA,0,NA,NA,NA,NA,0,0,NA,NA,NA,NA
2021,6,970,irrigated,NA,NA,NA,1,1,0,0,NA,21.20575041,NA,3.054272391,0,0,NA,NA,NA,dormant
2022,6,970,irrigated,NA,9,3,1,1,0,1,21.20575041,226.1946711,3.054272391,5.421396005,0,7,NA,87,NA,V
2023,6,970,irrigated,NA,18,16,1,NA,1,NA,226.1946711,NA,5.421396005,NA,7,NA,87,NA,12,F
2017,5,971,drought,NA,10.5,8.5,1,1,1,0,70.09678608,56.54866776,4.249876945,4.035101644,3,0,NA,NA,NA,F
2018,5,971,drought,NA,9,8,1,0,0,0,56.54866776,NA,4.035101644,NA,0,0,NA,NA,NA,V
2019,5,971,drought,NA,NA,NA,0,0,0,NA,NA,NA,NA,NA,0,0,NA,NA,NA,dead
2020,5,971,drought,NA,NA,NA,0,0,NA,0,NA,NA,NA,NA,0,0,NA,NA,NA,dead
2021,5,971,drought,NA,NA,NA,0,0,0,0,NA,NA,NA,NA,0,0,NA,NA,NA,dead
2022,5,971,drought,NA,NA,NA,0,NA,0,NA,NA,NA,NA,NA,0,NA,NA,NA,NA,dead
2017,6,972,irrigated,NA,5,3,1,1,0,0,11.78097245,33.37942194,2.466485726,3.507939601,0,0,NA,NA,NA,V
2018,6,972,irrigated,NA,8.5,5,1,1,0,0,33.37942194,63.22455215,3.507939601,4.146692709,0,0,NA,NA,NA,V
2019,6,972,irrigated,NA,11.5,7,1,1,0,0,63.22455215,28.27433388,4.146692709,3.341954463,0,0,NA,NA,NA,V
2020,6,972,irrigated,NA,8,4.5,1,1,0,0,28.27433388,63.61725124,3.341954463,4.152884679,0,0,NA,NA,NA,V
2021,6,972,irrigated,NA,9,9,1,1,0,0,63.61725124,56.54866776,4.152884679,4.035101644,0,0,NA,NA,NA,V
2022,6,972,irrigated,NA,9,8,1,1,0,1,56.54866776,62.83185307,4.035101644,4.140462159,0,3,NA,0,NA,V
2023,6,972,irrigated,NA,10,8,1,NA,1,NA,62.83185307,NA,4.140462159,NA,3,NA,0,NA,0,F
2017,6,973,irrigated,NA,13,7,1,1,1,1,71.47123287,39.26990817,4.269295031,3.67045853,6,3,NA,NA,NA,F
2018,6,973,irrigated,NA,10,5,1,1,1,0,39.26990817,141.3716694,3.67045853,4.951392376,3,0,NA,NA,NA,F
2019,6,973,irrigated,NA,15,12,1,1,0,1,141.3716694,54.97787144,4.951392376,4.006930767,0,2,NA,NA,NA,V
2020,6,973,irrigated,NA,10,7,1,1,1,0,54.97787144,100.5309649,4.006930767,4.610465789,2,0,NA,NA,NA,F
2021,6,973,irrigated,NA,16,8,1,1,0,1,100.5309649,141.3716694,4.610465789,4.951392376,0,6,NA,136,NA,V
2022,6,973,irrigated,NA,12,15,1,1,1,1,141.3716694,188.4955592,4.951392376,5.239074448,6,5,136,35,22,F
2023,6,973,irrigated,NA,20,12,1,NA,1,NA,188.4955592,NA,5.239074448,NA,5,NA,35,NA,7,F
2017,6,974,irrigated,NA,10,7.5,1,1,1,1,58.90486225,54.97787144,4.075923638,4.006930767,1,5,NA,NA,NA,F
2018,6,974,irrigated,NA,10,7,1,0,1,0,54.97787144,NA,4.006930767,NA,5,0,NA,NA,NA,F
2019,6,974,irrigated,NA,NA,NA,0,0,0,NA,NA,NA,NA,NA,0,0,NA,NA,NA,dead
2020,6,974,irrigated,NA,NA,NA,0,0,NA,NA,NA,NA,NA,NA,0,0,NA,NA,NA,dead
2021,6,974,irrigated,NA,NA,NA,0,0,NA,NA,NA,NA,NA,NA,0,0,NA,NA,NA,dead
2022,6,974,irrigated,NA,NA,NA,0,0,NA,NA,NA,NA,NA,NA,0,0,NA,NA,NA,dead
2023,6,974,irrigated,NA,NA,NA,0,NA,NA,NA,NA,NA,NA,NA,0,NA,NA,NA,NA,dead
2017,6,975,irrigated,NA,12,11,1,1,1,0,103.6725576,63.22455215,4.641237447,4.146692709,3,0,NA,NA,NA,F
2018,6,975,irrigated,NA,11.5,7,1,1,0,0,63.22455215,164.3445657,4.146692709,5.101965234,0,0,NA,NA,NA,V
2019,6,975,irrigated,NA,15.5,13.5,1,1,0,0,164.3445657,76.96902001,5.101965234,4.343403003,0,0,NA,NA,NA,V
2020,6,975,irrigated,NA,14,7,1,0,0,NA,76.96902001,NA,4.343403003,NA,0,0,NA,NA,NA,V
2021,6,975,irrigated,NA,NA,NA,0,0,NA,NA,NA,NA,NA,NA,0,0,NA,NA,NA,dead
2022,6,975,irrigated,NA,NA,NA,0,0,NA,NA,NA,NA,NA,NA,0,0,NA,NA,NA,dead
2023,6,975,irrigated,NA,NA,NA,0,NA,NA,NA,NA,NA,NA,NA,0,NA,NA,NA,NA,dead
2017,6,976,irrigated,NA,15.5,11,1,1,1,0,133.9103869,84.82300165,4.897170821,4.440566752,4,0,NA,NA,NA,F
2018,6,976,irrigated,NA,12,9,1,1,0,1,84.82300165,74.22012644,4.440566752,4.307035359,0,1,NA,NA,NA,V
2019,6,976,irrigated,NA,10.5,9,1,NA,1,NA,74.22012644,NA,4.307035359,NA,1,0,NA,NA,NA,F
2020,6,976,irrigated,NA,NA,NA,NA,1,NA,1,NA,31.41592654,NA,3.447314979,0,3,NA,NA,NA,NA
2021,6,976,irrigated,NA,8,5,1,1,1,0,31.41592654,116.6316273,3.447314979,4.759020483,3,0,NA,NA,NA,F
2022,6,976,irrigated,NA,16.5,9,1,0,0,0,116.6316273,NA,4.759020483,NA,0,0,NA,NA,NA,V
2023,6,976,irrigated,NA,NA,NA,0,NA,0,NA,NA,NA,NA,NA,0,NA,NA,NA,NA,U
2017,5,979,drought,NA,8,6,1,1,0,0,37.69911184,4.71238898,3.629636536,1.550194994,0,0,NA,NA,NA,V
2018,5,979,drought,NA,3,2,1,1,0,0,4.71238898,11.78097245,1.550194994,2.466485726,0,0,NA,NA,NA,V
2019,5,979,drought,NA,6,2.5,1,1,0,0,11.78097245,24.74004215,2.466485726,3.208423071,0,0,NA,NA,NA,V
2020,5,979,drought,NA,7,4.5,1,1,0,0,24.74004215,21.99114858,3.208423071,3.090640035,0,0,NA,NA,NA,V
2021,5,979,drought,NA,7,4,1,1,0,0,21.99114858,62.83185307,3.090640035,4.140462159,0,0,NA,NA,NA,V
2022,5,979,drought,NA,10,8,1,1,0,0,62.83185307,94.24777961,4.140462159,4.545927268,0,0,NA,NA,NA,V
2023,5,979,drought,NA,15,8,1,NA,0,NA,94.24777961,NA,4.545927268,NA,0,NA,NA,NA,NA,V
2018,2,98,control,NA,8,4.5,1,1,1,0,28.27433388,45.94579256,3.341954463,3.827462279,3,0,NA,NA,NA,F
2019,2,98,control,NA,9,6.5,1,NA,0,NA,45.94579256,NA,3.827462279,NA,0,0,NA,NA,NA,V
2020,2,98,control,NA,NA,NA,NA,1,NA,1,NA,19.63495408,NA,2.97731135,0,2,NA,NA,NA,NA
2021,2,98,control,NA,10,2.5,1,0,1,0,19.63495408,NA,2.97731135,NA,2,0,NA,NA,NA,F
2022,2,98,control,NA,NA,NA,0,0,0,0,NA,NA,NA,NA,0,0,NA,NA,NA,dead
2023,2,98,control,NA,NA,NA,0,NA,0,NA,NA,NA,NA,NA,0,NA,NA,NA,NA,dead
2017,5,980,drought,NA,10,6.5,1,0,1,0,51.05088062,NA,3.932822795,NA,3,0,NA,NA,NA,F
2018,5,980,drought,NA,NA,NA,0,0,0,NA,NA,NA,NA,NA,0,0,NA,NA,NA,dead
2019,5,980,drought,NA,NA,NA,0,0,NA,NA,NA,NA,NA,NA,0,0,NA,NA,NA,dead
2020,5,980,drought,NA,NA,NA,0,0,NA,NA,NA,NA,NA,NA,0,0,NA,NA,NA,dead
2021,5,980,drought,NA,NA,NA,0,0,NA,0,NA,NA,NA,NA,0,0,NA,NA,NA,dead
2022,5,980,drought,NA,NA,NA,0,0,0,0,NA,NA,NA,NA,0,0,NA,NA,NA,dead
2023,5,980,drought,NA,NA,NA,0,NA,0,NA,NA,NA,NA,NA,0,NA,NA,NA,NA,dead
2017,5,981,drought,NA,8,4.5,1,1,1,1,28.27433388,28.27433388,3.341954463,3.341954463,3,3,NA,NA,NA,F
2018,5,981,drought,NA,9,4,1,1,1,0,28.27433388,31.80862562,3.341954463,3.459737499,3,0,NA,NA,NA,F
2019,5,981,drought,NA,9,4.5,1,NA,0,NA,31.80862562,NA,3.459737499,NA,0,0,NA,NA,NA,V
2020,5,981,drought,NA,NA,NA,NA,1,NA,0,NA,7.853981634,NA,2.061020618,0,0,NA,NA,NA,NA
2021,5,981,drought,NA,5,2,1,0,0,0,7.853981634,NA,2.061020618,NA,0,0,NA,NA,NA,V
2022,5,981,drought,NA,NA,NA,0,0,0,0,NA,NA,NA,NA,0,0,NA,NA,NA,dead
2023,5,981,drought,NA,NA,NA,0,NA,0,NA,NA,NA,NA,NA,0,NA,NA,NA,NA,dead
2017,5,982,drought,NA,5,2,1,0,0,0,7.853981634,NA,2.061020618,NA,0,0,NA,NA,NA,V
2018,5,982,drought,NA,NA,NA,0,0,0,0,NA,NA,NA,NA,0,0,NA,NA,NA,dead
2019,5,982,drought,NA,NA,NA,0,0,0,0,NA,NA,NA,NA,0,0,NA,NA,NA,dead
2020,5,982,drought,NA,NA,NA,0,0,0,0,NA,NA,NA,NA,0,0,NA,NA,NA,dead
2021,5,982,drought,NA,NA,NA,0,0,0,0,NA,NA,NA,NA,0,0,NA,NA,NA,dead
2022,5,982,drought,NA,NA,NA,0,NA,0,NA,NA,NA,NA,NA,0,NA,NA,NA,NA,dead
2017,5,983,drought,NA,8,7,1,1,1,0,43.98229715,NA,3.783787215,NA,3,0,NA,NA,NA,F
2018,5,983,drought,NA,NA,NA,1,1,0,0,NA,11.78097245,NA,2.466485726,0,0,NA,NA,NA,dormant
2019,5,983,drought,NA,7.5,2,1,NA,0,NA,11.78097245,NA,2.466485726,NA,0,0,NA,NA,NA,V
2020,5,983,drought,NA,NA,NA,NA,NA,NA,NA,NA,NA,NA,NA,0,0,NA,NA,NA,NA
2021,5,983,drought,NA,NA,NA,NA,0,NA,0,NA,NA,NA,NA,0,0,NA,NA,NA,NA
2022,5,983,drought,NA,NA,NA,0,0,0,0,NA,NA,NA,NA,0,0,NA,NA,NA,dead
2023,5,983,drought,NA,NA,NA,0,NA,0,NA,NA,NA,NA,NA,0,NA,NA,NA,NA,dead
2017,5,984,drought,NA,8.5,3,1,1,1,0,20.02765317,23.5619449,2.997113977,3.159632906,1,0,NA,NA,NA,F
2018,5,984,drought,NA,7.5,4,1,1,0,1,23.5619449,16.49336143,3.159632906,2.802957962,0,2,NA,NA,NA,V
2019,5,984,drought,NA,7,3,1,1,1,0,16.49336143,NA,2.802957962,NA,2,0,NA,NA,NA,F
2020,5,984,drought,NA,NA,NA,1,1,0,0,NA,3.141592654,NA,1.144729886,0,0,NA,NA,NA,dormant
2021,5,984,drought,NA,4,1,1,1,0,0,3.141592654,1.570796327,1.144729886,0.451582705,0,0,NA,NA,NA,V
2022,5,984,drought,NA,2,1,1,1,0,0,1.570796327,63.61725124,0.451582705,4.152884679,0,0,NA,NA,NA,V
2023,5,984,drought,NA,9,9,1,NA,0,NA,63.61725124,NA,4.152884679,NA,0,NA,NA,NA,NA,V
2017,5,985,drought,NA,7,7,1,1,1,0,38.48451001,16.49336143,3.650255823,2.802957962,3,0,NA,NA,NA,F
2018,5,985,drought,NA,6,3.5,1,1,0,0,16.49336143,18.84955592,2.802957962,2.936489355,0,0,NA,NA,NA,V
2019,5,985,drought,NA,8,3,1,1,0,0,18.84955592,NA,2.936489355,NA,0,0,NA,NA,NA,V
2020,5,985,drought,NA,NA,NA,1,1,0,0,NA,2.35619449,NA,0.857047813,0,0,NA,NA,NA,dormant
2021,5,985,drought,NA,3,1,1,0,0,0,2.35619449,NA,0.857047813,NA,0,0,NA,NA,NA,V
2022,5,985,drought,NA,NA,NA,0,0,0,0,NA,NA,NA,NA,0,0,NA,NA,NA,dead
2023,5,985,drought,NA,NA,NA,0,NA,0,NA,NA,NA,NA,NA,0,NA,NA,NA,NA,dead
2017,5,986,drought,NA,10,4,1,1,1,0,31.41592654,42.41150082,3.447314979,3.747419571,6,0,NA,NA,NA,F
2018,5,986,drought,NA,9,6,1,1,0,0,42.41150082,99.35286767,3.747419571,4.598677833,0,0,NA,NA,NA,V
2019,5,986,drought,NA,11.5,11,1,1,0,0,99.35286767,57.72676501,4.598677833,4.055720931,0,0,NA,NA,NA,V
2020,5,986,drought,NA,10.5,7,1,1,0,0,57.72676501,7.853981634,4.055720931,2.061020618,0,0,NA,NA,NA,V
2021,5,986,drought,NA,4,2.5,1,NA,0,NA,7.853981634,NA,2.061020618,NA,0,0,NA,NA,NA,V
2022,5,986,drought,NA,NA,NA,NA,1,NA,0,NA,47.1238898,NA,3.852780087,0,0,NA,NA,NA,NA
2023,5,986,drought,NA,12,5,1,NA,0,NA,47.1238898,NA,3.852780087,NA,0,NA,NA,NA,NA,V
2017,5,987,drought,NA,11,9,1,1,1,1,77.75441818,16.49336143,4.353555375,2.802957962,4,1,NA,NA,NA,F
2018,5,987,drought,NA,7,3,1,1,1,0,16.49336143,45.94579256,2.802957962,3.827462279,1,0,NA,NA,NA,F
2019,5,987,drought,NA,9,6.5,1,1,0,0,45.94579256,NA,3.827462279,NA,0,0,NA,NA,NA,V
2020,5,987,drought,NA,NA,NA,1,1,0,0,NA,11.78097245,NA,2.466485726,0,0,NA,NA,NA,dormant
2021,5,987,drought,NA,5,3,1,1,0,0,11.78097245,49.48008429,2.466485726,3.901570251,0,0,NA,NA,NA,V
2022,5,987,drought,NA,10.5,6,1,1,0,0,49.48008429,132.7322896,3.901570251,4.88833424,0,0,NA,NA,NA,V
2023,5,987,drought,NA,13,13,1,NA,0,NA,132.7322896,NA,4.88833424,NA,0,NA,NA,NA,NA,V
2018,5,988,drought,NA,6.5,3,1,1,0,0,15.31526419,3.534291735,2.72884999,1.262512922,0,0,NA,NA,NA,V
2019,5,988,drought,NA,3,1.5,1,0,0,0,3.534291735,NA,1.262512922,NA,0,0,NA,NA,NA,V
2020,5,988,drought,NA,NA,NA,0,0,0,0,NA,NA,NA,NA,0,0,NA,NA,NA,dead
2021,5,988,drought,NA,NA,NA,0,0,0,0,NA,NA,NA,NA,0,0,NA,NA,NA,dead
2022,5,988,drought,NA,NA,NA,0,NA,0,NA,NA,NA,NA,NA,0,NA,NA,NA,NA,dead
2017,5,989,drought,NA,9,6.5,1,1,1,0,45.94579256,16.49336143,3.827462279,2.802957962,2,0,NA,NA,NA,F
2018,5,989,drought,NA,6,3.5,1,1,0,0,16.49336143,18.84955592,2.802957962,2.936489355,0,0,NA,NA,NA,V
2019,5,989,drought,NA,6,4,1,1,0,0,18.84955592,18.84955592,2.936489355,2.936489355,0,0,NA,NA,NA,V
2020,5,989,drought,NA,6,4,1,1,0,1,18.84955592,23.5619449,2.936489355,3.159632906,0,1,NA,NA,NA,V
2021,5,989,drought,1,6,5,1,1,1,1,23.5619449,62.83185307,3.159632906,4.140462159,1,3,NA,30,NA,F
2022,5,989,drought,NA,10,8,1,1,1,1,62.83185307,37.11006322,4.140462159,3.613888179,3,5,30,14,10,F
2023,5,989,drought,NA,10.5,4.5,1,NA,1,NA,37.11006322,NA,3.613888179,NA,5,NA,14,NA,2,F
2017,12,99,irrigated,NA,4,3,1,1,0,0,9.424777961,8.639379797,2.243342175,2.156330798,0,0,NA,NA,NA,V
2018,12,99,irrigated,NA,5.5,2,1,1,0,0,8.639379797,21.99114858,2.156330798,3.090640035,0,0,NA,NA,NA,V
2019,12,99,irrigated,NA,7,4,1,1,0,0,21.99114858,13.74446786,3.090640035,2.620636406,0,0,NA,NA,NA,V
2020,12,99,irrigated,NA,5,3.5,1,1,0,0,13.74446786,15.70796327,2.620636406,2.754167798,0,0,NA,NA,NA,V
2021,12,99,irrigated,NA,5,4,1,1,0,0,15.70796327,54.97787144,2.754167798,4.006930767,0,0,NA,NA,NA,V
2022,12,99,irrigated,NA,10,7,1,1,0,0,54.97787144,70.68583471,4.006930767,4.258245195,0,0,NA,NA,NA,V
2023,12,99,irrigated,NA,10,9,1,NA,0,NA,70.68583471,NA,4.258245195,NA,0,NA,NA,NA,NA,V
2017,5,990,drought,NA,10.5,8,1,1,1,1,65.97344573,23.5619449,4.189252324,3.159632906,5,1,NA,NA,NA,F
2018,5,990,drought,NA,10,3,1,1,1,0,23.5619449,12.37002107,3.159632906,2.51527589,1,0,NA,NA,NA,F
2019,5,990,drought,NA,4.5,3.5,1,NA,0,NA,12.37002107,NA,2.51527589,NA,0,0,NA,NA,NA,V
2020,5,990,drought,NA,NA,NA,NA,1,NA,0,NA,NA,NA,NA,0,0,NA,NA,NA,NA
2021,5,990,drought,NA,NA,NA,1,NA,0,NA,NA,NA,NA,NA,0,0,NA,NA,NA,dormant
2022,5,990,drought,NA,NA,NA,NA,1,NA,1,NA,NA,NA,NA,0,0,NA,NA,NA,NA
2023,5,990,drought,NA,NA,NA,1,NA,1,NA,NA,NA,NA,NA,0,NA,NA,NA,NA,F
2017,5,991,drought,NA,7,7,1,0,1,0,38.48451001,NA,3.650255823,NA,5,0,NA,NA,NA,F
2018,5,991,drought,NA,NA,NA,0,0,0,0,NA,NA,NA,NA,0,0,NA,NA,NA,dead
2019,5,991,drought,NA,NA,NA,0,0,0,NA,NA,NA,NA,NA,0,0,NA,NA,NA,dead
2020,5,991,drought,NA,NA,NA,0,0,NA,0,NA,NA,NA,NA,0,0,NA,NA,NA,dead
2021,5,991,drought,NA,NA,NA,0,0,0,0,NA,NA,NA,NA,0,0,NA,NA,NA,dead
2022,5,991,drought,NA,NA,NA,0,NA,0,NA,NA,NA,NA,NA,0,NA,NA,NA,NA,dead
2017,5,992,drought,NA,11,10,1,0,1,0,86.39379797,NA,4.458915891,NA,4,0,NA,NA,NA,F
2018,5,992,drought,NA,NA,NA,0,0,0,0,NA,NA,NA,NA,0,0,NA,NA,NA,dead
2019,5,992,drought,NA,NA,NA,0,0,0,NA,NA,NA,NA,NA,0,0,NA,NA,NA,dead
2020,5,992,drought,NA,NA,NA,0,0,NA,0,NA,NA,NA,NA,0,0,NA,NA,NA,dead
2021,5,992,drought,NA,NA,NA,0,0,0,NA,NA,NA,NA,NA,0,0,NA,NA,NA,dead
2022,5,992,drought,NA,NA,NA,0,0,NA,NA,NA,NA,NA,NA,0,0,NA,NA,NA,dead
2023,5,992,drought,NA,NA,NA,0,NA,NA,NA,NA,NA,NA,NA,0,NA,NA,NA,NA,dead
2017,5,993,drought,NA,9.5,6,1,1,0,1,44.76769531,42.41150082,3.801486793,3.747419571,0,8,NA,NA,NA,V
2018,5,993,drought,NA,9,6,1,1,1,0,42.41150082,69.11503838,3.747419571,4.235772339,8,0,NA,NA,NA,F
2019,5,993,drought,NA,11,8,1,NA,0,NA,69.11503838,NA,4.235772339,NA,0,0,NA,NA,NA,V
2020,5,993,drought,NA,NA,NA,NA,NA,NA,NA,NA,NA,NA,NA,0,0,NA,NA,NA,NA
2021,5,993,drought,NA,NA,NA,NA,1,NA,0,NA,34.55751919,NA,3.542625159,0,0,NA,NA,NA,NA
2022,5,993,drought,NA,11,4,1,1,0,0,34.55751919,33.37942194,3.542625159,3.507939601,0,0,NA,NA,NA,V
2023,5,993,drought,NA,8.5,5,1,NA,0,NA,33.37942194,NA,3.507939601,NA,0,NA,NA,NA,NA,V
2017,5,994,drought,NA,5,3,1,0,0,0,11.78097245,NA,2.466485726,NA,0,0,NA,NA,NA,V
2018,5,994,drought,NA,NA,NA,0,0,0,0,NA,NA,NA,NA,0,0,NA,NA,NA,dead
2019,5,994,drought,NA,NA,NA,0,0,0,0,NA,NA,NA,NA,0,0,NA,NA,NA,dead
2020,5,994,drought,NA,NA,NA,0,0,0,0,NA,NA,NA,NA,0,0,NA,NA,NA,dead
2021,5,994,drought,NA,NA,NA,0,0,0,0,NA,NA,NA,NA,0,0,NA,NA,NA,dead
2022,5,994,drought,NA,NA,NA,0,NA,0,NA,NA,NA,NA,NA,0,NA,NA,NA,NA,dead
2019,3,995,control,NA,8,6,1,NA,1,NA,37.69911184,NA,3.629636536,NA,3,0,NA,NA,NA,F
2020,3,995,control,NA,NA,NA,NA,1,NA,0,NA,7.853981634,NA,2.061020618,0,0,NA,NA,NA,NA
2021,5,995,drought,NA,5,2,1,1,0,0,7.853981634,NA,2.061020618,NA,0,0,NA,NA,NA,V
2022,5,995,drought,NA,NA,NA,1,1,0,0,NA,18.65320638,NA,2.926018055,0,0,NA,NA,NA,dormant
2023,5,995,drought,NA,9.5,2.5,1,NA,0,NA,18.65320638,NA,2.926018055,NA,0,NA,NA,NA,NA,V
2017,5,996,drought,NA,6,3.5,1,1,0,0,16.49336143,16.49336143,2.802957962,2.802957962,0,0,NA,NA,NA,V
2018,5,996,drought,NA,7,3,1,1,0,0,16.49336143,18.84955592,2.802957962,2.936489355,0,0,NA,NA,NA,V
2019,5,996,drought,NA,6,4,1,NA,0,NA,18.84955592,NA,2.936489355,NA,0,0,NA,NA,NA,V
2020,5,996,drought,NA,NA,NA,NA,NA,NA,NA,NA,NA,NA,NA,0,0,NA,NA,NA,NA
2021,5,996,drought,NA,NA,NA,NA,NA,NA,NA,NA,NA,NA,NA,0,0,NA,NA,NA,NA
2022,5,996,drought,NA,NA,NA,NA,NA,NA,NA,NA,NA,NA,NA,0,0,NA,NA,NA,NA
2023,5,996,drought,NA,NA,NA,NA,NA,NA,NA,NA,NA,NA,NA,0,NA,NA,NA,NA,NA
2017,5,997,drought,NA,6,4,1,1,0,0,18.84955592,43.98229715,2.936489355,3.783787215,0,0,NA,NA,NA,V
2018,5,997,drought,NA,8,7,1,1,0,0,43.98229715,23.5619449,3.783787215,3.159632906,0,0,NA,NA,NA,V
2019,5,997,drought,NA,6,5,1,1,0,0,23.5619449,19.63495408,3.159632906,2.97731135,0,0,NA,NA,NA,V
2020,5,997,drought,NA,10,2.5,1,1,0,0,19.63495408,NA,2.97731135,NA,0,0,NA,NA,NA,V
2021,5,997,drought,NA,NA,NA,1,1,0,0,NA,25.13274123,NA,3.224171428,0,0,NA,NA,NA,dormant
2022,5,997,drought,NA,8,4,1,1,0,0,25.13274123,40.8407045,3.224171428,3.709679243,0,0,NA,NA,NA,V
2023,5,997,drought,NA,8,6.5,1,NA,0,NA,40.8407045,NA,3.709679243,NA,0,NA,NA,NA,NA,V
2017,5,998,drought,NA,10,5,1,1,0,0,39.26990817,62.83185307,3.67045853,4.140462159,0,0,NA,NA,NA,V
2018,5,998,drought,NA,10,8,1,1,0,0,62.83185307,14.13716694,4.140462159,2.648807283,0,0,NA,NA,NA,V
2019,5,998,drought,NA,6,3,1,NA,0,NA,14.13716694,NA,2.648807283,NA,0,0,NA,NA,NA,V
2020,5,998,drought,NA,NA,NA,NA,NA,NA,NA,NA,NA,NA,NA,0,0,NA,NA,NA,NA
2021,5,998,drought,NA,NA,NA,NA,1,NA,0,NA,7.853981634,NA,2.061020618,0,0,NA,NA,NA,NA
2022,5,998,drought,NA,5,2,1,1,0,0,7.853981634,9.424777961,2.061020618,2.243342175,0,0,NA,NA,NA,V
2023,5,998,drought,NA,4,3,1,NA,0,NA,9.424777961,NA,2.243342175,NA,0,NA,NA,NA,NA,V
2017,5,999,drought,NA,8,5.5,1,1,0,0,34.55751919,23.5619449,3.542625159,3.159632906,0,0,NA,NA,NA,V
2018,5,999,drought,NA,6,5,1,1,0,0,23.5619449,20.02765317,3.159632906,2.997113977,0,0,NA,NA,NA,V
2019,5,999,drought,NA,8.5,3,1,1,0,0,20.02765317,NA,2.997113977,NA,0,0,NA,NA,NA,V
2020,5,999,drought,NA,NA,NA,1,1,0,0,NA,1.570796327,NA,0.451582705,0,0,NA,NA,NA,dormant
2021,5,999,drought,NA,4,0.5,1,NA,0,NA,1.570796327,NA,0.451582705,NA,0,0,NA,NA,NA,V
2022,5,999,drought,NA,NA,NA,NA,NA,NA,NA,NA,NA,NA,NA,0,0,NA,NA,NA,NA
2023,5,999,drought,NA,NA,NA,NA,NA,NA,NA,NA,NA,NA,NA,0,NA,NA,NA,NA,NA
